{"type":"FeatureCollection", "features": [
{"type":"Feature","geometry":{"type":"MultiPolygon","coordinates":[[[[93.85,7.24],[93.83,7.24],[93.81,7.23],[93.81,7.21],[93.75,7.21],[93.73,7.19],[93.71,7.19],[93.69,7.19],[93.67,7.18],[93.68,7.14],[93.66,7.13],[93.66,7.09],[93.67,7.08],[93.67,7.04],[93.67,7.01],[93.69,7.02],[93.7,7.01],[93.71,6.99],[93.72,6.99],[93.73,6.97],[93.75,6.96],[93.75,6.94],[93.74,6.93],[93.75,6.91],[93.76,6.91],[93.78,6.88],[93.77,6.86],[93.79,6.85],[93.79,6.84],[93.8,6.81],[93.81,6.81],[93.81,6.76],[93.83,6.75],[93.85,6.78],[93.85,6.8],[93.85,6.82],[93.87,6.82],[93.89,6.8],[93.9,6.8],[93.91,6.84],[93.89,6.85],[93.89,6.87],[93.9,6.88],[93.9,6.9],[93.92,6.91],[93.91,6.92],[93.92,6.94],[93.94,6.96],[93.93,6.98],[93.91,7],[93.92,7.01],[93.94,6.99],[93.95,7.01],[93.92,7.02],[93.92,7.05],[93.9,7.08],[93.89,7.09],[93.89,7.12],[93.89,7.15],[93.88,7.17],[93.88,7.19],[93.87,7.22],[93.85,7.21],[93.84,7.23],[93.85,7.24]]],[[[93.71,7.44],[93.71,7.39],[93.66,7.38],[93.63,7.36],[93.64,7.32],[93.63,7.31],[93.63,7.29],[93.63,7.27],[93.65,7.24],[93.67,7.26],[93.68,7.28],[93.71,7.3],[93.72,7.31],[93.74,7.35],[93.75,7.36],[93.76,7.37],[93.72,7.4],[93.72,7.42],[93.71,7.44]]],[[[93.38,8.02],[93.35,8.01],[93.34,8.01],[93.32,7.99],[93.32,7.98],[93.31,7.96],[93.32,7.94],[93.35,7.93],[93.34,7.9],[93.36,7.89],[93.38,7.88],[93.4,7.9],[93.42,7.91],[93.44,7.9],[93.46,7.87],[93.47,7.9],[93.46,7.94],[93.44,7.96],[93.41,7.96],[93.4,7.97],[93.41,8.01],[93.38,8.02]]],[[[93.55,8.03],[93.54,8.02],[93.51,7.99],[93.52,7.97],[93.57,7.93],[93.58,7.93],[93.58,7.99],[93.56,8.02],[93.55,8.03]]],[[[93.58,8.13],[93.56,8.12],[93.57,8.09],[93.58,8.08],[93.57,8.07],[93.59,8.04],[93.6,8.04],[93.59,8.07],[93.59,8.11],[93.58,8.13]]],[[[93.53,8.23],[93.49,8.22],[93.49,8.2],[93.48,8.19],[93.46,8.18],[93.46,8.12],[93.48,8.08],[93.48,8.05],[93.52,8.08],[93.53,8.08],[93.52,8.05],[93.49,8.04],[93.49,8],[93.51,8],[93.51,8.03],[93.53,8.05],[93.54,8.04],[93.55,8.07],[93.55,8.09],[93.53,8.1],[93.53,8.12],[93.5,8.14],[93.51,8.17],[93.53,8.17],[93.54,8.2],[93.54,8.23],[93.53,8.23]]],[[[93.24,8.27],[93.22,8.25],[93.24,8.22],[93.25,8.23],[93.24,8.27]]],[[[93.13,8.36],[93.1,8.34],[93.09,8.31],[93.09,8.27],[93.1,8.25],[93.12,8.22],[93.17,8.2],[93.2,8.19],[93.21,8.21],[93.19,8.22],[93.15,8.24],[93.13,8.28],[93.13,8.31],[93.14,8.35],[93.13,8.36]]],[[[93.04,8.47],[93.03,8.45],[93.05,8.44],[93.06,8.46],[93.04,8.47]]],[[[93.62,8.57],[93.61,8.54],[93.62,8.52],[93.63,8.47],[93.64,8.47],[93.63,8.52],[93.62,8.53],[93.62,8.57]]],[[[92.79,9.24],[92.78,9.24],[92.77,9.21],[92.72,9.21],[92.72,9.15],[92.73,9.12],[92.77,9.13],[92.79,9.12],[92.81,9.12],[92.82,9.14],[92.83,9.16],[92.82,9.21],[92.79,9.24]]],[[[92.52,10.9],[92.49,10.89],[92.48,10.87],[92.46,10.86],[92.46,10.84],[92.43,10.82],[92.41,10.79],[92.39,10.78],[92.38,10.78],[92.38,10.74],[92.38,10.72],[92.38,10.67],[92.39,10.67],[92.41,10.65],[92.42,10.61],[92.41,10.58],[92.38,10.54],[92.4,10.53],[92.42,10.55],[92.43,10.55],[92.46,10.54],[92.48,10.52],[92.5,10.51],[92.53,10.52],[92.53,10.53],[92.57,10.58],[92.56,10.59],[92.54,10.59],[92.54,10.61],[92.55,10.64],[92.58,10.66],[92.58,10.67],[92.6,10.68],[92.6,10.71],[92.58,10.74],[92.59,10.79],[92.56,10.81],[92.56,10.86],[92.52,10.9]]],[[[92.64,11.51],[92.63,11.51],[92.62,11.49],[92.61,11.46],[92.62,11.44],[92.62,11.4],[92.59,11.4],[92.59,11.38],[92.58,11.37],[92.6,11.35],[92.64,11.35],[92.69,11.37],[92.69,11.39],[92.66,11.39],[92.66,11.41],[92.67,11.42],[92.69,11.43],[92.67,11.49],[92.65,11.5],[92.64,11.51]]],[[[92.61,11.59],[92.6,11.57],[92.62,11.57],[92.61,11.59]]],[[[92.22,11.59],[92.21,11.55],[92.22,11.53],[92.25,11.53],[92.26,11.52],[92.27,11.53],[92.27,11.56],[92.27,11.58],[92.24,11.59],[92.22,11.59]]],[[[92.54,11.6],[92.53,11.6],[92.54,11.56],[92.55,11.56],[92.56,11.58],[92.57,11.59],[92.55,11.59],[92.54,11.6]]],[[[93.02,11.84],[93.02,11.83],[93.05,11.81],[93.06,11.82],[93.07,11.84],[93.06,11.84],[93.03,11.84],[93.02,11.84]]],[[[92.75,11.97],[92.74,11.95],[92.75,11.94],[92.76,11.95],[92.75,11.97]]],[[[92.6,11.98],[92.6,11.94],[92.61,11.94],[92.6,11.98]]],[[[92.97,12.03],[92.95,12.01],[92.93,12.01],[92.93,11.98],[92.96,11.98],[92.97,11.95],[92.99,11.94],[93.02,11.9],[93.03,11.89],[93.05,11.88],[93.05,11.9],[93.04,11.95],[93.01,12],[93,12.03],[92.98,12.04],[92.97,12.03]]],[[[92.99,12.11],[92.96,12.11],[92.96,12.07],[92.99,12.04],[93,12.05],[93,12.11],[92.99,12.11]]],[[[93.03,12.16],[92.99,12.14],[92.96,12.15],[92.96,12.14],[92.96,12.12],[92.98,12.11],[93.01,12.11],[93.01,12.08],[93.03,12.07],[93.04,12.05],[93.05,12.06],[93.05,12.08],[93.04,12.1],[93.04,12.13],[93.03,12.14],[93.03,12.16]]],[[[93.07,12.21],[93.06,12.19],[93.04,12.13],[93.07,12.09],[93.08,12.09],[93.09,12.11],[93.09,12.13],[93.09,12.15],[93.09,12.2],[93.07,12.21]]],[[[92.7,12.24],[92.69,12.24],[92.65,12.18],[92.63,12.12],[92.62,12.1],[92.62,12.07],[92.63,12.06],[92.61,12.01],[92.61,11.94],[92.61,11.92],[92.61,11.87],[92.59,11.89],[92.58,11.93],[92.57,11.94],[92.54,11.92],[92.54,11.9],[92.53,11.9],[92.52,11.87],[92.51,11.85],[92.52,11.83],[92.55,11.83],[92.56,11.77],[92.55,11.72],[92.56,11.69],[92.57,11.71],[92.59,11.72],[92.6,11.69],[92.6,11.67],[92.61,11.63],[92.61,11.59],[92.63,11.57],[92.65,11.55],[92.65,11.52],[92.66,11.51],[92.68,11.51],[92.7,11.51],[92.71,11.49],[92.73,11.52],[92.72,11.53],[92.73,11.56],[92.75,11.61],[92.76,11.67],[92.74,11.68],[92.72,11.67],[92.69,11.63],[92.67,11.63],[92.67,11.65],[92.68,11.65],[92.7,11.67],[92.7,11.69],[92.72,11.71],[92.74,11.71],[92.75,11.72],[92.79,11.87],[92.78,11.89],[92.79,11.93],[92.78,11.94],[92.75,11.93],[92.73,11.9],[92.72,11.95],[92.73,11.97],[92.76,11.99],[92.74,12.03],[92.76,12.02],[92.78,12.03],[92.75,12.07],[92.74,12.09],[92.74,12.11],[92.76,12.15],[92.76,12.18],[92.74,12.18],[92.72,12.17],[92.71,12.23],[92.7,12.24]]],[[[92.73,12.24],[92.72,12.23],[92.72,12.19],[92.76,12.18],[92.77,12.2],[92.76,12.23],[92.74,12.23],[92.73,12.24]]],[[[92.9,12.26],[92.87,12.24],[92.91,12.23],[92.9,12.26]]],[[[93.08,12.26],[93.07,12.26],[93.07,12.23],[93.08,12.22],[93.09,12.24],[93.08,12.26]]],[[[92.71,12.3],[92.7,12.27],[92.71,12.25],[92.72,12.3],[92.71,12.3]]],[[[92.94,12.28],[92.93,12.28],[92.91,12.29],[92.9,12.28],[92.92,12.26],[92.94,12.28]]],[[[92.78,12.31],[92.78,12.29],[92.76,12.26],[92.75,12.27],[92.74,12.25],[92.75,12.23],[92.77,12.23],[92.77,12.2],[92.77,12.18],[92.74,12.1],[92.74,12.08],[92.76,12.06],[92.79,12.08],[92.8,12.11],[92.84,12.17],[92.85,12.16],[92.85,12.2],[92.88,12.19],[92.87,12.23],[92.86,12.25],[92.89,12.26],[92.87,12.3],[92.86,12.31],[92.83,12.3],[92.81,12.31],[92.79,12.3],[92.78,12.31]]],[[[93.84,12.32],[93.82,12.31],[93.81,12.29],[93.83,12.24],[93.84,12.24],[93.88,12.24],[93.87,12.27],[93.88,12.28],[93.86,12.29],[93.84,12.32]]],[[[92.85,12.41],[92.85,12.39],[92.87,12.38],[92.89,12.39],[92.87,12.41],[92.85,12.41]]],[[[92.96,12.41],[92.95,12.43],[92.93,12.42],[92.93,12.39],[92.92,12.37],[92.93,12.36],[92.94,12.38],[92.94,12.4],[92.96,12.41]]],[[[92.71,12.83],[92.69,12.8],[92.71,12.77],[92.71,12.83]]],[[[92.9,12.92],[92.89,12.9],[92.87,12.88],[92.84,12.88],[92.84,12.89],[92.83,12.89],[92.82,12.9],[92.8,12.9],[92.79,12.89],[92.79,12.86],[92.77,12.86],[92.74,12.83],[92.72,12.83],[92.72,12.79],[92.73,12.74],[92.74,12.72],[92.74,12.7],[92.73,12.7],[92.74,12.67],[92.73,12.65],[92.74,12.64],[92.72,12.64],[92.71,12.62],[92.7,12.61],[92.71,12.59],[92.71,12.56],[92.7,12.54],[92.69,12.51],[92.71,12.49],[92.7,12.47],[92.71,12.45],[92.7,12.42],[92.7,12.34],[92.72,12.3],[92.75,12.3],[92.77,12.32],[92.8,12.31],[92.81,12.31],[92.83,12.3],[92.86,12.31],[92.88,12.31],[92.89,12.32],[92.87,12.35],[92.84,12.4],[92.83,12.43],[92.88,12.42],[92.9,12.43],[92.92,12.41],[92.92,12.44],[92.94,12.45],[92.95,12.46],[92.93,12.48],[92.95,12.5],[92.96,12.49],[92.98,12.54],[92.96,12.58],[92.96,12.61],[92.96,12.64],[92.97,12.68],[92.96,12.7],[92.98,12.72],[92.96,12.73],[92.96,12.75],[92.94,12.77],[92.93,12.78],[92.95,12.81],[92.94,12.83],[92.93,12.88],[92.91,12.88],[92.91,12.91],[92.9,12.92]]],[[[92.7,12.99],[92.69,12.99],[92.67,12.95],[92.68,12.94],[92.67,12.92],[92.66,12.88],[92.65,12.86],[92.65,12.84],[92.67,12.79],[92.69,12.82],[92.69,12.83],[92.71,12.86],[92.72,12.89],[92.72,12.98],[92.7,12.99]]],[[[93.01,13],[92.98,12.98],[92.96,12.99],[92.96,12.96],[92.97,12.95],[92.99,12.99],[93.01,13]]],[[[92.93,13.02],[92.92,13],[92.94,13],[92.94,13.03],[92.93,13.02]]],[[[94.27,13.46],[94.26,13.46],[94.25,13.45],[94.26,13.43],[94.28,13.44],[94.27,13.46]]],[[[93.03,13.57],[93.02,13.57],[93.02,13.55],[92.99,13.57],[92.98,13.55],[92.99,13.54],[92.98,13.53],[92.96,13.54],[92.92,13.54],[92.91,13.53],[92.93,13.5],[92.9,13.5],[92.9,13.48],[92.88,13.48],[92.87,13.45],[92.88,13.43],[92.87,13.42],[92.85,13.41],[92.85,13.39],[92.84,13.37],[92.83,13.34],[92.83,13.33],[92.83,13.31],[92.84,13.3],[92.82,13.28],[92.84,13.26],[92.85,13.26],[92.85,13.24],[92.83,13.24],[92.83,13.21],[92.81,13.15],[92.84,13.15],[92.81,13.13],[92.82,13.1],[92.8,13.09],[92.8,13.05],[92.79,13.01],[92.82,13],[92.81,12.98],[92.79,12.98],[92.79,12.95],[92.8,12.94],[92.79,12.91],[92.8,12.9],[92.84,12.89],[92.84,12.88],[92.85,12.88],[92.86,12.88],[92.87,12.88],[92.87,12.9],[92.86,12.9],[92.86,12.93],[92.88,12.95],[92.88,12.96],[92.88,12.98],[92.91,12.98],[92.91,12.96],[92.93,12.96],[92.94,12.98],[92.91,13],[92.9,13.02],[92.92,13.05],[92.93,13.06],[92.94,13.04],[92.96,13.01],[92.97,13.03],[92.99,13.03],[93.01,13.03],[93.03,13.07],[93.04,13.09],[93.03,13.13],[93.04,13.14],[93.03,13.18],[93.06,13.23],[93.06,13.26],[93.05,13.26],[93.02,13.29],[93.01,13.31],[92.98,13.32],[92.96,13.33],[92.96,13.34],[92.96,13.36],[92.98,13.34],[93,13.35],[93.03,13.35],[93.04,13.32],[93.06,13.33],[93.07,13.32],[93.08,13.34],[93.06,13.36],[93.05,13.41],[93.04,13.42],[93.03,13.46],[93.04,13.51],[93.04,13.55],[93.03,13.57]]],[[[93.02,13.68],[92.98,13.67],[92.99,13.64],[93.01,13.64],[93.03,13.66],[93.02,13.68]]],[[[93.37,14.16],[93.35,14.15],[93.36,14.1],[93.35,14.07],[93.37,14.07],[93.37,14.09],[93.38,14.12],[93.37,14.16]]],[[[93.64,14.9],[93.63,14.9],[93.61,14.87],[93.64,14.88],[93.64,14.9]]]]},"properties":{"ID_0":105,"ISO":"IND","NAME_0":"India","ID_1":1,"NAME_1":"Andaman and Nicobar","NL_NAME_1":"","VARNAME_1":"Andaman & Nicobar Islands|Andaman et Nicobar|Iihas de Andama e Nicobar|Inseln Andamanen und Nikobare","TYPE_1":"Union Territor","ENGTYPE_1":"Union Territory","filename":"","filename_1":"","filename_2":"","filename_3":"","filename_4":""}},
{"type":"Feature","geometry":{"type":"MultiPolygon","coordinates":[[[[80.15,13.62],[80.13,13.6],[80.13,13.58],[80.16,13.56],[80.17,13.59],[80.15,13.62]]],[[[82.33,16.72],[82.32,16.71],[82.29,16.7],[82.26,16.69],[82.27,16.67],[82.26,16.65],[82.28,16.64],[82.3,16.61],[82.32,16.62],[82.32,16.65],[82.33,16.68],[82.34,16.7],[82.33,16.72]]],[[[82.3,16.71],[82.32,16.73],[82.34,16.74],[82.34,16.75],[82.36,16.81],[82.35,16.82],[82.36,16.85],[82.34,16.86],[82.32,16.85],[82.28,16.88],[82.27,16.88],[82.25,16.91],[82.25,16.93],[82.27,16.94],[82.27,16.96],[82.28,16.98],[82.28,16.99],[82.3,17.04],[82.33,17.07],[82.44,17.17],[82.49,17.21],[82.58,17.27],[82.7,17.34],[82.84,17.41],[82.87,17.42],[82.88,17.43],[82.93,17.44],[82.95,17.46],[82.99,17.47],[83.01,17.49],[83.01,17.5],[83.03,17.51],[83.09,17.53],[83.1,17.54],[83.17,17.56],[83.17,17.57],[83.22,17.59],[83.23,17.61],[83.24,17.63],[83.26,17.64],[83.3,17.68],[83.29,17.69],[83.32,17.71],[83.34,17.72],[83.35,17.76],[83.39,17.78],[83.39,17.79],[83.42,17.82],[83.41,17.84],[83.42,17.86],[83.44,17.87],[83.45,17.89],[83.45,17.9],[83.49,17.93],[83.53,17.95],[83.56,17.98],[83.56,18],[83.57,18.01],[83.64,18.06],[83.67,18.08],[83.75,18.13],[83.79,18.15],[83.87,18.18],[83.9,18.2],[83.95,18.22],[84,18.24],[84.07,18.28],[84.13,18.31],[84.13,18.33],[84.15,18.37],[84.2,18.42],[84.29,18.5],[84.36,18.56],[84.36,18.57],[84.38,18.61],[84.44,18.66],[84.44,18.68],[84.47,18.72],[84.5,18.75],[84.55,18.79],[84.56,18.82],[84.58,18.84],[84.58,18.86],[84.61,18.9],[84.67,18.95],[84.66,18.97],[84.68,18.97],[84.71,19],[84.76,19.07],[84.73,19.09],[84.72,19.1],[84.7,19.11],[84.69,19.12],[84.71,19.14],[84.67,19.16],[84.66,19.12],[84.61,19.12],[84.6,19.1],[84.62,19.08],[84.64,19.08],[84.66,19.07],[84.65,19.05],[84.64,19.06],[84.61,19.05],[84.6,19.02],[84.58,19.02],[84.57,19.04],[84.58,19.06],[84.56,19.06],[84.55,19.05],[84.51,19.04],[84.48,19.01],[84.47,18.98],[84.43,19],[84.43,18.98],[84.44,18.97],[84.42,18.94],[84.43,18.91],[84.41,18.89],[84.39,18.88],[84.36,18.85],[84.33,18.86],[84.34,18.81],[84.33,18.81],[84.33,18.79],[84.3,18.78],[84.28,18.79],[84.26,18.77],[84.25,18.77],[84.22,18.79],[84.18,18.77],[84.16,18.78],[84.13,18.77],[84.09,18.75],[84.07,18.75],[84.05,18.78],[84.01,18.8],[83.98,18.8],[83.93,18.81],[83.91,18.82],[83.87,18.82],[83.86,18.84],[83.84,18.85],[83.84,18.87],[83.84,18.89],[83.83,18.91],[83.81,18.93],[83.82,18.95],[83.79,19.01],[83.74,18.98],[83.75,18.94],[83.76,18.94],[83.78,18.92],[83.77,18.9],[83.75,18.92],[83.73,18.98],[83.71,18.99],[83.7,19.02],[83.68,19.04],[83.66,19.07],[83.66,19.09],[83.64,19.11],[83.62,19.14],[83.59,19.12],[83.6,19.09],[83.58,19.08],[83.58,19.05],[83.55,19.05],[83.53,19.03],[83.53,19.01],[83.5,19.01],[83.49,19.03],[83.51,19.02],[83.51,19.06],[83.49,19.05],[83.48,19.08],[83.46,19.07],[83.47,19.04],[83.48,19.03],[83.47,19],[83.45,19],[83.45,18.98],[83.46,18.96],[83.44,18.95],[83.41,18.98],[83.41,19],[83.39,19],[83.36,18.99],[83.35,19.01],[83.33,19.01],[83.33,18.99],[83.31,18.99],[83.31,18.97],[83.33,18.96],[83.36,18.95],[83.36,18.93],[83.35,18.92],[83.39,18.87],[83.41,18.86],[83.4,18.85],[83.4,18.83],[83.37,18.82],[83.36,18.81],[83.32,18.8],[83.3,18.8],[83.28,18.79],[83.27,18.76],[83.24,18.76],[83.22,18.75],[83.19,18.74],[83.17,18.76],[83.15,18.76],[83.13,18.77],[83.09,18.71],[83.08,18.71],[83.05,18.65],[83.01,18.64],[83.02,18.61],[83.01,18.59],[83.04,18.58],[83.03,18.56],[83.03,18.55],[83.05,18.53],[83.07,18.54],[83.09,18.53],[83.07,18.51],[83.05,18.48],[83.02,18.45],[83.04,18.43],[83.04,18.42],[83.07,18.39],[83.06,18.38],[83.04,18.37],[83.01,18.38],[82.99,18.37],[82.98,18.35],[82.96,18.36],[82.93,18.35],[82.93,18.36],[82.9,18.36],[82.88,18.38],[82.89,18.39],[82.88,18.41],[82.87,18.41],[82.82,18.43],[82.8,18.44],[82.78,18.42],[82.79,18.39],[82.78,18.37],[82.78,18.35],[82.77,18.33],[82.75,18.33],[82.73,18.31],[82.7,18.31],[82.7,18.3],[82.66,18.29],[82.64,18.26],[82.65,18.24],[82.63,18.23],[82.61,18.25],[82.59,18.26],[82.59,18.28],[82.59,18.32],[82.6,18.37],[82.56,18.39],[82.54,18.39],[82.54,18.41],[82.55,18.44],[82.53,18.44],[82.52,18.46],[82.53,18.47],[82.52,18.5],[82.5,18.51],[82.48,18.52],[82.47,18.54],[82.44,18.5],[82.43,18.48],[82.4,18.45],[82.38,18.42],[82.36,18.41],[82.38,18.37],[82.38,18.35],[82.36,18.34],[82.35,18.32],[82.38,18.32],[82.39,18.31],[82.38,18.28],[82.37,18.27],[82.34,18.27],[82.33,18.23],[82.33,18.22],[82.31,18.2],[82.31,18.17],[82.35,18.16],[82.37,18.14],[82.36,18.13],[82.33,18.14],[82.33,18.09],[82.34,18.08],[82.34,18.05],[82.32,18.05],[82.3,18.04],[82.29,18.06],[82.27,18.05],[82.26,18.03],[82.27,18.01],[82.27,17.99],[82.24,17.98],[82.24,17.99],[82.22,17.99],[82.2,18.01],[82.18,18.01],[82.16,18.04],[82.13,18.04],[82.13,18.05],[82.09,18.05],[82.07,18.07],[82.06,18.05],[82.05,18.05],[82.02,18.06],[82,18.04],[82,18.02],[81.94,17.98],[81.91,17.98],[81.9,17.97],[81.85,17.95],[81.83,17.95],[81.8,17.94],[81.78,17.9],[81.7,17.86],[81.69,17.88],[81.66,17.88],[81.65,17.86],[81.64,17.84],[81.61,17.82],[81.57,17.83],[81.55,17.82],[81.48,17.8],[81.47,17.82],[81.44,17.82],[81.43,17.82],[81.41,17.8],[81.38,17.81],[81.32,17.81],[81.25,17.81],[81.19,17.85],[81.16,17.85],[81.1,17.82],[81.07,17.79],[81.06,17.78],[81.03,17.79],[81.01,17.82],[81,17.84],[80.99,17.91],[80.98,17.92],[80.97,17.99],[80.96,18.03],[80.97,18.04],[80.95,18.09],[80.95,18.12],[80.97,18.14],[80.97,18.17],[80.95,18.17],[80.94,18.16],[80.9,18.13],[80.86,18.13],[80.86,18.14],[80.85,18.2],[80.87,18.21],[80.86,18.23],[80.82,18.23],[80.82,18.19],[80.8,18.17],[80.76,18.16],[80.73,18.17],[80.73,18.22],[80.78,18.24],[80.77,18.28],[80.74,18.3],[80.74,18.32],[80.72,18.36],[80.71,18.41],[80.69,18.42],[80.7,18.43],[80.68,18.45],[80.65,18.47],[80.64,18.49],[80.63,18.52],[80.61,18.53],[80.6,18.55],[80.53,18.59],[80.51,18.62],[80.49,18.63],[80.45,18.63],[80.4,18.61],[80.38,18.59],[80.37,18.6],[80.34,18.59],[80.32,18.62],[80.3,18.69],[80.27,18.72],[80.25,18.7],[80.2,18.7],[80.19,18.68],[80.17,18.68],[80.16,18.7],[80.11,18.68],[80.08,18.7],[80.05,18.72],[80.03,18.75],[80.02,18.75],[80.01,18.77],[79.93,18.78],[79.92,18.8],[79.89,18.83],[79.93,18.84],[79.94,18.86],[79.94,18.94],[79.93,18.97],[79.93,19.02],[79.93,19.04],[79.89,19.05],[79.87,19.04],[79.86,19.04],[79.86,19.06],[79.86,19.1],[79.87,19.12],[79.91,19.14],[79.94,19.18],[79.92,19.2],[79.92,19.23],[79.95,19.28],[79.96,19.3],[79.96,19.33],[79.96,19.35],[79.97,19.4],[79.95,19.44],[79.94,19.46],[79.91,19.49],[79.88,19.5],[79.83,19.54],[79.82,19.57],[79.79,19.58],[79.78,19.6],[79.74,19.6],[79.71,19.58],[79.68,19.58],[79.64,19.58],[79.62,19.57],[79.61,19.54],[79.6,19.51],[79.59,19.5],[79.57,19.51],[79.55,19.53],[79.54,19.55],[79.51,19.54],[79.51,19.52],[79.47,19.5],[79.46,19.52],[79.44,19.53],[79.41,19.53],[79.37,19.56],[79.37,19.57],[79.34,19.57],[79.31,19.57],[79.3,19.59],[79.26,19.61],[79.24,19.61],[79.25,19.58],[79.24,19.56],[79.24,19.53],[79.22,19.51],[79.21,19.48],[79.22,19.46],[79.19,19.46],[79.17,19.47],[79.14,19.5],[79.1,19.51],[79.1,19.53],[79.06,19.53],[79.05,19.55],[79.02,19.54],[78.99,19.56],[78.98,19.55],[78.95,19.55],[78.95,19.56],[78.98,19.58],[78.98,19.59],[78.96,19.62],[78.97,19.65],[78.94,19.67],[78.92,19.67],[78.89,19.66],[78.86,19.66],[78.86,19.7],[78.86,19.73],[78.85,19.76],[78.81,19.76],[78.78,19.78],[78.76,19.78],[78.74,19.78],[78.72,19.77],[78.7,19.79],[78.62,19.81],[78.6,19.82],[78.58,19.81],[78.53,19.82],[78.51,19.81],[78.5,19.79],[78.49,19.79],[78.48,19.82],[78.43,19.82],[78.4,19.84],[78.39,19.85],[78.38,19.88],[78.34,19.88],[78.32,19.89],[78.33,19.92],[78.31,19.91],[78.3,19.87],[78.29,19.85],[78.34,19.84],[78.34,19.81],[78.36,19.81],[78.37,19.78],[78.36,19.75],[78.35,19.73],[78.35,19.71],[78.32,19.7],[78.32,19.69],[78.29,19.69],[78.27,19.66],[78.29,19.65],[78.3,19.62],[78.31,19.6],[78.31,19.57],[78.3,19.56],[78.3,19.5],[78.31,19.49],[78.31,19.47],[78.3,19.45],[78.27,19.45],[78.25,19.43],[78.22,19.43],[78.19,19.4],[78.18,19.35],[78.2,19.33],[78.19,19.3],[78.18,19.28],[78.18,19.24],[78.15,19.23],[78.13,19.25],[78.1,19.25],[78.08,19.25],[78.06,19.24],[78.05,19.25],[78.05,19.27],[78.03,19.28],[78.01,19.3],[77.99,19.31],[77.98,19.32],[77.95,19.34],[77.93,19.33],[77.91,19.32],[77.86,19.3],[77.86,19.28],[77.9,19.28],[77.9,19.26],[77.88,19.26],[77.87,19.25],[77.84,19.19],[77.85,19.18],[77.85,19.16],[77.83,19.13],[77.85,19.11],[77.84,19.09],[77.83,19.08],[77.82,19.1],[77.8,19.1],[77.79,19.07],[77.8,19.05],[77.76,19.06],[77.76,19.03],[77.76,19.02],[77.77,18.98],[77.82,18.98],[77.81,18.95],[77.85,18.95],[77.84,18.91],[77.86,18.91],[77.88,18.91],[77.89,18.89],[77.9,18.87],[77.93,18.86],[77.94,18.84],[77.94,18.82],[77.91,18.83],[77.84,18.81],[77.82,18.77],[77.8,18.73],[77.8,18.72],[77.79,18.69],[77.75,18.69],[77.73,18.68],[77.73,18.64],[77.74,18.62],[77.75,18.59],[77.73,18.55],[77.71,18.55],[77.66,18.53],[77.65,18.54],[77.64,18.55],[77.6,18.55],[77.59,18.5],[77.6,18.49],[77.6,18.47],[77.58,18.48],[77.57,18.47],[77.58,18.44],[77.56,18.44],[77.53,18.44],[77.53,18.43],[77.56,18.42],[77.55,18.39],[77.52,18.36],[77.53,18.34],[77.55,18.33],[77.57,18.31],[77.55,18.29],[77.57,18.29],[77.6,18.28],[77.57,18.24],[77.58,18.22],[77.57,18.19],[77.58,18.16],[77.6,18.15],[77.59,18.13],[77.6,18.1],[77.6,18.08],[77.57,18.08],[77.55,18.05],[77.55,18.03],[77.58,18.02],[77.59,18.01],[77.61,18.02],[77.63,17.99],[77.65,17.99],[77.65,17.97],[77.64,17.95],[77.62,17.94],[77.62,17.9],[77.59,17.91],[77.59,17.88],[77.57,17.87],[77.56,17.84],[77.55,17.83],[77.53,17.83],[77.53,17.81],[77.51,17.8],[77.5,17.78],[77.52,17.78],[77.55,17.76],[77.56,17.75],[77.54,17.73],[77.53,17.73],[77.49,17.72],[77.49,17.71],[77.46,17.7],[77.45,17.66],[77.45,17.63],[77.44,17.6],[77.44,17.58],[77.46,17.58],[77.47,17.57],[77.49,17.57],[77.5,17.54],[77.53,17.57],[77.54,17.57],[77.55,17.55],[77.59,17.56],[77.59,17.53],[77.62,17.52],[77.66,17.52],[77.69,17.5],[77.68,17.47],[77.65,17.48],[77.63,17.47],[77.61,17.47],[77.61,17.44],[77.6,17.44],[77.57,17.45],[77.57,17.43],[77.53,17.44],[77.51,17.43],[77.51,17.41],[77.53,17.4],[77.52,17.39],[77.52,17.36],[77.48,17.35],[77.48,17.37],[77.45,17.37],[77.46,17.34],[77.45,17.31],[77.43,17.29],[77.45,17.28],[77.38,17.22],[77.39,17.21],[77.39,17.19],[77.37,17.19],[77.36,17.16],[77.38,17.14],[77.4,17.12],[77.46,17.1],[77.46,17.09],[77.48,17.08],[77.48,17.06],[77.49,17.03],[77.5,17.01],[77.48,16.99],[77.48,16.97],[77.46,16.95],[77.47,16.92],[77.45,16.91],[77.46,16.84],[77.46,16.82],[77.47,16.8],[77.47,16.78],[77.44,16.78],[77.44,16.76],[77.42,16.71],[77.47,16.71],[77.47,16.68],[77.42,16.66],[77.43,16.64],[77.44,16.64],[77.46,16.65],[77.47,16.64],[77.45,16.61],[77.46,16.58],[77.44,16.58],[77.42,16.57],[77.39,16.57],[77.4,16.55],[77.42,16.54],[77.42,16.52],[77.38,16.51],[77.37,16.5],[77.37,16.48],[77.32,16.48],[77.3,16.49],[77.29,16.47],[77.25,16.47],[77.26,16.43],[77.28,16.4],[77.33,16.39],[77.35,16.38],[77.37,16.38],[77.41,16.36],[77.44,16.37],[77.48,16.38],[77.52,16.37],[77.54,16.35],[77.58,16.33],[77.59,16.31],[77.58,16.29],[77.56,16.3],[77.54,16.29],[77.52,16.27],[77.5,16.27],[77.49,16.25],[77.5,16.21],[77.49,16.19],[77.48,16.16],[77.49,16.15],[77.49,16.12],[77.5,16.1],[77.49,16.08],[77.5,16.07],[77.49,16.03],[77.5,16.01],[77.51,16],[77.51,15.97],[77.51,15.96],[77.51,15.92],[77.47,15.93],[77.43,15.94],[77.41,15.94],[77.38,15.93],[77.35,15.94],[77.28,15.95],[77.25,15.96],[77.24,15.95],[77.18,15.95],[77.14,15.94],[77.13,15.93],[77.1,15.92],[77.08,15.91],[77.03,15.85],[77.03,15.83],[77.06,15.82],[77.06,15.78],[77.05,15.75],[77.05,15.73],[77.08,15.72],[77.08,15.71],[77.08,15.69],[77.1,15.68],[77.12,15.66],[77.12,15.63],[77.08,15.65],[77.07,15.64],[77.03,15.63],[77.03,15.6],[77.02,15.58],[77.03,15.53],[77.03,15.5],[77,15.5],[76.97,15.51],[76.97,15.49],[77,15.47],[77.01,15.45],[77.03,15.44],[77.03,15.4],[77.04,15.38],[77.04,15.36],[77.06,15.34],[77.07,15.32],[77.11,15.33],[77.12,15.29],[77.15,15.29],[77.15,15.27],[77.17,15.25],[77.14,15.25],[77.12,15.22],[77.14,15.22],[77.16,15.19],[77.16,15.17],[77.16,15.15],[77.14,15.15],[77.14,15.14],[77.15,15.13],[77.15,15.11],[77.13,15.09],[77.13,15.07],[77.11,15.03],[77.08,15.02],[77.08,15],[77.04,15.01],[77.05,15.03],[77,15.03],[76.97,15.01],[76.95,15.02],[76.91,15.03],[76.88,15.03],[76.86,15.06],[76.84,15.07],[76.82,15.07],[76.8,15.09],[76.77,15.07],[76.77,15.05],[76.78,15.02],[76.76,14.98],[76.76,14.97],[76.8,14.96],[76.82,14.96],[76.83,14.95],[76.84,14.96],[76.86,14.96],[76.87,14.94],[76.86,14.89],[76.85,14.89],[76.85,14.86],[76.85,14.84],[76.84,14.83],[76.83,14.78],[76.78,14.78],[76.8,14.73],[76.78,14.69],[76.77,14.67],[76.76,14.6],[76.78,14.58],[76.79,14.55],[76.8,14.53],[76.84,14.51],[76.86,14.47],[76.88,14.47],[76.91,14.48],[76.97,14.48],[76.96,14.45],[76.94,14.45],[76.94,14.4],[76.91,14.41],[76.9,14.39],[76.88,14.39],[76.88,14.35],[76.9,14.32],[76.94,14.31],[76.94,14.28],[76.92,14.27],[76.94,14.24],[76.95,14.23],[76.98,14.24],[77,14.23],[77.03,14.24],[77.05,14.24],[77.08,14.21],[77.1,14.21],[77.11,14.22],[77.12,14.26],[77.11,14.26],[77.11,14.29],[77.13,14.3],[77.13,14.33],[77.15,14.34],[77.2,14.31],[77.25,14.31],[77.26,14.33],[77.28,14.33],[77.28,14.28],[77.36,14.27],[77.36,14.23],[77.38,14.22],[77.38,14.19],[77.41,14.2],[77.4,14.26],[77.39,14.26],[77.38,14.3],[77.38,14.32],[77.39,14.33],[77.43,14.32],[77.44,14.31],[77.44,14.28],[77.45,14.27],[77.48,14.28],[77.5,14.26],[77.49,14.23],[77.51,14.17],[77.5,14.15],[77.46,14.16],[77.39,14.17],[77.38,14.13],[77.35,14.12],[77.35,14.11],[77.39,14.12],[77.4,14.1],[77.38,14.09],[77.37,14.07],[77.35,14.05],[77.34,14.05],[77.33,14.02],[77.36,14.02],[77.38,14.01],[77.37,13.98],[77.39,13.97],[77.42,13.98],[77.43,13.97],[77.43,13.94],[77.41,13.94],[77.41,13.91],[77.43,13.91],[77.42,13.89],[77.4,13.88],[77.39,13.9],[77.35,13.9],[77.34,13.91],[77.36,13.94],[77.34,13.95],[77.35,13.98],[77.33,13.99],[77.31,14.02],[77.3,14.03],[77.28,14.01],[77.27,14.03],[77.24,14.01],[77.22,14.01],[77.19,14],[77.17,14.01],[77.15,13.99],[77.13,14],[77.12,14.04],[77.09,14.04],[77.07,14.05],[77.02,14.05],[77.02,14.08],[77.01,14.09],[77.02,14.11],[77.01,14.13],[77.02,14.17],[76.96,14.18],[76.94,14.19],[76.94,14.17],[76.92,14.16],[76.89,14.16],[76.88,14.13],[76.91,14.12],[76.92,14.13],[76.94,14.11],[76.95,14.09],[76.97,14.08],[76.97,14.05],[76.94,14.05],[76.93,14.02],[76.95,14.01],[76.98,14],[76.99,13.98],[76.99,13.96],[77.01,13.95],[77.04,13.93],[77.04,13.9],[77.02,13.89],[77.01,13.85],[76.97,13.81],[76.98,13.8],[76.98,13.79],[76.99,13.74],[77.01,13.73],[77.02,13.77],[77.04,13.77],[77.06,13.74],[77.08,13.74],[77.08,13.75],[77.1,13.76],[77.12,13.75],[77.14,13.76],[77.17,13.75],[77.17,13.77],[77.15,13.8],[77.16,13.82],[77.15,13.83],[77.13,13.84],[77.14,13.86],[77.16,13.87],[77.16,13.9],[77.18,13.92],[77.18,13.9],[77.18,13.86],[77.19,13.86],[77.23,13.9],[77.24,13.89],[77.24,13.86],[77.25,13.84],[77.29,13.85],[77.31,13.86],[77.32,13.83],[77.35,13.84],[77.37,13.83],[77.4,13.83],[77.42,13.83],[77.41,13.8],[77.43,13.79],[77.44,13.8],[77.45,13.79],[77.46,13.74],[77.46,13.71],[77.44,13.7],[77.45,13.68],[77.48,13.68],[77.49,13.69],[77.48,13.7],[77.5,13.7],[77.51,13.69],[77.52,13.69],[77.53,13.71],[77.52,13.74],[77.54,13.74],[77.55,13.72],[77.58,13.73],[77.6,13.74],[77.62,13.73],[77.61,13.76],[77.65,13.78],[77.67,13.78],[77.67,13.75],[77.7,13.76],[77.71,13.74],[77.71,13.79],[77.73,13.8],[77.77,13.81],[77.78,13.82],[77.77,13.83],[77.8,13.84],[77.83,13.86],[77.82,13.89],[77.81,13.89],[77.81,13.92],[77.81,13.93],[77.86,13.93],[77.89,13.93],[77.89,13.91],[77.91,13.9],[77.95,13.93],[77.96,13.95],[77.98,13.95],[77.97,13.92],[77.98,13.89],[77.95,13.88],[77.94,13.87],[77.95,13.82],[77.97,13.82],[77.99,13.86],[78.04,13.85],[78.04,13.89],[78.07,13.87],[78.07,13.85],[78.11,13.85],[78.12,13.82],[78.11,13.8],[78.12,13.78],[78.11,13.76],[78.08,13.73],[78.11,13.71],[78.11,13.68],[78.09,13.68],[78.06,13.69],[78.07,13.66],[78.08,13.65],[78.08,13.64],[78.11,13.65],[78.15,13.65],[78.16,13.65],[78.16,13.62],[78.19,13.62],[78.19,13.59],[78.18,13.58],[78.19,13.56],[78.21,13.58],[78.23,13.59],[78.25,13.57],[78.31,13.58],[78.34,13.58],[78.38,13.58],[78.4,13.57],[78.39,13.53],[78.37,13.5],[78.36,13.45],[78.37,13.39],[78.36,13.36],[78.4,13.33],[78.39,13.3],[78.42,13.32],[78.43,13.32],[78.44,13.3],[78.47,13.31],[78.47,13.29],[78.5,13.28],[78.52,13.26],[78.53,13.28],[78.57,13.27],[78.58,13.26],[78.56,13.23],[78.56,13.21],[78.57,13.2],[78.55,13.19],[78.57,13.16],[78.54,13.15],[78.54,13.13],[78.51,13.12],[78.52,13.1],[78.51,13.08],[78.5,13.07],[78.5,13.05],[78.47,13.04],[78.45,13.03],[78.45,13.01],[78.46,12.98],[78.46,12.96],[78.42,12.97],[78.42,12.92],[78.46,12.89],[78.46,12.87],[78.44,12.88],[78.44,12.9],[78.42,12.89],[78.4,12.89],[78.39,12.91],[78.38,12.9],[78.35,12.93],[78.33,12.89],[78.32,12.89],[78.3,12.87],[78.3,12.85],[78.28,12.85],[78.26,12.86],[78.24,12.85],[78.24,12.81],[78.23,12.76],[78.22,12.75],[78.23,12.72],[78.22,12.7],[78.19,12.7],[78.2,12.68],[78.23,12.67],[78.23,12.69],[78.26,12.69],[78.29,12.65],[78.31,12.65],[78.37,12.61],[78.46,12.62],[78.46,12.66],[78.47,12.66],[78.49,12.67],[78.49,12.73],[78.52,12.7],[78.52,12.68],[78.55,12.7],[78.55,12.73],[78.56,12.75],[78.58,12.77],[78.59,12.8],[78.6,12.81],[78.59,12.84],[78.6,12.86],[78.61,12.87],[78.62,12.91],[78.65,12.92],[78.62,12.97],[78.62,12.98],[78.64,13],[78.65,13.02],[78.69,13],[78.7,13.06],[78.74,13.05],[78.78,13.05],[78.8,13.08],[78.83,13.07],[78.88,13.07],[78.88,13.02],[78.91,13.07],[78.95,13.06],[78.98,13.08],[79,13.06],[79.05,13.04],[79.07,13.01],[79.08,13.01],[79.1,13.02],[79.12,13.02],[79.15,13.01],[79.17,13.02],[79.18,13.04],[79.17,13.05],[79.19,13.09],[79.21,13.1],[79.23,13.13],[79.27,13.14],[79.27,13.12],[79.3,13.11],[79.35,13.13],[79.35,13.16],[79.36,13.16],[79.37,13.18],[79.38,13.18],[79.42,13.18],[79.42,13.21],[79.45,13.22],[79.44,13.23],[79.41,13.21],[79.41,13.24],[79.42,13.27],[79.42,13.29],[79.41,13.29],[79.37,13.3],[79.42,13.32],[79.45,13.32],[79.5,13.31],[79.54,13.31],[79.54,13.28],[79.57,13.25],[79.59,13.25],[79.6,13.27],[79.62,13.26],[79.63,13.27],[79.67,13.28],[79.68,13.26],[79.67,13.24],[79.7,13.22],[79.7,13.2],[79.72,13.21],[79.73,13.21],[79.74,13.19],[79.78,13.23],[79.75,13.24],[79.72,13.27],[79.75,13.28],[79.75,13.3],[79.78,13.28],[79.8,13.3],[79.85,13.3],[79.9,13.33],[79.93,13.34],[79.95,13.37],[79.94,13.38],[79.93,13.4],[79.96,13.42],[79.96,13.45],[80,13.46],[80.01,13.49],[80.04,13.48],[80.04,13.5],[80.02,13.5],[79.99,13.53],[80.01,13.53],[80.02,13.53],[80.05,13.52],[80.07,13.54],[80.09,13.53],[80.1,13.51],[80.12,13.5],[80.15,13.48],[80.19,13.48],[80.22,13.48],[80.25,13.47],[80.26,13.45],[80.27,13.41],[80.28,13.41],[80.28,13.39],[80.32,13.37],[80.31,13.43],[80.29,13.43],[80.27,13.44],[80.26,13.47],[80.23,13.48],[80.18,13.49],[80.16,13.49],[80.14,13.51],[80.11,13.52],[80.09,13.55],[80.07,13.56],[80.05,13.58],[80.07,13.61],[80.07,13.63],[80.09,13.65],[80.1,13.65],[80.13,13.61],[80.14,13.61],[80.15,13.66],[80.14,13.69],[80.15,13.7],[80.19,13.67],[80.19,13.65],[80.21,13.63],[80.23,13.61],[80.26,13.56],[80.27,13.52],[80.28,13.5],[80.29,13.45],[80.32,13.44],[80.3,13.47],[80.28,13.53],[80.24,13.63],[80.23,13.67],[80.24,13.71],[80.25,13.78],[80.24,13.82],[80.24,13.83],[80.22,13.88],[80.2,13.91],[80.17,13.98],[80.16,14],[80.15,14.03],[80.13,14.1],[80.13,14.15],[80.13,14.21],[80.14,14.27],[80.15,14.3],[80.17,14.36],[80.18,14.51],[80.18,14.54],[80.2,14.59],[80.19,14.6],[80.17,14.61],[80.17,14.62],[80.14,14.71],[80.11,14.74],[80.1,14.77],[80.09,14.82],[80.08,14.89],[80.07,14.93],[80.05,15.03],[80.05,15.09],[80.07,15.16],[80.08,15.19],[80.09,15.22],[80.08,15.26],[80.1,15.31],[80.11,15.35],[80.13,15.38],[80.2,15.47],[80.22,15.52],[80.23,15.54],[80.23,15.55],[80.24,15.6],[80.27,15.67],[80.31,15.72],[80.34,15.75],[80.38,15.78],[80.45,15.81],[80.51,15.84],[80.57,15.86],[80.64,15.88],[80.69,15.88],[80.71,15.88],[80.79,15.86],[80.81,15.83],[80.81,15.82],[80.79,15.82],[80.81,15.76],[80.81,15.73],[80.82,15.71],[80.84,15.71],[80.9,15.72],[80.93,15.72],[80.94,15.72],[81,15.75],[81.01,15.76],[81.01,15.78],[80.99,15.8],[81,15.83],[81.02,15.86],[81.05,15.88],[81.09,15.93],[81.13,15.96],[81.15,15.97],[81.14,16],[81.14,16.02],[81.19,16.1],[81.2,16.15],[81.21,16.18],[81.22,16.21],[81.24,16.25],[81.28,16.29],[81.32,16.31],[81.39,16.34],[81.47,16.35],[81.51,16.35],[81.54,16.36],[81.56,16.35],[81.65,16.33],[81.69,16.33],[81.72,16.31],[81.77,16.33],[81.82,16.36],[81.86,16.38],[81.95,16.4],[81.98,16.41],[82.07,16.46],[82.22,16.54],[82.28,16.56],[82.3,16.59],[82.28,16.64],[82.25,16.65],[82.26,16.67],[82.26,16.69],[82.25,16.69],[82.22,16.71],[82.19,16.71],[82.18,16.72],[82.2,16.74],[82.22,16.72],[82.28,16.72],[82.3,16.71]]]]},"properties":{"ID_0":105,"ISO":"IND","NAME_0":"India","ID_1":2,"NAME_1":"Andhra Pradesh","NL_NAME_1":"","VARNAME_1":"","TYPE_1":"State","ENGTYPE_1":"State","filename":"","filename_1":"","filename_2":"","filename_3":"","filename_4":""}},
{"type":"Feature","geometry":{"type":"Polygon","coordinates":[[[95.24,26.69],[95.26,26.69],[95.27,26.66],[95.3,26.66],[95.35,26.68],[95.37,26.68],[95.41,26.7],[95.42,26.7],[95.47,26.75],[95.48,26.75],[95.5,26.78],[95.51,26.81],[95.55,26.84],[95.56,26.84],[95.57,26.83],[95.61,26.82],[95.63,26.85],[95.64,26.88],[95.65,26.88],[95.67,26.91],[95.7,26.89],[95.73,26.89],[95.75,26.91],[95.75,26.93],[95.76,26.94],[95.76,26.96],[95.78,26.99],[95.82,27.02],[95.84,27.02],[95.86,27.02],[95.88,27.02],[95.96,27.07],[95.98,27.11],[96.02,27.15],[96.04,27.2],[96.09,27.22],[96.1,27.23],[96.11,27.23],[96.16,27.25],[96.18,27.25],[96.2,27.27],[96.22,27.27],[96.23,27.28],[96.28,27.28],[96.29,27.29],[96.31,27.3],[96.35,27.29],[96.36,27.3],[96.39,27.29],[96.43,27.31],[96.47,27.31],[96.5,27.31],[96.53,27.3],[96.56,27.33],[96.6,27.34],[96.6,27.36],[96.62,27.37],[96.65,27.37],[96.67,27.37],[96.69,27.37],[96.71,27.38],[96.74,27.36],[96.77,27.36],[96.8,27.35],[96.82,27.33],[96.84,27.31],[96.85,27.31],[96.86,27.28],[96.87,27.27],[96.89,27.27],[96.89,27.24],[96.86,27.22],[96.87,27.2],[96.92,27.18],[96.96,27.17],[96.98,27.17],[97,27.15],[97.03,27.14],[97.06,27.11],[97.08,27.11],[97.11,27.12],[97.13,27.1],[97.15,27.1],[97.16,27.13],[97.17,27.14],[97.17,27.16],[97.15,27.18],[97.13,27.19],[97.12,27.21],[97.1,27.22],[97.09,27.25],[97.08,27.25],[97.04,27.29],[97.04,27.31],[97,27.33],[97,27.36],[96.99,27.36],[96.97,27.39],[96.98,27.4],[96.97,27.42],[96.94,27.43],[96.93,27.45],[96.91,27.46],[96.91,27.49],[96.93,27.52],[96.94,27.53],[96.92,27.56],[96.91,27.59],[96.9,27.59],[96.9,27.62],[96.92,27.63],[96.93,27.66],[96.96,27.67],[96.98,27.67],[96.98,27.69],[97,27.71],[97.02,27.74],[97.04,27.75],[97.07,27.76],[97.1,27.75],[97.1,27.78],[97.1,27.79],[97.12,27.8],[97.14,27.82],[97.16,27.82],[97.2,27.86],[97.24,27.89],[97.26,27.91],[97.31,27.93],[97.32,27.91],[97.32,27.89],[97.34,27.89],[97.36,27.89],[97.39,27.9],[97.38,27.92],[97.39,27.93],[97.38,27.94],[97.38,27.99],[97.39,28.01],[97.41,28.02],[97.4,28.03],[97.38,28.04],[97.37,28.07],[97.33,28.07],[97.31,28.07],[97.31,28.09],[97.34,28.12],[97.32,28.15],[97.33,28.16],[97.37,28.2],[97.39,28.19],[97.4,28.2],[97.37,28.23],[97.33,28.25],[97.31,28.25],[97.31,28.26],[97.28,28.28],[97.24,28.28],[97.22,28.3],[97.19,28.29],[97.17,28.3],[97.16,28.33],[97.13,28.36],[97.09,28.37],[97.05,28.36],[97.02,28.33],[97,28.32],[96.97,28.32],[96.95,28.34],[96.93,28.35],[96.92,28.36],[96.9,28.39],[96.86,28.38],[96.85,28.37],[96.83,28.37],[96.77,28.37],[96.76,28.42],[96.73,28.43],[96.72,28.43],[96.68,28.45],[96.66,28.47],[96.6,28.47],[96.56,28.45],[96.55,28.44],[96.51,28.42],[96.48,28.42],[96.46,28.42],[96.43,28.39],[96.42,28.35],[96.4,28.34],[96.39,28.36],[96.38,28.36],[96.37,28.39],[96.32,28.39],[96.3,28.4],[96.27,28.41],[96.27,28.42],[96.34,28.46],[96.37,28.48],[96.37,28.5],[96.36,28.51],[96.32,28.53],[96.35,28.56],[96.4,28.56],[96.41,28.59],[96.42,28.59],[96.44,28.61],[96.47,28.62],[96.5,28.64],[96.47,28.68],[96.49,28.69],[96.53,28.71],[96.56,28.71],[96.59,28.72],[96.62,28.76],[96.61,28.8],[96.58,28.82],[96.54,28.88],[96.54,28.92],[96.52,28.95],[96.52,28.97],[96.49,28.97],[96.48,28.99],[96.49,29.01],[96.53,29.08],[96.48,29.06],[96.46,29.05],[96.44,29.04],[96.35,29.03],[96.32,29.01],[96.29,29],[96.26,28.96],[96.25,28.94],[96.23,28.93],[96.17,28.91],[96.16,28.92],[96.15,28.94],[96.16,28.96],[96.18,28.97],[96.18,28.99],[96.17,29.02],[96.15,29.05],[96.12,29.08],[96.17,29.09],[96.2,29.11],[96.22,29.14],[96.25,29.15],[96.26,29.16],[96.31,29.17],[96.35,29.17],[96.36,29.18],[96.37,29.22],[96.39,29.23],[96.39,29.26],[96.37,29.28],[96.36,29.29],[96.35,29.27],[96.31,29.26],[96.29,29.24],[96.25,29.23],[96.23,29.24],[96.21,29.27],[96.2,29.29],[96.18,29.31],[96.19,29.34],[96.15,29.4],[96.11,29.43],[96.09,29.46],[96.08,29.46],[96.06,29.46],[96.01,29.42],[95.99,29.41],[95.96,29.38],[95.88,29.39],[95.84,29.35],[95.83,29.36],[95.79,29.34],[95.78,29.36],[95.75,29.33],[95.74,29.32],[95.73,29.3],[95.7,29.3],[95.67,29.27],[95.63,29.25],[95.6,29.26],[95.59,29.24],[95.59,29.22],[95.55,29.22],[95.54,29.21],[95.55,29.18],[95.55,29.13],[95.5,29.14],[95.49,29.12],[95.49,29.09],[95.45,29.04],[95.42,29.04],[95.41,29.03],[95.35,29.05],[95.3,29.06],[95.27,29.06],[95.25,29.07],[95.25,29.11],[95.18,29.11],[95.12,29.12],[95.1,29.14],[95.04,29.15],[95,29.17],[95.01,29.13],[94.97,29.16],[94.92,29.16],[94.87,29.18],[94.85,29.18],[94.8,29.16],[94.79,29.18],[94.8,29.21],[94.79,29.23],[94.77,29.25],[94.71,29.3],[94.68,29.33],[94.64,29.35],[94.63,29.35],[94.62,29.31],[94.61,29.3],[94.57,29.28],[94.57,29.25],[94.56,29.23],[94.53,29.22],[94.49,29.22],[94.43,29.23],[94.41,29.21],[94.37,29.19],[94.36,29.16],[94.35,29.15],[94.29,29.15],[94.26,29.12],[94.21,29.08],[94.18,29.04],[94.17,29.01],[94.17,28.99],[94.16,28.97],[94.16,28.95],[94.14,28.94],[94.08,28.91],[94.04,28.87],[94.03,28.85],[93.99,28.84],[94,28.82],[93.99,28.8],[94,28.78],[93.97,28.75],[93.97,28.72],[93.96,28.7],[93.93,28.68],[93.92,28.67],[93.9,28.68],[93.87,28.7],[93.84,28.71],[93.78,28.67],[93.73,28.69],[93.69,28.68],[93.64,28.66],[93.61,28.66],[93.52,28.66],[93.52,28.67],[93.5,28.68],[93.48,28.67],[93.47,28.65],[93.45,28.68],[93.41,28.65],[93.33,28.63],[93.33,28.61],[93.3,28.6],[93.31,28.57],[93.29,28.54],[93.28,28.5],[93.23,28.48],[93.21,28.45],[93.18,28.44],[93.19,28.43],[93.23,28.41],[93.23,28.4],[93.22,28.36],[93.22,28.34],[93.19,28.32],[93.15,28.32],[93.12,28.33],[93.1,28.31],[93.07,28.31],[93.02,28.3],[93.03,28.26],[93,28.23],[92.99,28.25],[92.96,28.26],[92.91,28.24],[92.9,28.2],[92.82,28.17],[92.82,28.2],[92.8,28.2],[92.78,28.18],[92.74,28.15],[92.7,28.14],[92.68,28.12],[92.66,28.06],[92.7,28.05],[92.74,27.99],[92.7,27.93],[92.67,27.9],[92.61,27.88],[92.59,27.86],[92.56,27.82],[92.54,27.82],[92.52,27.84],[92.49,27.84],[92.45,27.8],[92.44,27.8],[92.41,27.82],[92.38,27.82],[92.38,27.8],[92.31,27.78],[92.28,27.81],[92.27,27.85],[92.26,27.86],[92.2,27.86],[92.16,27.84],[92.12,27.81],[92.08,27.78],[92.06,27.76],[92.04,27.76],[91.98,27.77],[91.96,27.75],[91.95,27.73],[91.92,27.72],[91.91,27.73],[91.88,27.72],[91.86,27.74],[91.85,27.78],[91.83,27.78],[91.83,27.81],[91.8,27.81],[91.77,27.8],[91.75,27.8],[91.71,27.81],[91.69,27.82],[91.67,27.86],[91.61,27.85],[91.59,27.86],[91.57,27.86],[91.55,27.85],[91.57,27.82],[91.6,27.82],[91.63,27.8],[91.63,27.77],[91.64,27.76],[91.63,27.75],[91.62,27.71],[91.59,27.68],[91.59,27.67],[91.57,27.65],[91.56,27.63],[91.58,27.6],[91.56,27.58],[91.59,27.54],[91.61,27.54],[91.62,27.51],[91.64,27.5],[91.65,27.48],[91.69,27.5],[91.71,27.49],[91.71,27.47],[91.76,27.47],[91.77,27.46],[91.81,27.47],[91.83,27.47],[91.85,27.48],[91.9,27.47],[91.92,27.47],[91.94,27.46],[92.02,27.48],[92.02,27.46],[92.02,27.44],[92.04,27.44],[92.04,27.41],[92.05,27.4],[92.05,27.38],[92.05,27.36],[92.06,27.35],[92.06,27.33],[92.08,27.31],[92.12,27.29],[92.12,27.28],[92.1,27.27],[92.07,27.28],[92.04,27.26],[92.07,27.24],[92.07,27.22],[92.06,27.19],[92.03,27.17],[92.02,27.15],[92.04,27.14],[92.02,27.11],[92.03,27.08],[92.04,27.05],[92.06,27.05],[92.08,27.04],[92.08,27.02],[92.1,27.01],[92.1,26.98],[92.11,26.98],[92.12,26.93],[92.11,26.89],[92.12,26.89],[92.19,26.89],[92.25,26.91],[92.28,26.9],[92.3,26.91],[92.3,26.92],[92.35,26.94],[92.4,26.93],[92.41,26.94],[92.43,26.94],[92.45,26.96],[92.51,26.97],[92.55,26.96],[92.59,26.96],[92.65,26.99],[92.64,27.01],[92.66,27.04],[92.71,27.03],[92.77,27.03],[92.84,27.01],[92.87,27.01],[92.92,26.98],[92.92,26.96],[93,26.93],[93.02,26.92],[93.07,26.92],[93.09,26.92],[93.11,26.93],[93.18,26.94],[93.22,26.95],[93.27,26.96],[93.35,26.96],[93.45,26.95],[93.47,26.94],[93.49,26.94],[93.53,26.95],[93.58,26.95],[93.62,26.96],[93.68,26.97],[93.72,27.02],[93.77,27.04],[93.81,27.07],[93.84,27.08],[93.83,27.1],[93.83,27.12],[93.81,27.13],[93.81,27.15],[93.83,27.17],[93.84,27.17],[93.87,27.2],[93.9,27.24],[93.94,27.27],[93.96,27.29],[94,27.33],[94.06,27.36],[94.09,27.4],[94.16,27.47],[94.16,27.48],[94.2,27.5],[94.26,27.52],[94.26,27.56],[94.23,27.58],[94.22,27.6],[94.21,27.6],[94.24,27.63],[94.26,27.64],[94.25,27.61],[94.29,27.59],[94.3,27.6],[94.31,27.59],[94.37,27.58],[94.39,27.59],[94.4,27.59],[94.42,27.6],[94.45,27.57],[94.5,27.58],[94.53,27.6],[94.57,27.61],[94.59,27.62],[94.64,27.63],[94.65,27.64],[94.7,27.67],[94.72,27.67],[94.74,27.66],[94.77,27.68],[94.79,27.69],[94.8,27.7],[94.82,27.7],[94.85,27.71],[94.86,27.74],[94.88,27.74],[94.93,27.76],[94.99,27.77],[95.04,27.78],[95.05,27.79],[95.24,27.85],[95.32,27.87],[95.38,27.84],[95.52,27.88],[95.54,27.91],[95.57,27.92],[95.57,27.94],[95.59,27.94],[95.61,27.96],[95.83,27.98],[95.98,27.97],[95.95,27.94],[95.96,27.93],[95.92,27.89],[95.88,27.84],[95.85,27.83],[95.82,27.81],[95.8,27.78],[95.78,27.76],[95.79,27.74],[95.76,27.73],[95.77,27.72],[95.77,27.7],[95.79,27.69],[95.78,27.68],[95.78,27.66],[95.8,27.65],[95.79,27.63],[95.8,27.61],[95.82,27.6],[95.82,27.58],[95.86,27.55],[95.88,27.55],[95.88,27.5],[95.88,27.47],[95.86,27.46],[95.85,27.43],[95.86,27.43],[95.88,27.44],[95.9,27.41],[95.91,27.44],[95.93,27.45],[95.97,27.44],[96,27.4],[96.01,27.38],[96,27.36],[95.99,27.35],[95.97,27.34],[95.96,27.32],[95.91,27.29],[95.9,27.26],[95.87,27.27],[95.86,27.29],[95.81,27.28],[95.78,27.28],[95.73,27.27],[95.73,27.26],[95.68,27.26],[95.64,27.24],[95.59,27.23],[95.57,27.25],[95.53,27.27],[95.49,27.25],[95.46,27.21],[95.47,27.19],[95.47,27.15],[95.46,27.14],[95.42,27.13],[95.41,27.12],[95.37,27.11],[95.31,27.08],[95.28,27.06],[95.28,27.05],[95.25,27.03],[95.24,27.04],[95.21,27.03],[95.2,27.04],[95.2,27.01],[95.2,26.99],[95.22,26.97],[95.21,26.96],[95.22,26.93],[95.23,26.92],[95.23,26.89],[95.21,26.89],[95.18,26.86],[95.2,26.84],[95.22,26.8],[95.24,26.78],[95.22,26.76],[95.22,26.74],[95.24,26.71],[95.24,26.69]]]},"properties":{"ID_0":105,"ISO":"IND","NAME_0":"India","ID_1":3,"NAME_1":"Arunachal Pradesh","NL_NAME_1":"","VARNAME_1":"Agence de la Frontire du Nord-Est(French-obsolete)|North East Frontier Agency","TYPE_1":"State","ENGTYPE_1":"State","filename":"","filename_1":"","filename_2":"","filename_3":"","filename_4":""}},
{"type":"Feature","geometry":{"type":"MultiPolygon","coordinates":[[[[89.87,25.54],[89.86,25.52],[89.86,25.48],[89.88,25.49],[89.87,25.52],[89.87,25.54]]],[[[95.2,27.04],[95.21,27.03],[95.24,27.04],[95.25,27.03],[95.28,27.05],[95.28,27.06],[95.31,27.08],[95.37,27.11],[95.41,27.12],[95.42,27.13],[95.46,27.14],[95.47,27.15],[95.47,27.19],[95.46,27.21],[95.49,27.25],[95.53,27.27],[95.57,27.25],[95.59,27.23],[95.64,27.24],[95.68,27.26],[95.73,27.26],[95.73,27.27],[95.78,27.28],[95.81,27.28],[95.86,27.29],[95.87,27.27],[95.9,27.26],[95.91,27.29],[95.96,27.32],[95.97,27.34],[95.99,27.35],[96,27.36],[96.01,27.38],[96,27.4],[95.97,27.44],[95.93,27.45],[95.91,27.44],[95.9,27.41],[95.88,27.44],[95.86,27.43],[95.85,27.43],[95.86,27.46],[95.88,27.47],[95.88,27.5],[95.88,27.55],[95.86,27.55],[95.82,27.58],[95.82,27.6],[95.8,27.61],[95.79,27.63],[95.8,27.65],[95.78,27.66],[95.78,27.68],[95.79,27.69],[95.77,27.7],[95.77,27.72],[95.76,27.73],[95.79,27.74],[95.78,27.76],[95.8,27.78],[95.82,27.81],[95.85,27.83],[95.88,27.84],[95.92,27.89],[95.96,27.93],[95.95,27.94],[95.98,27.97],[95.83,27.98],[95.61,27.96],[95.59,27.94],[95.57,27.94],[95.57,27.92],[95.54,27.91],[95.52,27.88],[95.38,27.84],[95.32,27.87],[95.24,27.85],[95.05,27.79],[95.04,27.78],[94.99,27.77],[94.93,27.76],[94.88,27.74],[94.86,27.74],[94.85,27.71],[94.82,27.7],[94.8,27.7],[94.79,27.69],[94.77,27.68],[94.74,27.66],[94.72,27.67],[94.7,27.67],[94.65,27.64],[94.64,27.63],[94.59,27.62],[94.57,27.61],[94.53,27.6],[94.5,27.58],[94.45,27.57],[94.42,27.6],[94.4,27.59],[94.39,27.59],[94.37,27.58],[94.31,27.59],[94.3,27.6],[94.29,27.59],[94.25,27.61],[94.26,27.64],[94.24,27.63],[94.21,27.6],[94.22,27.6],[94.23,27.58],[94.26,27.56],[94.26,27.52],[94.2,27.5],[94.16,27.48],[94.16,27.47],[94.09,27.4],[94.06,27.36],[94,27.33],[93.96,27.29],[93.94,27.27],[93.9,27.24],[93.87,27.2],[93.84,27.17],[93.83,27.17],[93.81,27.15],[93.81,27.13],[93.83,27.12],[93.83,27.1],[93.84,27.08],[93.81,27.07],[93.77,27.04],[93.72,27.02],[93.68,26.97],[93.62,26.96],[93.58,26.95],[93.53,26.95],[93.49,26.94],[93.47,26.94],[93.45,26.95],[93.35,26.96],[93.27,26.96],[93.22,26.95],[93.18,26.94],[93.11,26.93],[93.09,26.92],[93.07,26.92],[93.02,26.92],[93,26.93],[92.92,26.96],[92.92,26.98],[92.87,27.01],[92.84,27.01],[92.77,27.03],[92.71,27.03],[92.66,27.04],[92.64,27.01],[92.65,26.99],[92.59,26.96],[92.55,26.96],[92.51,26.97],[92.45,26.96],[92.43,26.94],[92.41,26.94],[92.4,26.93],[92.35,26.94],[92.3,26.92],[92.3,26.91],[92.28,26.9],[92.25,26.91],[92.19,26.89],[92.12,26.89],[92.11,26.89],[92.1,26.87],[92.06,26.85],[92.02,26.85],[91.99,26.86],[91.95,26.89],[91.9,26.92],[91.85,26.91],[91.83,26.88],[91.8,26.85],[91.73,26.81],[91.7,26.81],[91.68,26.8],[91.62,26.82],[91.59,26.8],[91.49,26.79],[91.48,26.79],[91.41,26.84],[91.4,26.84],[91.38,26.8],[91.34,26.78],[91.3,26.79],[91.26,26.81],[91.24,26.81],[91.18,26.81],[91.13,26.81],[91.09,26.82],[91.05,26.78],[91,26.79],[90.9,26.78],[90.87,26.78],[90.8,26.77],[90.74,26.78],[90.73,26.77],[90.7,26.77],[90.68,26.78],[90.65,26.77],[90.63,26.79],[90.6,26.8],[90.56,26.8],[90.45,26.87],[90.42,26.9],[90.41,26.9],[90.36,26.9],[90.35,26.88],[90.31,26.85],[90.29,26.85],[90.26,26.86],[90.23,26.86],[90.19,26.83],[90.18,26.8],[90.19,26.77],[90.13,26.75],[90.06,26.73],[90,26.73],[89.96,26.72],[89.89,26.72],[89.86,26.74],[89.86,26.7],[89.87,26.68],[89.87,26.66],[89.87,26.64],[89.86,26.63],[89.86,26.62],[89.88,26.61],[89.88,26.58],[89.86,26.57],[89.86,26.53],[89.85,26.52],[89.85,26.49],[89.87,26.46],[89.87,26.45],[89.86,26.43],[89.84,26.41],[89.86,26.38],[89.83,26.37],[89.78,26.35],[89.78,26.33],[89.74,26.3],[89.72,26.29],[89.74,26.27],[89.72,26.26],[89.71,26.23],[89.72,26.19],[89.7,26.18],[89.72,26.17],[89.72,26.15],[89.75,26.16],[89.77,26.12],[89.76,26.11],[89.79,26.1],[89.79,26.09],[89.8,26.06],[89.79,26.06],[89.79,26.04],[89.81,26.04],[89.83,26.01],[89.85,26.01],[89.85,25.99],[89.87,25.97],[89.84,25.96],[89.83,25.94],[89.89,25.94],[89.88,25.92],[89.85,25.89],[89.83,25.85],[89.83,25.84],[89.81,25.82],[89.83,25.81],[89.84,25.76],[89.83,25.74],[89.84,25.71],[89.85,25.71],[89.85,25.68],[89.87,25.66],[89.89,25.63],[89.89,25.61],[89.87,25.54],[89.89,25.56],[89.93,25.56],[89.97,25.57],[89.98,25.59],[90,25.58],[90.02,25.61],[90,25.62],[89.98,25.63],[89.98,25.64],[89.95,25.66],[89.94,25.69],[89.89,25.73],[89.9,25.74],[89.92,25.74],[89.96,25.77],[89.95,25.81],[89.94,25.82],[89.97,25.83],[90.01,25.85],[90.02,25.87],[90,25.88],[90.02,25.89],[90.04,25.89],[90.06,25.92],[90.09,25.93],[90.11,25.96],[90.19,25.96],[90.21,25.95],[90.29,25.96],[90.32,25.97],[90.33,25.99],[90.36,26.01],[90.4,26.01],[90.43,25.99],[90.46,26],[90.48,26.02],[90.51,26],[90.53,25.96],[90.53,25.93],[90.52,25.91],[90.53,25.9],[90.55,25.93],[90.57,25.94],[90.58,25.96],[90.6,25.95],[90.63,25.94],[90.63,25.92],[90.68,25.94],[90.69,25.95],[90.71,25.95],[90.74,25.94],[90.74,25.92],[90.78,25.91],[90.8,25.94],[90.82,25.95],[90.87,25.94],[90.88,25.95],[90.92,25.91],[90.92,25.94],[90.96,25.93],[90.97,25.89],[90.98,25.89],[91.01,25.88],[91.03,25.87],[91.01,25.86],[91,25.83],[91.02,25.82],[91.05,25.85],[91.07,25.85],[91.07,25.83],[91.12,25.83],[91.15,25.85],[91.18,25.84],[91.19,25.86],[91.2,25.84],[91.18,25.78],[91.19,25.76],[91.19,25.74],[91.22,25.72],[91.26,25.75],[91.28,25.75],[91.31,25.8],[91.33,25.83],[91.35,25.84],[91.41,25.85],[91.44,25.84],[91.47,25.86],[91.48,25.89],[91.5,25.9],[91.5,25.92],[91.52,25.94],[91.52,25.96],[91.54,25.96],[91.55,25.97],[91.57,26],[91.57,26.03],[91.6,26.02],[91.62,26.03],[91.63,26.02],[91.62,25.99],[91.64,25.96],[91.63,25.94],[91.61,25.94],[91.65,25.91],[91.67,25.91],[91.72,25.95],[91.72,26.03],[91.73,26.06],[91.76,26.07],[91.78,26.09],[91.79,26.09],[91.82,26.12],[91.88,26.1],[91.87,26.06],[91.88,26.03],[91.91,26.03],[91.93,26],[91.93,26.01],[91.98,26.03],[91.99,26.04],[92.04,26.04],[92.05,26.03],[92.09,26.05],[92.13,26.05],[92.15,26.06],[92.18,26.08],[92.19,26.07],[92.21,26.07],[92.24,26.06],[92.27,26.07],[92.3,26.08],[92.26,26.03],[92.2,25.99],[92.19,25.99],[92.17,25.96],[92.16,25.94],[92.16,25.92],[92.18,25.91],[92.22,25.91],[92.23,25.9],[92.18,25.87],[92.18,25.85],[92.15,25.81],[92.15,25.78],[92.16,25.74],[92.16,25.71],[92.17,25.67],[92.21,25.7],[92.22,25.71],[92.24,25.71],[92.27,25.71],[92.31,25.72],[92.34,25.73],[92.37,25.75],[92.42,25.74],[92.44,25.72],[92.43,25.71],[92.43,25.69],[92.47,25.68],[92.48,25.66],[92.5,25.63],[92.56,25.61],[92.56,25.57],[92.59,25.55],[92.61,25.57],[92.63,25.57],[92.64,25.59],[92.66,25.59],[92.64,25.54],[92.62,25.52],[92.58,25.5],[92.57,25.48],[92.57,25.46],[92.6,25.47],[92.61,25.45],[92.61,25.42],[92.65,25.43],[92.66,25.41],[92.67,25.42],[92.7,25.39],[92.72,25.37],[92.74,25.37],[92.76,25.34],[92.78,25.33],[92.78,25.31],[92.79,25.29],[92.77,25.27],[92.76,25.25],[92.77,25.23],[92.8,25.22],[92.78,25.2],[92.75,25.21],[92.68,25.18],[92.66,25.17],[92.66,25.15],[92.64,25.15],[92.62,25.12],[92.58,25.13],[92.55,25.13],[92.52,25.14],[92.53,25.11],[92.48,25.11],[92.48,25.09],[92.47,25.06],[92.45,25.04],[92.43,25.03],[92.42,25],[92.44,24.97],[92.46,24.98],[92.47,24.96],[92.46,24.95],[92.49,24.94],[92.5,24.91],[92.49,24.87],[92.47,24.87],[92.45,24.88],[92.45,24.86],[92.42,24.86],[92.4,24.86],[92.37,24.88],[92.35,24.88],[92.31,24.91],[92.25,24.91],[92.25,24.88],[92.24,24.87],[92.24,24.85],[92.25,24.83],[92.28,24.83],[92.28,24.81],[92.29,24.78],[92.29,24.76],[92.29,24.74],[92.3,24.74],[92.26,24.69],[92.25,24.65],[92.25,24.63],[92.24,24.6],[92.23,24.56],[92.23,24.5],[92.24,24.49],[92.23,24.48],[92.23,24.46],[92.26,24.44],[92.26,24.42],[92.27,24.39],[92.26,24.36],[92.21,24.25],[92.3,24.25],[92.38,24.25],[92.42,24.25],[92.42,24.19],[92.43,24.18],[92.44,24.15],[92.46,24.14],[92.49,24.16],[92.53,24.17],[92.55,24.22],[92.55,24.25],[92.56,24.25],[92.59,24.24],[92.61,24.25],[92.62,24.29],[92.62,24.31],[92.63,24.33],[92.65,24.33],[92.66,24.34],[92.69,24.36],[92.71,24.41],[92.73,24.45],[92.77,24.52],[92.8,24.42],[92.85,24.38],[92.86,24.4],[92.88,24.4],[92.91,24.39],[92.91,24.41],[92.94,24.4],[92.96,24.4],[92.98,24.41],[93,24.4],[93.04,24.41],[93.03,24.43],[93.04,24.46],[93.05,24.48],[93.04,24.5],[93.05,24.52],[93.05,24.54],[93.1,24.58],[93.08,24.6],[93.09,24.61],[93.08,24.65],[93.1,24.67],[93.09,24.71],[93.11,24.8],[93.13,24.81],[93.16,24.79],[93.17,24.8],[93.19,24.81],[93.2,24.85],[93.23,24.88],[93.23,24.9],[93.25,24.92],[93.24,24.94],[93.26,24.95],[93.26,24.97],[93.25,25],[93.25,25.02],[93.27,25.05],[93.3,25.05],[93.32,25.09],[93.34,25.1],[93.35,25.14],[93.35,25.16],[93.35,25.18],[93.39,25.23],[93.39,25.24],[93.4,25.26],[93.44,25.29],[93.46,25.29],[93.47,25.31],[93.46,25.33],[93.45,25.34],[93.48,25.38],[93.46,25.41],[93.46,25.44],[93.43,25.45],[93.42,25.45],[93.39,25.47],[93.39,25.49],[93.37,25.5],[93.36,25.53],[93.33,25.55],[93.35,25.56],[93.37,25.57],[93.39,25.59],[93.41,25.6],[93.42,25.62],[93.47,25.64],[93.48,25.65],[93.52,25.68],[93.54,25.7],[93.54,25.73],[93.58,25.76],[93.62,25.78],[93.63,25.8],[93.65,25.82],[93.68,25.83],[93.68,25.84],[93.71,25.85],[93.69,25.89],[93.69,25.91],[93.75,25.94],[93.77,25.96],[93.79,25.96],[93.8,25.91],[93.78,25.85],[93.8,25.81],[93.82,25.83],[93.82,25.85],[93.85,25.86],[93.88,25.85],[93.89,25.86],[93.92,25.89],[93.96,25.91],[93.98,25.93],[93.97,25.96],[93.96,25.97],[93.96,26],[93.95,26.01],[93.97,26.04],[93.99,26.07],[93.99,26.08],[94.01,26.15],[94,26.16],[94.01,26.19],[94.04,26.2],[94.04,26.23],[94.05,26.26],[94.07,26.26],[94.09,26.29],[94.1,26.31],[94.11,26.33],[94.14,26.34],[94.16,26.34],[94.16,26.36],[94.18,26.39],[94.18,26.43],[94.19,26.46],[94.2,26.47],[94.21,26.49],[94.24,26.51],[94.26,26.54],[94.28,26.56],[94.29,26.53],[94.29,26.51],[94.29,26.48],[94.32,26.46],[94.32,26.48],[94.35,26.5],[94.35,26.51],[94.38,26.51],[94.4,26.53],[94.41,26.58],[94.41,26.6],[94.41,26.62],[94.45,26.64],[94.47,26.67],[94.5,26.67],[94.52,26.69],[94.52,26.7],[94.55,26.71],[94.59,26.7],[94.59,26.73],[94.61,26.74],[94.62,26.72],[94.65,26.72],[94.69,26.73],[94.73,26.76],[94.75,26.78],[94.76,26.77],[94.77,26.79],[94.8,26.81],[94.81,26.82],[94.82,26.85],[94.85,26.88],[94.87,26.92],[94.89,26.93],[94.91,26.94],[94.93,26.94],[94.96,26.94],[94.99,26.92],[95.02,26.93],[95.04,26.94],[95.09,26.95],[95.11,26.97],[95.12,26.98],[95.15,27.01],[95.2,27.04]]]]},"properties":{"ID_0":105,"ISO":"IND","NAME_0":"India","ID_1":4,"NAME_1":"Assam","NL_NAME_1":"","VARNAME_1":"","TYPE_1":"State","ENGTYPE_1":"State","filename":"","filename_1":"","filename_2":"","filename_3":"","filename_4":""}},
{"type":"Feature","geometry":{"type":"Polygon","coordinates":[[[88.11,26.54],[88.1,26.52],[88.11,26.47],[88.1,26.44],[88.08,26.42],[88.04,26.39],[88.03,26.38],[88.03,26.36],[88.01,26.36],[88,26.37],[87.99,26.39],[87.97,26.4],[87.93,26.42],[87.93,26.45],[87.91,26.46],[87.9,26.48],[87.86,26.46],[87.86,26.45],[87.85,26.44],[87.79,26.47],[87.78,26.45],[87.78,26.42],[87.76,26.41],[87.74,26.41],[87.71,26.43],[87.68,26.44],[87.68,26.42],[87.65,26.41],[87.65,26.39],[87.61,26.39],[87.59,26.39],[87.56,26.41],[87.55,26.42],[87.52,26.43],[87.47,26.44],[87.43,26.42],[87.39,26.42],[87.37,26.41],[87.36,26.39],[87.36,26.36],[87.34,26.35],[87.32,26.37],[87.27,26.37],[87.27,26.41],[87.25,26.41],[87.19,26.41],[87.17,26.4],[87.14,26.41],[87.09,26.45],[87.08,26.52],[87.08,26.54],[87.07,26.59],[87.05,26.59],[87.04,26.57],[87.02,26.53],[86.98,26.52],[86.96,26.52],[86.94,26.52],[86.93,26.49],[86.9,26.49],[86.9,26.47],[86.88,26.45],[86.86,26.46],[86.84,26.44],[86.77,26.46],[86.76,26.45],[86.75,26.43],[86.73,26.43],[86.7,26.44],[86.7,26.45],[86.63,26.47],[86.63,26.48],[86.57,26.5],[86.54,26.54],[86.5,26.54],[86.46,26.57],[86.4,26.58],[86.4,26.59],[86.34,26.61],[86.35,26.62],[86.31,26.62],[86.3,26.61],[86.26,26.62],[86.23,26.59],[86.2,26.59],[86.19,26.61],[86.17,26.62],[86.16,26.61],[86.14,26.63],[86.12,26.63],[86.08,26.65],[86.07,26.66],[86.03,26.67],[86,26.65],[85.98,26.66],[85.96,26.65],[85.96,26.63],[85.93,26.61],[85.89,26.59],[85.86,26.57],[85.85,26.61],[85.83,26.61],[85.82,26.6],[85.8,26.62],[85.77,26.63],[85.75,26.64],[85.73,26.67],[85.73,26.7],[85.74,26.8],[85.72,26.82],[85.68,26.84],[85.64,26.85],[85.63,26.87],[85.61,26.86],[85.57,26.84],[85.55,26.84],[85.52,26.81],[85.5,26.81],[85.5,26.8],[85.45,26.78],[85.43,26.79],[85.41,26.79],[85.38,26.76],[85.36,26.76],[85.34,26.74],[85.32,26.75],[85.26,26.76],[85.23,26.76],[85.22,26.76],[85.2,26.77],[85.2,26.78],[85.18,26.81],[85.2,26.84],[85.19,26.87],[85.14,26.87],[85.11,26.87],[85.09,26.86],[85.05,26.85],[85.03,26.86],[85.05,26.89],[85.01,26.89],[85,26.91],[84.97,26.92],[84.98,26.94],[84.96,26.96],[84.93,26.97],[84.91,26.97],[84.86,26.99],[84.86,27.01],[84.82,27.02],[84.8,27],[84.77,27.02],[84.76,27],[84.7,27.03],[84.64,27.05],[84.65,27.08],[84.67,27.09],[84.68,27.1],[84.68,27.12],[84.69,27.14],[84.68,27.17],[84.68,27.2],[84.69,27.22],[84.65,27.31],[84.62,27.34],[84.61,27.34],[84.57,27.35],[84.49,27.36],[84.47,27.35],[84.44,27.37],[84.39,27.37],[84.29,27.39],[84.28,27.4],[84.27,27.43],[84.26,27.45],[84.23,27.46],[84.21,27.44],[84.21,27.47],[84.17,27.48],[84.15,27.49],[84.15,27.52],[84.13,27.51],[84.11,27.52],[84.1,27.49],[84.07,27.48],[84.05,27.44],[84.03,27.44],[83.99,27.44],[83.95,27.44],[83.93,27.45],[83.87,27.43],[83.88,27.39],[83.91,27.39],[83.91,27.38],[83.89,27.36],[83.86,27.35],[83.85,27.34],[83.83,27.33],[83.85,27.31],[83.89,27.33],[83.91,27.33],[83.92,27.32],[83.92,27.29],[83.9,27.28],[83.9,27.25],[83.95,27.24],[83.96,27.22],[83.98,27.2],[83.99,27.18],[83.97,27.17],[83.94,27.12],[83.94,27.09],[83.95,27.09],[84.01,27.1],[84.02,27.1],[83.99,27.06],[84.02,27.04],[84.04,27.04],[84.04,27.02],[84.05,26.99],[84.04,26.95],[84.05,26.93],[84.05,26.89],[84.08,26.88],[84.09,26.88],[84.1,26.89],[84.13,26.89],[84.13,26.86],[84.15,26.84],[84.17,26.83],[84.18,26.85],[84.21,26.87],[84.23,26.87],[84.25,26.84],[84.24,26.82],[84.25,26.81],[84.24,26.77],[84.22,26.76],[84.24,26.73],[84.28,26.75],[84.3,26.75],[84.32,26.72],[84.33,26.68],[84.4,26.67],[84.4,26.64],[84.41,26.63],[84.33,26.62],[84.3,26.62],[84.27,26.6],[84.2,26.62],[84.17,26.62],[84.15,26.64],[84.11,26.64],[84.08,26.64],[84.08,26.61],[84.05,26.56],[84.05,26.54],[84,26.53],[83.97,26.53],[83.97,26.51],[83.93,26.52],[83.9,26.52],[83.91,26.51],[83.9,26.45],[83.95,26.44],[83.98,26.43],[83.99,26.45],[84.02,26.44],[84.02,26.43],[84.04,26.41],[84.05,26.4],[84.06,26.39],[84.12,26.39],[84.17,26.37],[84.17,26.34],[84.18,26.32],[84.17,26.3],[84.17,26.27],[84.16,26.26],[84.11,26.26],[84.11,26.24],[84.09,26.24],[84.07,26.22],[84.03,26.23],[84,26.19],[84,26.18],[84.03,26.16],[84.02,26.15],[84.04,26.13],[84.05,26.1],[84.09,26.1],[84.12,26.07],[84.14,26.05],[84.17,26.03],[84.17,26],[84.19,25.99],[84.2,26],[84.24,25.98],[84.29,25.95],[84.31,25.95],[84.35,25.96],[84.39,25.94],[84.41,25.93],[84.43,25.89],[84.49,25.89],[84.51,25.87],[84.53,25.88],[84.53,25.83],[84.55,25.84],[84.59,25.82],[84.62,25.79],[84.6,25.76],[84.63,25.74],[84.61,25.73],[84.6,25.74],[84.56,25.74],[84.56,25.7],[84.55,25.68],[84.53,25.69],[84.52,25.68],[84.49,25.69],[84.47,25.69],[84.45,25.71],[84.42,25.71],[84.42,25.7],[84.4,25.7],[84.39,25.73],[84.35,25.74],[84.33,25.74],[84.32,25.67],[84.29,25.66],[84.22,25.66],[84.2,25.67],[84.19,25.7],[84.17,25.72],[84.15,25.73],[84.11,25.72],[84.08,25.71],[84.07,25.7],[84.08,25.65],[84.08,25.64],[84.01,25.62],[83.94,25.57],[83.92,25.56],[83.89,25.53],[83.87,25.52],[83.87,25.5],[83.85,25.47],[83.83,25.46],[83.84,25.44],[83.8,25.43],[83.8,25.41],[83.78,25.4],[83.75,25.4],[83.71,25.4],[83.69,25.37],[83.66,25.36],[83.62,25.33],[83.61,25.33],[83.57,25.32],[83.54,25.31],[83.51,25.29],[83.48,25.28],[83.46,25.25],[83.44,25.26],[83.41,25.25],[83.39,25.21],[83.36,25.2],[83.35,25.2],[83.34,25.16],[83.35,25.15],[83.35,25.11],[83.34,25.11],[83.32,25.05],[83.32,25.04],[83.32,25.02],[83.34,25.01],[83.34,24.96],[83.36,24.96],[83.36,24.91],[83.35,24.9],[83.37,24.86],[83.39,24.83],[83.4,24.81],[83.39,24.78],[83.41,24.78],[83.43,24.76],[83.45,24.73],[83.48,24.74],[83.48,24.71],[83.49,24.71],[83.51,24.68],[83.5,24.67],[83.5,24.65],[83.52,24.64],[83.53,24.62],[83.52,24.6],[83.52,24.59],[83.52,24.55],[83.49,24.54],[83.5,24.53],[83.54,24.53],[83.57,24.52],[83.6,24.51],[83.68,24.52],[83.72,24.5],[83.75,24.51],[83.8,24.53],[83.86,24.54],[83.87,24.53],[83.93,24.55],[83.96,24.58],[83.97,24.6],[83.99,24.64],[84.02,24.63],[84.05,24.61],[84.06,24.58],[84.07,24.57],[84.08,24.55],[84.09,24.53],[84.09,24.5],[84.11,24.48],[84.14,24.5],[84.14,24.53],[84.15,24.54],[84.16,24.53],[84.15,24.52],[84.18,24.51],[84.18,24.52],[84.17,24.54],[84.22,24.55],[84.26,24.54],[84.27,24.54],[84.27,24.56],[84.29,24.57],[84.32,24.52],[84.33,24.5],[84.32,24.49],[84.29,24.48],[84.29,24.47],[84.29,24.45],[84.31,24.45],[84.33,24.43],[84.33,24.41],[84.34,24.4],[84.36,24.39],[84.38,24.39],[84.39,24.37],[84.42,24.36],[84.42,24.33],[84.45,24.34],[84.47,24.31],[84.49,24.29],[84.52,24.33],[84.52,24.38],[84.55,24.37],[84.57,24.38],[84.56,24.4],[84.57,24.41],[84.6,24.4],[84.62,24.4],[84.66,24.39],[84.67,24.41],[84.67,24.43],[84.68,24.46],[84.71,24.47],[84.72,24.47],[84.74,24.5],[84.78,24.5],[84.78,24.52],[84.82,24.52],[84.83,24.51],[84.83,24.47],[84.86,24.46],[84.88,24.46],[84.88,24.42],[84.9,24.39],[84.9,24.37],[84.93,24.38],[84.95,24.37],[84.97,24.38],[84.99,24.41],[85.03,24.43],[85.05,24.42],[85.07,24.44],[85.07,24.41],[85.07,24.39],[85.09,24.38],[85.12,24.41],[85.15,24.42],[85.17,24.43],[85.15,24.46],[85.2,24.47],[85.22,24.47],[85.25,24.5],[85.28,24.5],[85.28,24.52],[85.3,24.53],[85.32,24.52],[85.38,24.53],[85.4,24.54],[85.43,24.54],[85.49,24.55],[85.5,24.53],[85.52,24.52],[85.53,24.53],[85.54,24.55],[85.57,24.57],[85.56,24.58],[85.58,24.6],[85.6,24.6],[85.61,24.59],[85.64,24.58],[85.66,24.58],[85.67,24.62],[85.66,24.65],[85.66,24.67],[85.65,24.69],[85.68,24.69],[85.7,24.73],[85.7,24.76],[85.71,24.78],[85.72,24.79],[85.74,24.82],[85.77,24.81],[85.78,24.8],[85.81,24.79],[85.83,24.81],[85.88,24.8],[85.91,24.75],[85.95,24.73],[85.97,24.73],[85.98,24.75],[86,24.75],[86.01,24.77],[86.05,24.78],[86.06,24.75],[86.11,24.74],[86.12,24.71],[86.13,24.68],[86.12,24.64],[86.13,24.61],[86.15,24.6],[86.17,24.58],[86.22,24.59],[86.22,24.61],[86.25,24.59],[86.29,24.59],[86.32,24.57],[86.3,24.56],[86.3,24.53],[86.31,24.51],[86.29,24.48],[86.3,24.46],[86.32,24.44],[86.35,24.44],[86.37,24.42],[86.4,24.4],[86.42,24.38],[86.45,24.37],[86.46,24.38],[86.47,24.4],[86.47,24.42],[86.49,24.43],[86.49,24.44],[86.49,24.48],[86.51,24.52],[86.52,24.54],[86.55,24.54],[86.55,24.56],[86.58,24.57],[86.58,24.59],[86.6,24.6],[86.65,24.57],[86.67,24.56],[86.72,24.58],[86.73,24.58],[86.75,24.59],[86.75,24.61],[86.79,24.62],[86.81,24.59],[86.81,24.56],[86.84,24.57],[86.84,24.55],[86.85,24.55],[86.88,24.57],[86.91,24.54],[86.9,24.59],[86.94,24.63],[86.97,24.63],[87.01,24.61],[87.05,24.61],[87.04,24.62],[87.05,24.67],[87.07,24.69],[87.08,24.72],[87.07,24.74],[87.09,24.76],[87.08,24.78],[87.1,24.8],[87.08,24.81],[87.11,24.85],[87.15,24.86],[87.16,24.89],[87.15,24.92],[87.15,24.99],[87.14,25.01],[87.18,25.06],[87.19,25.07],[87.21,25.09],[87.23,25.09],[87.24,25.1],[87.26,25.1],[87.27,25.09],[87.29,25.09],[87.3,25.13],[87.31,25.15],[87.32,25.22],[87.37,25.21],[87.38,25.22],[87.39,25.23],[87.46,25.2],[87.47,25.19],[87.47,25.24],[87.5,25.27],[87.48,25.3],[87.51,25.29],[87.53,25.28],[87.54,25.3],[87.55,25.33],[87.57,25.33],[87.61,25.31],[87.63,25.32],[87.65,25.31],[87.68,25.31],[87.69,25.3],[87.69,25.28],[87.71,25.27],[87.71,25.26],[87.78,25.25],[87.79,25.22],[87.83,25.2],[87.83,25.21],[87.82,25.23],[87.85,25.25],[87.86,25.28],[87.85,25.3],[87.83,25.3],[87.78,25.34],[87.79,25.37],[87.77,25.38],[87.76,25.4],[87.79,25.45],[87.81,25.43],[87.83,25.45],[87.83,25.46],[87.86,25.47],[87.86,25.48],[87.87,25.5],[87.9,25.51],[87.9,25.52],[87.92,25.54],[87.96,25.54],[87.98,25.52],[87.99,25.5],[88,25.49],[88.02,25.5],[88.03,25.49],[88.06,25.49],[88.07,25.51],[88.03,25.55],[88.03,25.57],[88.02,25.58],[88.04,25.6],[88.04,25.64],[88.05,25.64],[88.04,25.67],[88.05,25.69],[87.98,25.72],[87.94,25.74],[87.94,25.76],[87.9,25.78],[87.9,25.8],[87.91,25.81],[87.89,25.83],[87.91,25.85],[87.88,25.86],[87.87,25.86],[87.82,25.87],[87.82,25.89],[87.82,25.91],[87.81,25.93],[87.83,25.96],[87.83,25.98],[87.84,26.02],[87.84,26.04],[87.86,26.06],[87.91,26.09],[87.92,26.07],[87.94,26.08],[87.96,26.08],[87.96,26.11],[87.97,26.11],[87.97,26.15],[87.98,26.16],[88,26.14],[88.03,26.16],[88.04,26.18],[88.05,26.17],[88.07,26.18],[88.12,26.23],[88.14,26.23],[88.14,26.25],[88.18,26.26],[88.22,26.29],[88.23,26.3],[88.24,26.32],[88.26,26.34],[88.27,26.33],[88.29,26.35],[88.27,26.38],[88.24,26.38],[88.23,26.39],[88.26,26.42],[88.24,26.45],[88.23,26.45],[88.22,26.47],[88.19,26.47],[88.18,26.49],[88.19,26.51],[88.23,26.53],[88.23,26.55],[88.21,26.54],[88.19,26.54],[88.17,26.54],[88.17,26.52],[88.13,26.51],[88.11,26.54]]]},"properties":{"ID_0":105,"ISO":"IND","NAME_0":"India","ID_1":5,"NAME_1":"Bihar","NL_NAME_1":"","VARNAME_1":"","TYPE_1":"State","ENGTYPE_1":"State","filename":"","filename_1":"","filename_2":"","filename_3":"","filename_4":""}},
{"type":"Feature","geometry":{"type":"Polygon","coordinates":[[[76.82,30.69],[76.84,30.71],[76.82,30.74],[76.83,30.76],[76.81,30.77],[76.8,30.79],[76.78,30.77],[76.76,30.8],[76.73,30.78],[76.69,30.76],[76.72,30.73],[76.72,30.71],[76.75,30.69],[76.79,30.67],[76.82,30.69]]]},"properties":{"ID_0":105,"ISO":"IND","NAME_0":"India","ID_1":6,"NAME_1":"Chandigarh","NL_NAME_1":"","VARNAME_1":"","TYPE_1":"Union Territor","ENGTYPE_1":"Union Territory","filename":"","filename_1":"","filename_2":"","filename_3":"","filename_4":""}},
{"type":"Feature","geometry":{"type":"Polygon","coordinates":[[[84,22.52],[84,22.54],[84.01,22.57],[84.02,22.59],[84.05,22.59],[84.08,22.64],[84.15,22.63],[84.18,22.65],[84.2,22.66],[84.21,22.66],[84.23,22.69],[84.23,22.74],[84.26,22.76],[84.29,22.76],[84.29,22.79],[84.31,22.8],[84.32,22.82],[84.32,22.85],[84.33,22.86],[84.36,22.86],[84.38,22.87],[84.38,22.9],[84.39,22.92],[84.39,22.94],[84.38,22.95],[84.37,22.98],[84.33,22.98],[84.31,22.97],[84.28,22.96],[84.27,22.98],[84.25,22.97],[84.24,22.98],[84.22,22.98],[84.2,23],[84.2,23.02],[84.18,23.02],[84.17,23],[84.17,22.97],[84.15,22.96],[84.14,22.99],[84.12,23.03],[84.13,23.06],[84.13,23.09],[84.11,23.09],[84.09,23.11],[84.07,23.11],[84.03,23.14],[84.03,23.15],[84.04,23.18],[84.06,23.2],[84.05,23.24],[84.06,23.29],[84.06,23.31],[84.07,23.33],[84.05,23.35],[84.04,23.37],[84.02,23.38],[84.01,23.35],[83.98,23.36],[83.97,23.37],[83.97,23.39],[83.98,23.43],[83.97,23.45],[84,23.49],[84.01,23.5],[84.02,23.54],[84.03,23.57],[84.02,23.6],[84,23.62],[83.98,23.63],[83.94,23.62],[83.93,23.59],[83.94,23.56],[83.82,23.58],[83.81,23.58],[83.77,23.6],[83.76,23.62],[83.75,23.63],[83.75,23.65],[83.71,23.68],[83.73,23.7],[83.73,23.75],[83.71,23.77],[83.71,23.79],[83.7,23.81],[83.7,23.82],[83.67,23.82],[83.66,23.83],[83.66,23.84],[83.6,23.85],[83.58,23.86],[83.57,23.89],[83.55,23.89],[83.54,23.91],[83.54,23.93],[83.51,23.97],[83.51,24],[83.51,24.03],[83.48,24.04],[83.45,24.04],[83.43,24.05],[83.43,24.08],[83.4,24.08],[83.38,24.1],[83.35,24.1],[83.32,24.1],[83.29,24.08],[83.28,24.05],[83.28,24.02],[83.22,23.99],[83.21,23.96],[83.19,23.92],[83.15,23.91],[83.13,23.89],[83.09,23.88],[83.06,23.88],[83.04,23.88],[82.98,23.88],[82.95,23.87],[82.94,23.88],[82.93,23.89],[82.88,23.91],[82.86,23.93],[82.85,23.95],[82.82,23.96],[82.81,23.96],[82.8,23.96],[82.77,23.94],[82.75,23.94],[82.75,23.92],[82.7,23.92],[82.68,23.91],[82.65,23.91],[82.65,23.89],[82.66,23.87],[82.64,23.86],[82.63,23.84],[82.61,23.84],[82.59,23.82],[82.55,23.83],[82.54,23.81],[82.54,23.79],[82.52,23.78],[82.49,23.79],[82.46,23.81],[82.45,23.81],[82.39,23.8],[82.37,23.81],[82.35,23.8],[82.3,23.81],[82.26,23.82],[82.23,23.81],[82.2,23.83],[82.2,23.85],[82.17,23.84],[82.17,23.82],[82.13,23.82],[82.12,23.82],[82.08,23.82],[82.05,23.82],[82.04,23.84],[82,23.86],[81.95,23.85],[81.92,23.87],[81.89,23.84],[81.86,23.83],[81.85,23.82],[81.83,23.82],[81.81,23.81],[81.77,23.81],[81.73,23.84],[81.72,23.86],[81.7,23.86],[81.7,23.89],[81.68,23.89],[81.68,23.91],[81.66,23.93],[81.63,23.91],[81.61,23.9],[81.6,23.88],[81.61,23.87],[81.6,23.85],[81.61,23.84],[81.63,23.84],[81.64,23.8],[81.64,23.78],[81.64,23.77],[81.67,23.76],[81.67,23.74],[81.69,23.72],[81.67,23.69],[81.65,23.68],[81.64,23.66],[81.61,23.66],[81.6,23.6],[81.57,23.59],[81.58,23.55],[81.6,23.55],[81.61,23.54],[81.61,23.51],[81.62,23.49],[81.63,23.49],[81.65,23.5],[81.65,23.53],[81.69,23.52],[81.71,23.53],[81.73,23.57],[81.75,23.57],[81.76,23.55],[81.8,23.55],[81.81,23.52],[81.83,23.51],[81.88,23.52],[81.9,23.54],[81.92,23.53],[81.93,23.51],[81.95,23.5],[81.95,23.47],[81.97,23.45],[81.97,23.42],[82,23.41],[82.02,23.42],[82.02,23.41],[82.01,23.39],[82.02,23.38],[82.05,23.38],[82.06,23.39],[82.1,23.4],[82.1,23.36],[82.11,23.35],[82.14,23.36],[82.16,23.33],[82.19,23.32],[82.19,23.28],[82.17,23.27],[82.14,23.23],[82.14,23.16],[82.15,23.16],[82.15,23.14],[82.13,23.13],[82.13,23.11],[82.12,23.1],[82.06,23.12],[82.03,23.08],[82,23.08],[81.98,23.09],[81.97,23.08],[81.94,23.08],[81.92,23.04],[81.94,23.01],[81.94,22.96],[81.91,22.95],[81.9,22.93],[81.87,22.91],[81.86,22.92],[81.86,22.89],[81.83,22.88],[81.8,22.88],[81.77,22.87],[81.77,22.85],[81.76,22.83],[81.78,22.8],[81.77,22.79],[81.78,22.77],[81.75,22.73],[81.77,22.68],[81.75,22.65],[81.74,22.67],[81.72,22.68],[81.71,22.66],[81.7,22.65],[81.68,22.65],[81.64,22.61],[81.64,22.59],[81.65,22.58],[81.64,22.56],[81.62,22.56],[81.62,22.54],[81.61,22.54],[81.56,22.55],[81.56,22.53],[81.54,22.53],[81.52,22.54],[81.49,22.52],[81.48,22.49],[81.45,22.5],[81.42,22.47],[81.41,22.45],[81.39,22.44],[81.38,22.51],[81.32,22.52],[81.31,22.52],[81.32,22.49],[81.3,22.48],[81.28,22.5],[81.26,22.49],[81.26,22.47],[81.22,22.45],[81.19,22.46],[81.19,22.48],[81.17,22.49],[81.15,22.46],[81.11,22.44],[81.1,22.43],[81.1,22.38],[81.12,22.34],[81.11,22.33],[81.11,22.29],[81.1,22.28],[81.08,22.25],[81.05,22.24],[81.02,22.23],[81.02,22.21],[81.03,22.2],[81.01,22.18],[81.02,22.17],[81.02,22.13],[80.99,22.13],[80.97,22.11],[80.99,22.11],[81,22.09],[81,22.06],[80.98,22.05],[80.96,22.06],[80.97,22.08],[80.95,22.11],[80.92,22.12],[80.9,22.1],[80.89,22.07],[80.88,22.06],[80.87,22.03],[80.87,22.01],[80.85,21.98],[80.83,21.95],[80.84,21.93],[80.82,21.91],[80.83,21.89],[80.84,21.88],[80.84,21.86],[80.83,21.85],[80.84,21.83],[80.83,21.8],[80.81,21.76],[80.81,21.75],[80.78,21.74],[80.76,21.76],[80.74,21.76],[80.73,21.73],[80.72,21.69],[80.71,21.67],[80.72,21.64],[80.72,21.62],[80.71,21.6],[80.71,21.58],[80.72,21.57],[80.71,21.56],[80.73,21.54],[80.72,21.5],[80.73,21.47],[80.72,21.45],[80.7,21.43],[80.7,21.41],[80.68,21.37],[80.66,21.33],[80.67,21.31],[80.67,21.3],[80.65,21.29],[80.64,21.25],[80.6,21.23],[80.57,21.22],[80.56,21.21],[80.53,21.2],[80.52,21.2],[80.51,21.18],[80.47,21.17],[80.46,21.17],[80.44,21.1],[80.45,21.05],[80.45,21.03],[80.42,21.01],[80.44,20.99],[80.44,20.97],[80.46,20.93],[80.54,20.93],[80.55,20.89],[80.55,20.85],[80.56,20.82],[80.54,20.79],[80.55,20.77],[80.55,20.75],[80.56,20.71],[80.57,20.7],[80.58,20.68],[80.52,20.66],[80.49,20.64],[80.48,20.62],[80.5,20.59],[80.52,20.58],[80.55,20.6],[80.56,20.61],[80.58,20.61],[80.62,20.6],[80.61,20.59],[80.62,20.57],[80.61,20.56],[80.61,20.53],[80.6,20.46],[80.59,20.45],[80.6,20.43],[80.59,20.41],[80.59,20.39],[80.6,20.38],[80.62,20.33],[80.54,20.31],[80.51,20.27],[80.49,20.27],[80.46,20.27],[80.42,20.25],[80.38,20.24],[80.4,20.21],[80.41,20.2],[80.41,20.19],[80.39,20.18],[80.38,20.16],[80.39,20.14],[80.43,20.13],[80.44,20.13],[80.45,20.14],[80.52,20.12],[80.54,20.11],[80.53,20.09],[80.55,20.07],[80.53,20],[80.54,19.98],[80.53,19.97],[80.52,19.93],[80.5,19.92],[80.47,19.93],[80.46,19.95],[80.44,19.95],[80.43,19.94],[80.41,19.93],[80.4,19.91],[80.44,19.89],[80.46,19.9],[80.49,19.89],[80.5,19.87],[80.48,19.86],[80.46,19.83],[80.43,19.81],[80.4,19.82],[80.4,19.79],[80.42,19.8],[80.45,19.79],[80.48,19.78],[80.47,19.8],[80.46,19.81],[80.48,19.83],[80.52,19.83],[80.54,19.81],[80.54,19.77],[80.57,19.75],[80.58,19.74],[80.63,19.72],[80.67,19.69],[80.67,19.67],[80.66,19.63],[80.66,19.61],[80.72,19.61],[80.76,19.58],[80.77,19.57],[80.79,19.56],[80.82,19.57],[80.83,19.56],[80.84,19.53],[80.85,19.52],[80.88,19.52],[80.89,19.5],[80.89,19.47],[80.87,19.44],[80.84,19.44],[80.79,19.43],[80.81,19.4],[80.81,19.38],[80.84,19.37],[80.84,19.36],[80.77,19.31],[80.75,19.29],[80.7,19.28],[80.68,19.29],[80.69,19.31],[80.66,19.33],[80.62,19.3],[80.6,19.31],[80.59,19.35],[80.58,19.38],[80.57,19.4],[80.56,19.4],[80.53,19.37],[80.51,19.35],[80.48,19.34],[80.47,19.33],[80.45,19.27],[80.42,19.25],[80.39,19.24],[80.38,19.22],[80.39,19.2],[80.38,19.18],[80.35,19.16],[80.32,19.14],[80.32,19.12],[80.33,19.1],[80.32,19.09],[80.32,19.06],[80.29,19.05],[80.3,19.03],[80.27,18.99],[80.26,18.94],[80.27,18.92],[80.29,18.91],[80.34,18.86],[80.35,18.82],[80.35,18.81],[80.32,18.8],[80.3,18.79],[80.27,18.76],[80.25,18.77],[80.24,18.75],[80.27,18.72],[80.3,18.69],[80.32,18.62],[80.34,18.59],[80.37,18.6],[80.38,18.59],[80.4,18.61],[80.45,18.63],[80.49,18.63],[80.51,18.62],[80.53,18.59],[80.6,18.55],[80.61,18.53],[80.63,18.52],[80.64,18.49],[80.65,18.47],[80.68,18.45],[80.7,18.43],[80.69,18.42],[80.71,18.41],[80.72,18.36],[80.74,18.32],[80.74,18.3],[80.77,18.28],[80.78,18.24],[80.73,18.22],[80.73,18.17],[80.76,18.16],[80.8,18.17],[80.82,18.19],[80.82,18.23],[80.86,18.23],[80.87,18.21],[80.85,18.2],[80.86,18.14],[80.86,18.13],[80.9,18.13],[80.94,18.16],[80.95,18.17],[80.97,18.17],[80.97,18.14],[80.95,18.12],[80.95,18.09],[80.97,18.04],[80.96,18.03],[80.97,17.99],[80.98,17.92],[80.99,17.91],[81,17.84],[81.01,17.82],[81.03,17.79],[81.06,17.78],[81.07,17.79],[81.1,17.82],[81.16,17.85],[81.19,17.85],[81.25,17.81],[81.32,17.81],[81.38,17.81],[81.38,17.83],[81.4,17.85],[81.39,17.86],[81.4,17.89],[81.44,17.88],[81.45,17.9],[81.44,17.92],[81.45,17.95],[81.48,17.97],[81.48,18],[81.47,18.03],[81.48,18.05],[81.51,18.09],[81.51,18.13],[81.52,18.16],[81.5,18.18],[81.53,18.24],[81.53,18.26],[81.55,18.26],[81.57,18.27],[81.59,18.3],[81.62,18.3],[81.66,18.32],[81.65,18.33],[81.66,18.34],[81.74,18.35],[81.76,18.41],[81.8,18.44],[81.85,18.49],[81.85,18.5],[81.86,18.52],[81.88,18.53],[81.9,18.53],[81.9,18.56],[81.95,18.56],[81.95,18.59],[81.93,18.6],[81.9,18.62],[81.89,18.62],[81.89,18.65],[81.92,18.64],[81.95,18.63],[81.95,18.66],[81.96,18.67],[81.96,18.68],[81.98,18.7],[81.99,18.7],[82.02,18.71],[82.03,18.72],[82.08,18.71],[82.09,18.76],[82.15,18.77],[82.16,18.79],[82.16,18.8],[82.16,18.83],[82.16,18.85],[82.17,18.88],[82.17,18.89],[82.21,18.91],[82.24,18.91],[82.22,19.02],[82.19,19.06],[82.21,19.08],[82.19,19.12],[82.17,19.13],[82.18,19.16],[82.17,19.18],[82.16,19.2],[82.16,19.21],[82.15,19.22],[82.15,19.27],[82.17,19.29],[82.18,19.33],[82.14,19.35],[82.14,19.37],[82.17,19.37],[82.17,19.38],[82.18,19.41],[82.17,19.43],[82.12,19.42],[82.1,19.46],[82.1,19.47],[82.09,19.49],[82.09,19.51],[82.07,19.52],[82.06,19.5],[82.02,19.5],[82.05,19.54],[82.04,19.56],[82.03,19.58],[82.05,19.62],[82.05,19.67],[82.04,19.7],[82.04,19.74],[82.06,19.75],[82.06,19.78],[82.05,19.79],[82,19.8],[81.98,19.8],[81.96,19.84],[81.96,19.85],[81.9,19.88],[81.86,19.9],[81.85,19.91],[81.85,19.94],[81.84,19.95],[81.85,19.97],[81.86,20.02],[81.87,20.05],[81.89,20.04],[81.93,20.1],[81.94,20.1],[81.97,20.08],[81.99,20.05],[82.01,20.04],[82.01,20.02],[82.05,20.04],[82.06,20.05],[82.08,20.04],[82.08,20.03],[82.12,20.01],[82.13,20.01],[82.17,20],[82.18,19.98],[82.2,19.98],[82.23,20],[82.26,19.97],[82.27,19.95],[82.3,19.9],[82.3,19.88],[82.32,19.86],[82.33,19.84],[82.34,19.83],[82.37,19.85],[82.39,19.88],[82.41,19.9],[82.44,19.9],[82.46,19.89],[82.48,19.9],[82.5,19.9],[82.5,19.89],[82.53,19.88],[82.54,19.87],[82.57,19.87],[82.6,19.86],[82.57,19.83],[82.57,19.8],[82.58,19.78],[82.62,19.79],[82.65,19.83],[82.7,19.83],[82.71,19.85],[82.7,19.91],[82.71,19.95],[82.71,19.98],[82.7,19.99],[82.65,20],[82.62,20],[82.61,19.99],[82.58,19.99],[82.58,20],[82.54,20.01],[82.5,20.01],[82.48,20.03],[82.44,20.04],[82.4,20.05],[82.39,20.06],[82.39,20.09],[82.39,20.12],[82.38,20.14],[82.38,20.16],[82.41,20.18],[82.41,20.2],[82.4,20.24],[82.41,20.26],[82.43,20.28],[82.42,20.31],[82.39,20.34],[82.4,20.36],[82.41,20.38],[82.41,20.4],[82.42,20.41],[82.43,20.43],[82.42,20.44],[82.42,20.46],[82.39,20.45],[82.38,20.51],[82.35,20.52],[82.34,20.54],[82.32,20.55],[82.34,20.58],[82.34,20.59],[82.36,20.6],[82.37,20.63],[82.37,20.66],[82.35,20.68],[82.34,20.7],[82.35,20.73],[82.34,20.76],[82.34,20.79],[82.33,20.84],[82.35,20.88],[82.37,20.86],[82.38,20.87],[82.4,20.86],[82.41,20.84],[82.42,20.83],[82.44,20.83],[82.45,20.82],[82.46,20.84],[82.48,20.85],[82.48,20.87],[82.48,20.9],[82.55,20.94],[82.58,20.99],[82.6,21.01],[82.62,21.04],[82.61,21.06],[82.63,21.08],[82.65,21.1],[82.63,21.14],[82.64,21.15],[82.66,21.15],[82.68,21.16],[82.7,21.15],[82.72,21.16],[82.76,21.16],[82.78,21.14],[82.81,21.16],[82.84,21.16],[82.88,21.15],[82.9,21.16],[82.92,21.16],[82.94,21.16],[82.96,21.18],[82.97,21.16],[82.98,21.16],[83.01,21.15],[83.04,21.12],[83.07,21.11],[83.12,21.1],[83.13,21.11],[83.16,21.13],[83.19,21.14],[83.2,21.17],[83.21,21.19],[83.21,21.2],[83.22,21.22],[83.21,21.25],[83.22,21.27],[83.24,21.28],[83.27,21.27],[83.27,21.3],[83.26,21.3],[83.25,21.33],[83.27,21.35],[83.27,21.38],[83.31,21.36],[83.37,21.34],[83.4,21.35],[83.39,21.36],[83.39,21.4],[83.38,21.41],[83.37,21.44],[83.35,21.44],[83.34,21.49],[83.35,21.54],[83.37,21.55],[83.36,21.57],[83.37,21.6],[83.38,21.61],[83.41,21.64],[83.44,21.65],[83.44,21.62],[83.46,21.61],[83.47,21.63],[83.48,21.64],[83.44,21.66],[83.42,21.68],[83.43,21.69],[83.46,21.69],[83.48,21.74],[83.48,21.77],[83.49,21.81],[83.52,21.79],[83.54,21.79],[83.53,21.83],[83.56,21.83],[83.57,21.83],[83.58,21.85],[83.57,21.87],[83.6,21.91],[83.59,21.93],[83.55,21.93],[83.56,21.94],[83.54,21.96],[83.53,21.98],[83.55,22.01],[83.53,22.02],[83.54,22.06],[83.58,22.05],[83.6,22.07],[83.56,22.1],[83.61,22.16],[83.62,22.2],[83.65,22.22],[83.66,22.22],[83.69,22.25],[83.75,22.24],[83.77,22.26],[83.78,22.27],[83.8,22.29],[83.82,22.3],[83.82,22.32],[83.84,22.33],[83.86,22.34],[83.9,22.34],[83.92,22.36],[83.97,22.36],[84,22.37],[84.01,22.4],[84.04,22.43],[84.04,22.46],[84.02,22.47],[84.01,22.49],[83.98,22.5],[83.98,22.52],[84,22.52]]]},"properties":{"ID_0":105,"ISO":"IND","NAME_0":"India","ID_1":7,"NAME_1":"Chhattisgarh","NL_NAME_1":"","VARNAME_1":"","TYPE_1":"State","ENGTYPE_1":"State","filename":"","filename_1":"","filename_2":"","filename_3":"","filename_4":""}},
{"type":"Feature","geometry":{"type":"Polygon","coordinates":[[[73.22,20.12],[73.2,20.13],[73.2,20.16],[73.22,20.17],[73.23,20.19],[73.21,20.2],[73.18,20.2],[73.14,20.2],[73.15,20.18],[73.12,20.16],[73.11,20.16],[73.09,20.17],[73.07,20.16],[73.07,20.19],[73.06,20.2],[73.07,20.22],[73.09,20.23],[73.1,20.23],[73.12,20.26],[73.14,20.26],[73.15,20.28],[73.16,20.29],[73.18,20.29],[73.18,20.31],[73.14,20.32],[73.13,20.31],[73.12,20.3],[73.12,20.33],[73.11,20.35],[73.1,20.36],[73.09,20.33],[73.06,20.33],[73.05,20.32],[73.05,20.29],[72.99,20.29],[72.99,20.28],[72.97,20.27],[72.95,20.29],[72.93,20.28],[72.92,20.27],[72.94,20.25],[72.97,20.23],[72.97,20.21],[72.98,20.18],[72.99,20.16],[72.97,20.13],[72.99,20.11],[73,20.12],[73.02,20.11],[73.03,20.08],[73.06,20.07],[73.06,20.1],[73.1,20.09],[73.12,20.08],[73.16,20.07],[73.18,20.05],[73.2,20.06],[73.2,20.08],[73.22,20.1],[73.22,20.12]]]},"properties":{"ID_0":105,"ISO":"IND","NAME_0":"India","ID_1":8,"NAME_1":"Dadra and Nagar Haveli","NL_NAME_1":"","VARNAME_1":"DAdra et Nagar Haveli|Dadra e Nagar Haveli","TYPE_1":"Union Territor","ENGTYPE_1":"Union Territory","filename":"","filename_1":"","filename_2":"","filename_3":"","filename_4":""}},
{"type":"Feature","geometry":{"type":"MultiPolygon","coordinates":[[[[72.86,20.47],[72.84,20.46],[72.83,20.43],[72.83,20.39],[72.82,20.37],[72.83,20.37],[72.85,20.41],[72.84,20.44],[72.86,20.47]]],[[[70.96,20.73],[70.94,20.74],[70.9,20.72],[70.89,20.71],[70.9,20.7],[70.92,20.71],[70.98,20.7],[71,20.72],[70.96,20.73]]],[[[70.85,20.75],[70.86,20.76],[70.86,20.78],[70.89,20.79],[70.9,20.82],[70.89,20.83],[70.85,20.83],[70.84,20.84],[70.84,20.86],[70.88,20.87],[70.9,20.89],[70.9,20.9],[70.88,20.96],[70.83,20.97],[70.82,20.96],[70.77,20.96],[70.76,20.97],[70.75,20.99],[70.72,20.94],[70.72,20.91],[70.69,20.88],[70.68,20.84],[70.68,20.81],[70.68,20.79],[70.67,20.76],[70.69,20.75],[70.74,20.72],[70.76,20.72],[70.79,20.71],[70.82,20.71],[70.83,20.71],[70.87,20.71],[70.87,20.72],[70.84,20.73],[70.85,20.75]]]]},"properties":{"ID_0":105,"ISO":"IND","NAME_0":"India","ID_1":9,"NAME_1":"Daman and Diu","NL_NAME_1":"","VARNAME_1":"","TYPE_1":"Union Territor","ENGTYPE_1":"Union Territory","filename":"","filename_1":"","filename_2":"","filename_3":"","filename_4":""}},
{"type":"Feature","geometry":{"type":"Polygon","coordinates":[[[77.34,28.51],[77.32,28.54],[77.3,28.56],[77.29,28.58],[77.31,28.6],[77.34,28.61],[77.33,28.63],[77.31,28.64],[77.32,28.68],[77.33,28.69],[77.31,28.72],[77.29,28.71],[77.28,28.73],[77.26,28.74],[77.19,28.8],[77.21,28.81],[77.22,28.84],[77.2,28.86],[77.19,28.87],[77.16,28.86],[77.14,28.84],[77.13,28.87],[77.08,28.87],[77.05,28.87],[77.03,28.84],[76.98,28.84],[76.97,28.83],[76.94,28.82],[76.94,28.8],[76.95,28.77],[76.94,28.76],[76.95,28.75],[76.94,28.72],[76.95,28.71],[76.95,28.68],[76.92,28.67],[76.91,28.64],[76.88,28.64],[76.86,28.6],[76.83,28.58],[76.84,28.56],[76.86,28.55],[76.88,28.52],[76.9,28.52],[76.92,28.52],[76.94,28.51],[76.97,28.53],[77.01,28.51],[77.02,28.53],[77.06,28.51],[77.07,28.52],[77.11,28.49],[77.1,28.48],[77.12,28.44],[77.14,28.44],[77.17,28.41],[77.21,28.41],[77.24,28.43],[77.24,28.45],[77.23,28.47],[77.24,28.48],[77.28,28.5],[77.31,28.49],[77.34,28.51]]]},"properties":{"ID_0":105,"ISO":"IND","NAME_0":"India","ID_1":10,"NAME_1":"Delhi","NL_NAME_1":"","VARNAME_1":"","TYPE_1":"Union Territor","ENGTYPE_1":"Union Territory","filename":"","filename_1":"","filename_2":"","filename_3":"","filename_4":""}},
{"type":"Feature","geometry":{"type":"Polygon","coordinates":[[[74.13,15.65],[74.08,15.63],[74.04,15.62],[74.03,15.6],[74,15.61],[73.98,15.63],[73.97,15.64],[73.98,15.66],[73.97,15.69],[73.96,15.7],[73.96,15.71],[73.95,15.74],[73.91,15.74],[73.88,15.75],[73.89,15.77],[73.87,15.8],[73.84,15.76],[73.83,15.74],[73.82,15.74],[73.79,15.72],[73.78,15.73],[73.75,15.73],[73.74,15.72],[73.68,15.72],[73.69,15.72],[73.71,15.67],[73.72,15.63],[73.73,15.62],[73.73,15.59],[73.75,15.55],[73.77,15.49],[73.81,15.49],[73.8,15.46],[73.83,15.45],[73.85,15.45],[73.86,15.43],[73.89,15.43],[73.9,15.42],[73.88,15.4],[73.84,15.41],[73.82,15.4],[73.79,15.42],[73.79,15.39],[73.8,15.39],[73.81,15.38],[73.83,15.37],[73.84,15.36],[73.87,15.37],[73.89,15.33],[73.91,15.27],[73.95,15.15],[73.94,15.13],[73.94,15.12],[73.92,15.11],[73.93,15.08],[73.97,15.07],[73.99,15.04],[73.99,15.02],[74.02,15.01],[74.03,15],[74.05,14.96],[74.04,14.92],[74.1,14.9],[74.11,14.91],[74.15,14.92],[74.17,14.92],[74.17,14.94],[74.17,14.95],[74.19,14.95],[74.2,14.94],[74.24,14.95],[74.26,14.96],[74.27,14.98],[74.26,14.99],[74.3,15.04],[74.29,15.07],[74.28,15.1],[74.29,15.12],[74.29,15.14],[74.31,15.16],[74.32,15.18],[74.3,15.23],[74.26,15.24],[74.28,15.27],[74.3,15.29],[74.33,15.28],[74.34,15.29],[74.32,15.33],[74.33,15.37],[74.31,15.38],[74.29,15.38],[74.28,15.42],[74.28,15.44],[74.26,15.49],[74.28,15.51],[74.29,15.53],[74.27,15.55],[74.25,15.57],[74.27,15.59],[74.27,15.62],[74.26,15.62],[74.26,15.65],[74.23,15.67],[74.22,15.65],[74.2,15.66],[74.18,15.67],[74.17,15.65],[74.14,15.65],[74.13,15.65]]]},"properties":{"ID_0":105,"ISO":"IND","NAME_0":"India","ID_1":11,"NAME_1":"Goa","NL_NAME_1":"","VARNAME_1":"Ga","TYPE_1":"State","ENGTYPE_1":"State","filename":"","filename_1":"","filename_2":"","filename_3":"","filename_4":""}},
{"type":"Feature","geometry":{"type":"MultiPolygon","coordinates":[[[[70.87,20.72],[70.85,20.75],[70.84,20.73],[70.87,20.72]]],[[[72.68,21.16],[72.66,21.15],[72.68,21.11],[72.69,21.09],[72.7,21.13],[72.7,21.15],[72.68,21.16]]],[[[72.72,21.67],[72.71,21.66],[72.72,21.64],[72.75,21.65],[72.75,21.66],[72.72,21.67]]],[[[69.63,22.46],[69.59,22.45],[69.6,22.42],[69.64,22.41],[69.66,22.43],[69.64,22.45],[69.63,22.46]]],[[[69.3,22.47],[69.29,22.46],[69.32,22.45],[69.33,22.46],[69.3,22.47]]],[[[69.14,22.48],[69.09,22.46],[69.1,22.44],[69.11,22.44],[69.11,22.46],[69.14,22.48]]],[[[69.32,22.53],[69.32,22.52],[69.35,22.5],[69.36,22.51],[69.35,22.53],[69.32,22.53]]],[[[69.92,22.55],[69.9,22.55],[69.9,22.51],[69.92,22.51],[69.94,22.52],[69.93,22.55],[69.92,22.55]]],[[[70.01,22.59],[69.97,22.58],[69.96,22.56],[69.96,22.55],[70.01,22.55],[70.03,22.57],[70.02,22.59],[70.01,22.59]]],[[[70.45,23.05],[70.41,23.02],[70.42,23],[70.44,23.02],[70.45,23.05]]],[[[68.56,23.31],[68.54,23.29],[68.54,23.27],[68.57,23.25],[68.57,23.26],[68.61,23.27],[68.61,23.29],[68.58,23.31],[68.56,23.31]]],[[[68.51,23.34],[68.51,23.32],[68.54,23.32],[68.53,23.34],[68.51,23.34]]],[[[68.59,23.37],[68.57,23.37],[68.59,23.34],[68.62,23.34],[68.62,23.35],[68.6,23.36],[68.59,23.37]]],[[[68.51,23.46],[68.5,23.43],[68.52,23.44],[68.51,23.46]]],[[[68.47,23.48],[68.44,23.47],[68.46,23.43],[68.47,23.41],[68.49,23.4],[68.49,23.46],[68.47,23.48]]],[[[68.48,23.6],[68.47,23.59],[68.45,23.57],[68.43,23.55],[68.44,23.53],[68.47,23.55],[68.49,23.58],[68.48,23.6]]],[[[68.46,23.62],[68.43,23.62],[68.44,23.6],[68.47,23.6],[68.46,23.62]]],[[[68.36,23.81],[68.33,23.76],[68.34,23.73],[68.31,23.71],[68.31,23.7],[68.28,23.67],[68.27,23.65],[68.21,23.64],[68.19,23.63],[68.19,23.61],[68.22,23.6],[68.22,23.59],[68.24,23.59],[68.29,23.61],[68.28,23.59],[68.29,23.58],[68.33,23.59],[68.35,23.6],[68.36,23.63],[68.39,23.65],[68.42,23.73],[68.42,23.75],[68.43,23.8],[68.4,23.78],[68.36,23.81]]],[[[68.31,23.82],[68.29,23.82],[68.3,23.81],[68.3,23.8],[68.28,23.8],[68.26,23.76],[68.27,23.75],[68.27,23.73],[68.26,23.72],[68.27,23.7],[68.3,23.73],[68.32,23.73],[68.32,23.76],[68.32,23.8],[68.31,23.82]]],[[[68.5,23.83],[68.46,23.82],[68.45,23.81],[68.46,23.77],[68.44,23.74],[68.46,23.74],[68.49,23.74],[68.52,23.76],[68.52,23.78],[68.51,23.79],[68.52,23.8],[68.52,23.82],[68.5,23.83]]],[[[68.4,23.88],[68.38,23.87],[68.37,23.86],[68.34,23.84],[68.35,23.81],[68.37,23.81],[68.38,23.8],[68.4,23.79],[68.42,23.81],[68.44,23.83],[68.42,23.87],[68.4,23.88]]],[[[68.25,23.88],[68.22,23.87],[68.22,23.85],[68.23,23.84],[68.25,23.86],[68.25,23.88]]],[[[68.45,23.94],[68.43,23.93],[68.42,23.92],[68.39,23.91],[68.36,23.9],[68.35,23.89],[68.36,23.86],[68.37,23.86],[68.37,23.87],[68.38,23.88],[68.4,23.88],[68.42,23.87],[68.43,23.87],[68.45,23.88],[68.45,23.89],[68.46,23.93],[68.45,23.94]]],[[[68.54,23.95],[68.53,23.92],[68.51,23.9],[68.49,23.89],[68.49,23.87],[68.52,23.86],[68.53,23.88],[68.55,23.88],[68.57,23.91],[68.54,23.95]]],[[[68.48,23.99],[68.46,23.99],[68.45,23.98],[68.43,23.94],[68.45,23.94],[68.46,23.93],[68.45,23.88],[68.43,23.85],[68.44,23.85],[68.47,23.86],[68.49,23.9],[68.5,23.91],[68.52,23.92],[68.52,23.94],[68.5,23.96],[68.5,23.97],[68.48,23.99]]],[[[68.43,24],[68.4,23.97],[68.39,23.96],[68.37,23.98],[68.35,23.96],[68.34,23.92],[68.33,23.91],[68.3,23.92],[68.28,23.92],[68.28,23.9],[68.26,23.88],[68.25,23.86],[68.23,23.84],[68.22,23.84],[68.21,23.81],[68.23,23.76],[68.2,23.75],[68.19,23.73],[68.21,23.71],[68.24,23.68],[68.26,23.68],[68.27,23.7],[68.26,23.71],[68.27,23.75],[68.26,23.76],[68.27,23.8],[68.3,23.8],[68.3,23.81],[68.29,23.81],[68.29,23.82],[68.31,23.83],[68.31,23.82],[68.32,23.81],[68.34,23.82],[68.34,23.84],[68.35,23.86],[68.34,23.89],[68.35,23.91],[68.4,23.92],[68.42,23.93],[68.43,23.96],[68.44,23.99],[68.43,24]]],[[[74.32,23.06],[74.31,23.08],[74.28,23.1],[74.29,23.12],[74.27,23.16],[74.25,23.18],[74.21,23.19],[74.19,23.17],[74.18,23.15],[74.16,23.16],[74.15,23.18],[74.13,23.18],[74.12,23.21],[74.14,23.23],[74.14,23.26],[74.11,23.28],[74.11,23.29],[74.09,23.3],[74.05,23.3],[74.03,23.32],[74.03,23.33],[73.99,23.34],[73.98,23.36],[73.96,23.38],[73.95,23.37],[73.94,23.34],[73.89,23.34],[73.89,23.35],[73.88,23.37],[73.87,23.4],[73.84,23.43],[73.83,23.45],[73.78,23.43],[73.76,23.46],[73.73,23.42],[73.72,23.42],[73.7,23.46],[73.67,23.45],[73.65,23.44],[73.63,23.45],[73.64,23.5],[73.66,23.51],[73.64,23.53],[73.64,23.56],[73.65,23.58],[73.65,23.61],[73.66,23.62],[73.64,23.63],[73.62,23.65],[73.57,23.65],[73.55,23.63],[73.53,23.61],[73.51,23.62],[73.5,23.64],[73.51,23.66],[73.51,23.7],[73.5,23.71],[73.48,23.71],[73.47,23.73],[73.45,23.74],[73.45,23.75],[73.43,23.76],[73.42,23.78],[73.4,23.78],[73.39,23.77],[73.38,23.77],[73.36,23.79],[73.37,23.82],[73.36,23.85],[73.39,23.91],[73.4,23.92],[73.42,23.92],[73.42,23.97],[73.41,24],[73.41,24.05],[73.4,24.07],[73.37,24.09],[73.37,24.11],[73.34,24.12],[73.33,24.08],[73.33,24.06],[73.31,24.05],[73.29,24.03],[73.28,24.03],[73.25,24.01],[73.2,24.05],[73.22,24.1],[73.2,24.11],[73.17,24.11],[73.15,24.12],[73.12,24.14],[73.12,24.15],[73.08,24.18],[73.09,24.22],[73.12,24.26],[73.14,24.28],[73.14,24.31],[73.17,24.3],[73.18,24.31],[73.19,24.33],[73.21,24.33],[73.22,24.35],[73.23,24.36],[73.21,24.38],[73.18,24.35],[73.16,24.35],[73.13,24.37],[73.11,24.39],[73.08,24.39],[73.1,24.42],[73.11,24.42],[73.11,24.46],[73.09,24.49],[73.05,24.47],[73.02,24.47],[73.01,24.48],[72.98,24.45],[72.99,24.42],[72.96,24.39],[72.99,24.38],[72.98,24.36],[72.92,24.33],[72.9,24.35],[72.87,24.37],[72.83,24.36],[72.82,24.36],[72.73,24.36],[72.71,24.39],[72.69,24.42],[72.69,24.46],[72.66,24.46],[72.59,24.47],[72.57,24.49],[72.54,24.5],[72.5,24.45],[72.51,24.42],[72.49,24.41],[72.46,24.41],[72.46,24.44],[72.44,24.46],[72.45,24.49],[72.44,24.5],[72.42,24.51],[72.39,24.5],[72.36,24.55],[72.33,24.56],[72.33,24.54],[72.3,24.54],[72.29,24.56],[72.27,24.55],[72.25,24.58],[72.28,24.6],[72.3,24.6],[72.31,24.59],[72.34,24.59],[72.35,24.62],[72.34,24.62],[72.32,24.61],[72.27,24.62],[72.25,24.62],[72.23,24.63],[72.22,24.62],[72.19,24.61],[72.16,24.62],[72.15,24.63],[72.12,24.63],[72.08,24.65],[72.09,24.67],[72.09,24.7],[72.05,24.71],[72.04,24.7],[71.99,24.68],[71.99,24.66],[71.97,24.64],[71.93,24.63],[71.92,24.65],[71.93,24.66],[71.91,24.67],[71.89,24.67],[71.87,24.67],[71.86,24.65],[71.87,24.62],[71.85,24.61],[71.81,24.62],[71.82,24.65],[71.81,24.66],[71.78,24.67],[71.75,24.65],[71.72,24.65],[71.66,24.63],[71.64,24.65],[71.62,24.67],[71.6,24.66],[71.58,24.68],[71.55,24.67],[71.54,24.68],[71.49,24.67],[71.47,24.66],[71.45,24.66],[71.42,24.64],[71.38,24.62],[71.37,24.63],[71.36,24.65],[71.33,24.64],[71.3,24.61],[71.2,24.64],[71.17,24.65],[71.12,24.67],[71.11,24.68],[71.08,24.66],[71.05,24.64],[71.02,24.63],[71,24.6],[71,24.57],[71,24.54],[71.02,24.52],[71.01,24.47],[71.01,24.44],[71.03,24.43],[71.09,24.44],[71.12,24.43],[71.13,24.41],[71.12,24.39],[71.09,24.38],[71.07,24.36],[71.05,24.35],[71.01,24.35],[71,24.36],[70.96,24.35],[70.92,24.32],[70.89,24.29],[70.89,24.26],[70.85,24.25],[70.84,24.23],[70.81,24.22],[70.73,24.22],[70.66,24.23],[70.61,24.24],[70.59,24.24],[70.57,24.25],[70.57,24.26],[70.59,24.29],[70.57,24.3],[70.58,24.32],[70.57,24.34],[70.59,24.36],[70.61,24.4],[70.57,24.42],[70.53,24.41],[70.48,24.39],[70.46,24.39],[70.37,24.35],[70.33,24.35],[70.3,24.34],[70.24,24.32],[70.15,24.3],[70.11,24.28],[70.08,24.22],[70.05,24.18],[70.02,24.17],[69.98,24.17],[69.91,24.16],[69.83,24.17],[69.72,24.18],[69.68,24.21],[69.62,24.26],[69.6,24.28],[69.58,24.27],[69.5,24.26],[69.43,24.27],[69.41,24.27],[69.38,24.27],[69.36,24.27],[69.31,24.28],[69.27,24.27],[69.23,24.25],[69.2,24.24],[69.14,24.25],[69.12,24.26],[69.09,24.27],[69.01,24.23],[68.99,24.23],[68.97,24.24],[68.95,24.28],[68.92,24.26],[68.9,24.2],[68.88,24.2],[68.85,24.21],[68.84,24.23],[68.83,24.31],[68.77,24.29],[68.76,24.28],[68.76,24.1],[68.76,24.04],[68.75,24],[68.75,23.96],[68.55,23.96],[68.54,23.95],[68.56,23.92],[68.59,23.92],[68.59,23.94],[68.61,23.94],[68.62,23.92],[68.61,23.9],[68.57,23.88],[68.55,23.84],[68.52,23.82],[68.53,23.8],[68.52,23.79],[68.52,23.78],[68.53,23.77],[68.53,23.76],[68.56,23.8],[68.57,23.82],[68.6,23.84],[68.65,23.84],[68.67,23.86],[68.73,23.85],[68.73,23.83],[68.68,23.82],[68.66,23.8],[68.63,23.76],[68.6,23.75],[68.6,23.73],[68.56,23.72],[68.55,23.7],[68.53,23.69],[68.52,23.66],[68.5,23.66],[68.49,23.64],[68.49,23.61],[68.49,23.6],[68.5,23.56],[68.49,23.54],[68.5,23.51],[68.49,23.5],[68.5,23.49],[68.5,23.48],[68.52,23.46],[68.54,23.43],[68.53,23.42],[68.56,23.42],[68.57,23.38],[68.58,23.39],[68.59,23.37],[68.61,23.38],[68.62,23.36],[68.64,23.34],[68.64,23.32],[68.66,23.3],[68.63,23.3],[68.64,23.27],[68.66,23.26],[68.63,23.24],[68.61,23.23],[68.59,23.22],[68.63,23.19],[68.64,23.18],[68.65,23.16],[68.68,23.14],[68.74,23.1],[68.76,23.08],[68.81,23.06],[68.83,23.05],[68.93,22.99],[68.99,22.96],[69.02,22.94],[69.1,22.9],[69.13,22.88],[69.15,22.87],[69.2,22.84],[69.22,22.84],[69.27,22.82],[69.32,22.83],[69.35,22.82],[69.36,22.82],[69.4,22.81],[69.45,22.78],[69.47,22.77],[69.52,22.79],[69.55,22.79],[69.57,22.77],[69.6,22.76],[69.62,22.77],[69.64,22.77],[69.67,22.76],[69.69,22.74],[69.72,22.75],[69.75,22.79],[69.75,22.82],[69.8,22.85],[69.82,22.85],[69.87,22.87],[69.9,22.87],[69.95,22.89],[69.99,22.9],[70.11,22.91],[70.13,22.92],[70.13,22.96],[70.16,22.94],[70.18,22.95],[70.21,22.95],[70.23,22.96],[70.23,22.98],[70.25,22.97],[70.29,22.95],[70.3,22.95],[70.32,22.94],[70.35,22.93],[70.38,22.94],[70.39,22.96],[70.4,23.03],[70.44,23.06],[70.49,23.08],[70.47,23.01],[70.46,22.99],[70.43,22.96],[70.42,22.93],[70.41,22.92],[70.38,22.9],[70.35,22.87],[70.34,22.84],[70.34,22.83],[70.32,22.8],[70.31,22.8],[70.3,22.76],[70.27,22.73],[70.25,22.73],[70.26,22.71],[70.24,22.68],[70.25,22.67],[70.22,22.63],[70.2,22.62],[70.19,22.58],[70.18,22.58],[70.16,22.55],[70.14,22.55],[70.07,22.55],[70.04,22.56],[70.02,22.55],[70,22.55],[69.97,22.54],[69.95,22.53],[69.94,22.51],[69.93,22.51],[69.91,22.49],[69.91,22.47],[69.88,22.45],[69.85,22.45],[69.83,22.45],[69.82,22.43],[69.81,22.4],[69.79,22.4],[69.76,22.43],[69.75,22.43],[69.74,22.46],[69.72,22.46],[69.69,22.45],[69.7,22.43],[69.69,22.42],[69.7,22.4],[69.66,22.39],[69.65,22.36],[69.64,22.36],[69.62,22.37],[69.62,22.35],[69.6,22.35],[69.58,22.37],[69.56,22.37],[69.55,22.4],[69.52,22.43],[69.52,22.4],[69.52,22.38],[69.49,22.36],[69.49,22.34],[69.47,22.33],[69.45,22.34],[69.42,22.32],[69.37,22.32],[69.34,22.33],[69.33,22.3],[69.29,22.28],[69.22,22.26],[69.2,22.27],[69.17,22.29],[69.16,22.31],[69.17,22.35],[69.18,22.38],[69.2,22.39],[69.19,22.42],[69.16,22.41],[69.15,22.4],[69.12,22.4],[69.11,22.41],[69.08,22.39],[69.07,22.4],[69.04,22.43],[69.07,22.45],[69.08,22.48],[69.01,22.44],[68.98,22.41],[68.96,22.37],[68.96,22.35],[68.94,22.33],[68.94,22.31],[68.96,22.26],[68.95,22.25],[68.98,22.21],[69.02,22.17],[69.06,22.13],[69.08,22.1],[69.16,22.02],[69.24,21.94],[69.32,21.86],[69.35,21.84],[69.38,21.83],[69.4,21.8],[69.45,21.75],[69.47,21.74],[69.53,21.68],[69.58,21.64],[69.6,21.64],[69.67,21.57],[69.71,21.54],[69.72,21.54],[69.72,21.57],[69.7,21.59],[69.71,21.61],[69.69,21.63],[69.7,21.64],[69.72,21.63],[69.74,21.64],[69.75,21.61],[69.76,21.6],[69.76,21.58],[69.75,21.56],[69.73,21.56],[69.73,21.54],[69.71,21.53],[69.81,21.42],[69.92,21.29],[70.01,21.2],[70.03,21.18],[70.06,21.14],[70.1,21.1],[70.14,21.08],[70.16,21.06],[70.23,21],[70.32,20.93],[70.36,20.9],[70.39,20.89],[70.43,20.86],[70.46,20.84],[70.48,20.84],[70.5,20.82],[70.55,20.8],[70.59,20.78],[70.65,20.76],[70.67,20.76],[70.68,20.79],[70.68,20.81],[70.68,20.84],[70.69,20.88],[70.72,20.91],[70.72,20.94],[70.75,20.99],[70.76,20.97],[70.77,20.96],[70.82,20.96],[70.83,20.97],[70.88,20.96],[70.9,20.9],[70.9,20.89],[70.88,20.87],[70.84,20.86],[70.84,20.84],[70.85,20.83],[70.89,20.83],[70.9,20.82],[70.89,20.79],[70.86,20.78],[70.86,20.76],[70.85,20.75],[70.87,20.73],[70.87,20.71],[70.89,20.71],[70.9,20.72],[70.94,20.74],[70.96,20.73],[70.99,20.75],[71,20.74],[71.03,20.74],[71.05,20.73],[71.08,20.74],[71.09,20.76],[71.11,20.76],[71.15,20.76],[71.16,20.78],[71.2,20.79],[71.21,20.8],[71.23,20.8],[71.32,20.85],[71.37,20.85],[71.4,20.87],[71.44,20.87],[71.45,20.88],[71.48,20.89],[71.51,20.95],[71.53,20.94],[71.6,20.96],[71.64,20.97],[71.64,20.99],[71.66,21],[71.68,21],[71.72,21.02],[71.76,21.02],[71.79,21.04],[71.8,21.06],[71.86,21.08],[71.88,21.09],[71.89,21.1],[71.92,21.11],[71.95,21.12],[71.99,21.14],[71.99,21.17],[72,21.18],[72.02,21.18],[72.01,21.15],[72.05,21.16],[72.06,21.17],[72.12,21.2],[72.11,21.22],[72.09,21.23],[72.08,21.25],[72.11,21.29],[72.11,21.3],[72.13,21.34],[72.17,21.38],[72.17,21.39],[72.2,21.42],[72.24,21.46],[72.25,21.5],[72.27,21.54],[72.27,21.57],[72.31,21.63],[72.3,21.64],[72.29,21.66],[72.29,21.68],[72.26,21.72],[72.27,21.76],[72.26,21.78],[72.26,21.89],[72.23,21.93],[72.22,21.96],[72.23,22],[72.21,22],[72.23,22.05],[72.24,22.06],[72.28,22.08],[72.27,22.09],[72.3,22.11],[72.3,22.08],[72.29,22.07],[72.24,22.05],[72.25,22.03],[72.26,22.02],[72.25,21.99],[72.26,21.98],[72.26,21.96],[72.28,21.97],[72.32,22.1],[72.31,22.11],[72.32,22.15],[72.34,22.14],[72.36,22.15],[72.36,22.18],[72.39,22.16],[72.39,22.18],[72.37,22.2],[72.36,22.23],[72.38,22.22],[72.4,22.2],[72.42,22.23],[72.41,22.25],[72.42,22.28],[72.41,22.3],[72.38,22.31],[72.38,22.34],[72.4,22.35],[72.4,22.33],[72.39,22.31],[72.44,22.3],[72.47,22.24],[72.49,22.24],[72.47,22.2],[72.49,22.2],[72.51,22.23],[72.53,22.25],[72.55,22.25],[72.57,22.25],[72.61,22.28],[72.64,22.28],[72.66,22.27],[72.69,22.24],[72.76,22.23],[72.81,22.27],[72.84,22.28],[72.85,22.28],[72.87,22.24],[72.9,22.25],[72.9,22.23],[72.87,22.22],[72.82,22.25],[72.8,22.24],[72.77,22.19],[72.76,22.17],[72.7,22.18],[72.65,22.22],[72.6,22.21],[72.57,22.19],[72.55,22.15],[72.53,22.08],[72.52,22.03],[72.51,21.99],[72.5,21.94],[72.51,21.9],[72.52,21.89],[72.52,21.85],[72.53,21.85],[72.57,21.82],[72.55,21.79],[72.54,21.76],[72.54,21.74],[72.52,21.71],[72.52,21.68],[72.55,21.66],[72.56,21.66],[72.6,21.68],[72.71,21.68],[72.74,21.69],[72.77,21.66],[72.8,21.66],[72.79,21.65],[72.75,21.65],[72.75,21.64],[72.72,21.64],[72.7,21.65],[72.67,21.63],[72.65,21.62],[72.63,21.62],[72.61,21.58],[72.6,21.54],[72.63,21.5],[72.64,21.51],[72.67,21.54],[72.67,21.52],[72.67,21.48],[72.65,21.46],[72.65,21.44],[72.66,21.43],[72.62,21.38],[72.62,21.35],[72.59,21.31],[72.59,21.28],[72.6,21.25],[72.62,21.22],[72.62,21.14],[72.63,21.09],[72.65,21.08],[72.66,21.09],[72.66,21.12],[72.67,21.15],[72.68,21.16],[72.72,21.14],[72.71,21.13],[72.7,21.1],[72.71,21.07],[72.75,21.06],[72.72,21.04],[72.74,20.98],[72.75,20.94],[72.79,20.92],[72.79,20.9],[72.82,20.84],[72.83,20.81],[72.84,20.8],[72.83,20.78],[72.86,20.77],[72.87,20.75],[72.85,20.73],[72.88,20.65],[72.89,20.64],[72.9,20.57],[72.89,20.55],[72.89,20.51],[72.86,20.47],[72.84,20.44],[72.85,20.41],[72.83,20.37],[72.82,20.37],[72.81,20.35],[72.79,20.35],[72.78,20.33],[72.77,20.3],[72.76,20.29],[72.75,20.26],[72.74,20.24],[72.75,20.2],[72.74,20.14],[72.79,20.13],[72.8,20.15],[72.83,20.16],[72.83,20.18],[72.85,20.21],[72.87,20.21],[72.88,20.23],[72.93,20.22],[72.97,20.21],[72.97,20.23],[72.94,20.25],[72.92,20.27],[72.93,20.28],[72.95,20.29],[72.97,20.27],[72.99,20.28],[72.99,20.29],[73.05,20.29],[73.05,20.32],[73.06,20.33],[73.09,20.33],[73.1,20.36],[73.11,20.35],[73.12,20.33],[73.12,20.3],[73.13,20.31],[73.14,20.32],[73.18,20.31],[73.18,20.29],[73.16,20.29],[73.15,20.28],[73.14,20.26],[73.12,20.26],[73.1,20.23],[73.09,20.23],[73.07,20.22],[73.06,20.2],[73.07,20.19],[73.07,20.16],[73.09,20.17],[73.11,20.16],[73.12,20.16],[73.15,20.18],[73.14,20.2],[73.18,20.2],[73.21,20.2],[73.23,20.19],[73.22,20.17],[73.2,20.16],[73.2,20.13],[73.22,20.12],[73.24,20.13],[73.26,20.13],[73.27,20.14],[73.29,20.15],[73.29,20.19],[73.31,20.21],[73.38,20.19],[73.43,20.2],[73.42,20.26],[73.42,20.28],[73.44,20.28],[73.43,20.32],[73.43,20.34],[73.41,20.38],[73.39,20.37],[73.4,20.4],[73.42,20.41],[73.45,20.47],[73.48,20.5],[73.47,20.51],[73.5,20.54],[73.48,20.54],[73.49,20.56],[73.48,20.58],[73.44,20.6],[73.43,20.62],[73.4,20.64],[73.4,20.65],[73.44,20.66],[73.46,20.69],[73.46,20.71],[73.48,20.72],[73.5,20.69],[73.49,20.68],[73.5,20.65],[73.53,20.67],[73.54,20.67],[73.56,20.65],[73.59,20.65],[73.62,20.63],[73.64,20.58],[73.67,20.56],[73.7,20.58],[73.74,20.57],[73.75,20.57],[73.79,20.6],[73.81,20.6],[73.85,20.62],[73.85,20.66],[73.84,20.68],[73.83,20.67],[73.82,20.69],[73.84,20.7],[73.86,20.69],[73.88,20.72],[73.89,20.73],[73.92,20.72],[73.95,20.74],[73.94,20.77],[73.94,20.81],[73.95,20.84],[73.93,20.85],[73.93,20.89],[73.92,20.92],[73.9,20.93],[73.91,20.98],[73.85,20.99],[73.82,21],[73.81,21.02],[73.78,21.02],[73.77,21.04],[73.75,21.04],[73.74,21.06],[73.74,21.08],[73.74,21.1],[73.71,21.11],[73.69,21.1],[73.68,21.11],[73.66,21.11],[73.66,21.12],[73.63,21.12],[73.61,21.15],[73.59,21.15],[73.59,21.17],[73.61,21.18],[73.62,21.16],[73.64,21.15],[73.64,21.13],[73.68,21.15],[73.71,21.15],[73.74,21.14],[73.75,21.15],[73.74,21.17],[73.78,21.16],[73.8,21.18],[73.82,21.17],[73.82,21.22],[73.84,21.24],[73.83,21.27],[73.86,21.27],[73.89,21.26],[73.93,21.29],[73.95,21.3],[73.96,21.34],[73.96,21.37],[73.96,21.39],[73.98,21.4],[74.01,21.41],[74.05,21.43],[74.06,21.46],[74.07,21.48],[74.08,21.46],[74.12,21.45],[74.14,21.46],[74.16,21.45],[74.19,21.47],[74.22,21.46],[74.26,21.47],[74.27,21.48],[74.31,21.48],[74.33,21.5],[74.34,21.54],[74.31,21.54],[74.31,21.56],[74.29,21.56],[74.27,21.54],[74.26,21.54],[74.24,21.55],[74.21,21.53],[74.19,21.56],[74.14,21.56],[74.07,21.56],[74.05,21.55],[74.03,21.55],[74.01,21.54],[73.98,21.54],[73.97,21.52],[73.94,21.51],[73.94,21.52],[73.86,21.5],[73.85,21.51],[73.83,21.55],[73.82,21.6],[73.81,21.6],[73.79,21.63],[73.8,21.63],[73.83,21.64],[73.85,21.63],[73.86,21.64],[73.89,21.65],[73.9,21.67],[73.9,21.7],[73.89,21.71],[73.85,21.74],[73.83,21.76],[73.84,21.77],[73.83,21.81],[73.81,21.82],[73.84,21.84],[73.88,21.84],[73.9,21.85],[73.92,21.86],[73.98,21.89],[74.02,21.91],[74.05,21.92],[74.1,21.94],[74.15,21.95],[74.14,21.97],[74.15,21.99],[74.1,22],[74.1,22.02],[74.13,22.04],[74.14,22.05],[74.16,22.06],[74.17,22.1],[74.15,22.11],[74.13,22.1],[74.13,22.13],[74.14,22.16],[74.13,22.17],[74.12,22.21],[74.11,22.22],[74.08,22.22],[74.08,22.25],[74.08,22.27],[74.06,22.29],[74.07,22.33],[74.08,22.34],[74.07,22.36],[74.1,22.36],[74.11,22.37],[74.13,22.35],[74.13,22.33],[74.19,22.32],[74.2,22.34],[74.23,22.36],[74.24,22.38],[74.27,22.39],[74.26,22.42],[74.24,22.44],[74.2,22.44],[74.2,22.47],[74.18,22.46],[74.19,22.44],[74.16,22.44],[74.14,22.45],[74.12,22.42],[74.11,22.43],[74.1,22.47],[74.08,22.47],[74.09,22.51],[74.04,22.52],[74.04,22.54],[74.07,22.55],[74.08,22.55],[74.13,22.52],[74.15,22.52],[74.16,22.53],[74.19,22.55],[74.2,22.57],[74.21,22.57],[74.23,22.59],[74.24,22.61],[74.26,22.62],[74.26,22.64],[74.28,22.65],[74.29,22.64],[74.33,22.64],[74.36,22.64],[74.38,22.64],[74.38,22.67],[74.4,22.69],[74.4,22.73],[74.44,22.79],[74.44,22.81],[74.46,22.82],[74.48,22.86],[74.46,22.91],[74.45,22.92],[74.42,22.92],[74.4,22.9],[74.38,22.91],[74.34,22.96],[74.37,22.98],[74.36,23],[74.35,23.03],[74.33,23.04],[74.32,23.06]]]]},"properties":{"ID_0":105,"ISO":"IND","NAME_0":"India","ID_1":12,"NAME_1":"Gujarat","NL_NAME_1":"","VARNAME_1":"Goudjerate|Gujerat|Gujerate","TYPE_1":"State","ENGTYPE_1":"State","filename":"","filename_1":"","filename_2":"","filename_3":"","filename_4":""}},
{"type":"Feature","geometry":{"type":"Polygon","coordinates":[[[77.57,30.38],[77.54,30.4],[77.53,30.42],[77.51,30.45],[77.49,30.43],[77.49,30.42],[77.46,30.41],[77.43,30.4],[77.44,30.42],[77.45,30.44],[77.46,30.46],[77.45,30.47],[77.43,30.44],[77.4,30.42],[77.38,30.45],[77.36,30.44],[77.35,30.46],[77.32,30.46],[77.31,30.45],[77.26,30.47],[77.25,30.48],[77.23,30.49],[77.2,30.48],[77.2,30.51],[77.19,30.53],[77.14,30.54],[77.12,30.55],[77.11,30.57],[77.14,30.58],[77.16,30.6],[77.16,30.64],[77.15,30.65],[77.15,30.69],[77.13,30.71],[77.1,30.73],[77.08,30.74],[77.05,30.75],[77.01,30.74],[77,30.77],[76.99,30.78],[77,30.79],[77,30.81],[76.97,30.81],[76.95,30.81],[76.94,30.83],[76.93,30.84],[76.93,30.85],[76.9,30.9],[76.85,30.87],[76.82,30.89],[76.81,30.91],[76.81,30.93],[76.77,30.91],[76.76,30.89],[76.77,30.88],[76.8,30.84],[76.83,30.83],[76.83,30.8],[76.85,30.79],[76.83,30.76],[76.82,30.74],[76.84,30.71],[76.82,30.69],[76.82,30.66],[76.86,30.67],[76.86,30.64],[76.87,30.64],[76.9,30.62],[76.91,30.6],[76.9,30.57],[76.9,30.55],[76.89,30.54],[76.92,30.52],[76.91,30.49],[76.89,30.49],[76.9,30.46],[76.89,30.44],[76.9,30.43],[76.91,30.4],[76.93,30.39],[76.9,30.36],[76.88,30.36],[76.88,30.38],[76.86,30.41],[76.85,30.41],[76.83,30.43],[76.81,30.41],[76.78,30.42],[76.75,30.43],[76.73,30.42],[76.73,30.41],[76.7,30.39],[76.74,30.36],[76.7,30.32],[76.67,30.32],[76.65,30.3],[76.61,30.28],[76.58,30.27],[76.55,30.26],[76.55,30.23],[76.58,30.26],[76.59,30.25],[76.61,30.23],[76.6,30.22],[76.64,30.21],[76.64,30.19],[76.62,30.17],[76.63,30.13],[76.63,30.11],[76.62,30.1],[76.59,30.08],[76.55,30.1],[76.53,30.08],[76.5,30.08],[76.49,30.1],[76.45,30.1],[76.44,30.12],[76.43,30.15],[76.43,30.18],[76.42,30.2],[76.4,30.2],[76.38,30.18],[76.4,30.16],[76.38,30.15],[76.39,30.13],[76.36,30.13],[76.35,30.15],[76.33,30.15],[76.35,30.13],[76.33,30.11],[76.31,30.11],[76.29,30.12],[76.28,30.11],[76.25,30.12],[76.21,30.16],[76.2,30.13],[76.23,30.11],[76.25,30.11],[76.23,30.08],[76.2,30.03],[76.19,30],[76.2,29.94],[76.18,29.95],[76.17,29.93],[76.18,29.92],[76.18,29.89],[76.2,29.88],[76.23,29.89],[76.24,29.87],[76.23,29.85],[76.19,29.84],[76.17,29.82],[76.14,29.82],[76.12,29.8],[76.09,29.81],[76.08,29.81],[76.07,29.78],[76.06,29.77],[76.04,29.75],[76.02,29.76],[76,29.75],[75.97,29.73],[75.93,29.73],[75.91,29.74],[75.9,29.76],[75.88,29.75],[75.86,29.75],[75.84,29.78],[75.82,29.82],[75.8,29.81],[75.77,29.83],[75.75,29.81],[75.71,29.81],[75.7,29.76],[75.68,29.76],[75.67,29.77],[75.63,29.77],[75.62,29.75],[75.56,29.74],[75.56,29.77],[75.51,29.77],[75.44,29.81],[75.44,29.79],[75.4,29.76],[75.38,29.73],[75.38,29.71],[75.36,29.71],[75.33,29.69],[75.35,29.67],[75.32,29.67],[75.31,29.63],[75.29,29.62],[75.28,29.6],[75.3,29.59],[75.29,29.56],[75.24,29.55],[75.21,29.58],[75.22,29.61],[75.2,29.62],[75.17,29.63],[75.17,29.65],[75.16,29.67],[75.19,29.68],[75.2,29.7],[75.19,29.71],[75.2,29.73],[75.22,29.73],[75.23,29.75],[75.21,29.79],[75.2,29.8],[75.2,29.83],[75.18,29.84],[75.16,29.82],[75.15,29.79],[75.13,29.78],[75.12,29.81],[75.1,29.8],[75.09,29.82],[75.1,29.84],[75.09,29.84],[75.08,29.86],[75.1,29.87],[75.1,29.9],[75.08,29.91],[75.07,29.88],[75.04,29.88],[75.01,29.86],[74.99,29.86],[74.97,29.88],[74.97,29.89],[74.94,29.9],[74.92,29.94],[74.87,29.96],[74.85,29.96],[74.82,29.97],[74.8,29.99],[74.78,29.97],[74.74,29.97],[74.72,29.96],[74.7,29.97],[74.68,29.95],[74.64,29.92],[74.64,29.9],[74.59,29.91],[74.57,29.93],[74.52,29.94],[74.51,29.91],[74.53,29.9],[74.55,29.87],[74.53,29.84],[74.49,29.83],[74.47,29.8],[74.47,29.79],[74.47,29.74],[74.53,29.74],[74.54,29.75],[74.57,29.75],[74.59,29.77],[74.61,29.75],[74.6,29.72],[74.58,29.65],[74.59,29.64],[74.58,29.63],[74.57,29.59],[74.57,29.56],[74.61,29.53],[74.61,29.52],[74.59,29.49],[74.58,29.46],[74.53,29.47],[74.53,29.45],[74.53,29.42],[74.55,29.42],[74.57,29.41],[74.57,29.39],[74.6,29.35],[74.6,29.33],[74.64,29.33],[74.65,29.37],[74.69,29.37],[74.71,29.37],[74.73,29.35],[74.78,29.36],[74.81,29.4],[74.85,29.4],[74.87,29.39],[74.89,29.39],[74.93,29.36],[74.94,29.34],[74.95,29.32],[74.94,29.3],[74.95,29.28],[74.98,29.28],[74.99,29.27],[75.02,29.29],[75.04,29.29],[75.05,29.26],[75.08,29.23],[75.11,29.23],[75.11,29.24],[75.15,29.25],[75.16,29.26],[75.18,29.27],[75.2,29.24],[75.22,29.23],[75.24,29.25],[75.27,29.25],[75.28,29.27],[75.32,29.29],[75.33,29.28],[75.32,29.25],[75.31,29.24],[75.35,29.23],[75.35,29.25],[75.38,29.26],[75.4,29.26],[75.4,29.24],[75.39,29.23],[75.4,29.19],[75.39,29.17],[75.37,29.17],[75.36,29.14],[75.4,29.13],[75.38,29.11],[75.38,29.07],[75.43,29.06],[75.44,29.04],[75.43,29.02],[75.47,29.02],[75.51,29.01],[75.52,28.98],[75.5,28.96],[75.5,28.94],[75.47,28.94],[75.47,28.93],[75.49,28.9],[75.49,28.86],[75.51,28.84],[75.5,28.79],[75.52,28.77],[75.53,28.73],[75.54,28.65],[75.55,28.64],[75.56,28.61],[75.58,28.62],[75.58,28.61],[75.61,28.61],[75.62,28.59],[75.63,28.55],[75.67,28.53],[75.66,28.52],[75.69,28.5],[75.74,28.49],[75.74,28.47],[75.78,28.46],[75.79,28.44],[75.77,28.42],[75.77,28.41],[75.79,28.4],[75.8,28.41],[75.83,28.41],[75.84,28.4],[75.87,28.39],[75.92,28.37],[75.93,28.35],[75.96,28.34],[75.99,28.3],[76.02,28.28],[76.01,28.25],[76.01,28.24],[76.04,28.23],[76.05,28.22],[76.05,28.2],[76.07,28.2],[76.07,28.17],[76.09,28.16],[76.08,28.14],[76.07,28.14],[76.07,28.17],[76.03,28.17],[75.99,28.15],[75.99,28.13],[75.98,28.13],[75.94,28.11],[75.94,28.09],[75.96,28.08],[75.98,28.08],[76,28.06],[76.01,28.08],[76.03,28.07],[76.02,28.06],[76.01,28.04],[75.97,28.04],[75.97,28.02],[75.99,28],[75.96,28],[75.96,27.99],[75.99,27.98],[75.97,27.96],[75.96,27.94],[75.94,27.94],[75.92,27.93],[75.93,27.92],[75.96,27.92],[75.98,27.91],[75.98,27.86],[76.01,27.86],[76.05,27.85],[76.06,27.86],[76.08,27.85],[76.09,27.87],[76.12,27.85],[76.13,27.83],[76.17,27.81],[76.21,27.85],[76.19,27.86],[76.19,27.88],[76.2,27.9],[76.17,27.91],[76.18,27.97],[76.16,27.98],[76.15,27.99],[76.17,28.02],[76.2,28.03],[76.18,28.05],[76.18,28.06],[76.23,28.06],[76.25,28.07],[76.27,28.07],[76.29,28.05],[76.29,28.03],[76.32,28.02],[76.34,28.03],[76.35,28.07],[76.34,28.07],[76.31,28.11],[76.33,28.11],[76.36,28.13],[76.32,28.15],[76.28,28.17],[76.28,28.18],[76.31,28.18],[76.34,28.18],[76.35,28.17],[76.36,28.14],[76.38,28.14],[76.4,28.15],[76.43,28.15],[76.44,28.15],[76.47,28.15],[76.49,28.13],[76.5,28.11],[76.46,28.11],[76.45,28.09],[76.47,28.09],[76.5,28.06],[76.48,28.06],[76.46,28.06],[76.46,28.05],[76.49,28.05],[76.51,28.04],[76.53,28.05],[76.54,28.04],[76.54,28.02],[76.53,27.98],[76.55,27.97],[76.57,27.98],[76.6,28.01],[76.64,28.01],[76.66,28.02],[76.65,28.04],[76.65,28.09],[76.68,28.1],[76.71,28.13],[76.74,28.13],[76.76,28.15],[76.79,28.16],[76.8,28.17],[76.79,28.19],[76.81,28.2],[76.83,28.22],[76.86,28.22],[76.87,28.21],[76.9,28.2],[76.88,28.19],[76.94,28.15],[76.96,28.14],[76.95,28.07],[76.93,28.04],[76.92,28],[76.92,27.98],[76.92,27.92],[76.94,27.92],[76.94,27.9],[76.93,27.89],[76.93,27.86],[76.93,27.83],[76.91,27.84],[76.9,27.82],[76.91,27.81],[76.9,27.79],[76.89,27.72],[76.9,27.72],[76.91,27.7],[76.89,27.68],[76.91,27.66],[76.93,27.68],[76.97,27.66],[76.98,27.71],[76.99,27.74],[77.03,27.75],[77.05,27.73],[77.08,27.74],[77.07,27.76],[77.05,27.76],[77.02,27.79],[77.04,27.82],[77.07,27.81],[77.1,27.79],[77.15,27.79],[77.15,27.81],[77.17,27.82],[77.19,27.8],[77.22,27.8],[77.23,27.79],[77.25,27.8],[77.26,27.82],[77.28,27.81],[77.31,27.83],[77.34,27.86],[77.37,27.86],[77.41,27.86],[77.4,27.88],[77.42,27.89],[77.44,27.88],[77.47,27.89],[77.47,27.91],[77.47,27.93],[77.52,27.93],[77.54,27.95],[77.54,27.97],[77.51,27.97],[77.54,27.99],[77.51,28.01],[77.51,28.02],[77.48,28.05],[77.48,28.06],[77.47,28.09],[77.47,28.1],[77.5,28.12],[77.5,28.16],[77.53,28.17],[77.54,28.19],[77.52,28.21],[77.52,28.23],[77.54,28.24],[77.54,28.25],[77.51,28.25],[77.47,28.27],[77.47,28.28],[77.49,28.28],[77.5,28.31],[77.47,28.34],[77.49,28.36],[77.49,28.38],[77.47,28.39],[77.47,28.41],[77.44,28.43],[77.43,28.45],[77.4,28.46],[77.4,28.47],[77.38,28.48],[77.36,28.5],[77.34,28.51],[77.31,28.49],[77.28,28.5],[77.24,28.48],[77.23,28.47],[77.24,28.45],[77.24,28.43],[77.21,28.41],[77.17,28.41],[77.14,28.44],[77.12,28.44],[77.1,28.48],[77.11,28.49],[77.07,28.52],[77.06,28.51],[77.02,28.53],[77.01,28.51],[76.97,28.53],[76.94,28.51],[76.92,28.52],[76.9,28.52],[76.88,28.52],[76.86,28.55],[76.84,28.56],[76.83,28.58],[76.86,28.6],[76.88,28.64],[76.91,28.64],[76.92,28.67],[76.95,28.68],[76.95,28.71],[76.94,28.72],[76.95,28.75],[76.94,28.76],[76.95,28.77],[76.94,28.8],[76.94,28.82],[76.97,28.83],[76.98,28.84],[77.03,28.84],[77.05,28.87],[77.08,28.87],[77.13,28.87],[77.14,28.84],[77.16,28.86],[77.19,28.87],[77.18,28.89],[77.22,28.9],[77.2,28.92],[77.21,28.94],[77.19,28.95],[77.19,28.96],[77.21,29.01],[77.19,29.02],[77.16,29.05],[77.16,29.08],[77.12,29.1],[77.14,29.13],[77.13,29.15],[77.14,29.18],[77.13,29.23],[77.14,29.24],[77.14,29.25],[77.13,29.27],[77.15,29.32],[77.15,29.35],[77.12,29.35],[77.12,29.38],[77.14,29.38],[77.12,29.42],[77.14,29.44],[77.12,29.46],[77.12,29.49],[77.11,29.5],[77.1,29.51],[77.08,29.53],[77.09,29.54],[77.11,29.55],[77.1,29.58],[77.09,29.6],[77.11,29.65],[77.13,29.66],[77.12,29.68],[77.13,29.7],[77.14,29.7],[77.14,29.72],[77.11,29.75],[77.12,29.78],[77.15,29.79],[77.16,29.82],[77.17,29.83],[77.17,29.85],[77.18,29.87],[77.18,29.9],[77.19,29.92],[77.2,29.93],[77.23,29.97],[77.24,29.98],[77.25,29.99],[77.27,30.03],[77.27,30.05],[77.3,30.06],[77.33,30.06],[77.37,30.09],[77.39,30.09],[77.41,30.11],[77.41,30.15],[77.42,30.17],[77.45,30.17],[77.47,30.19],[77.5,30.23],[77.52,30.26],[77.53,30.29],[77.57,30.31],[77.57,30.34],[77.59,30.37],[77.57,30.38]]]},"properties":{"ID_0":105,"ISO":"IND","NAME_0":"India","ID_1":13,"NAME_1":"Haryana","NL_NAME_1":"","VARNAME_1":"","TYPE_1":"State","ENGTYPE_1":"State","filename":"","filename_1":"","filename_2":"","filename_3":"","filename_4":""}},
{"type":"Feature","geometry":{"type":"Polygon","coordinates":[[[78.41,32.51],[78.4,32.53],[78.38,32.53],[78.36,32.51],[78.31,32.48],[78.28,32.51],[78.3,32.53],[78.3,32.58],[78.33,32.58],[78.39,32.62],[78.37,32.64],[78.36,32.67],[78.37,32.7],[78.38,32.72],[78.37,32.73],[78.37,32.76],[78.34,32.76],[78.29,32.74],[78.3,32.71],[78.24,32.69],[78.22,32.68],[78.18,32.66],[78.17,32.68],[78.15,32.68],[78.14,32.67],[78.12,32.64],[78.09,32.66],[78.07,32.64],[78.07,32.63],[78.04,32.63],[78.03,32.62],[78.04,32.59],[78.02,32.59],[77.98,32.59],[77.92,32.68],[77.9,32.69],[77.92,32.76],[77.9,32.78],[77.88,32.78],[77.87,32.79],[77.86,32.82],[77.83,32.84],[77.8,32.85],[77.76,32.86],[77.77,32.89],[77.79,32.91],[77.76,32.93],[77.71,32.97],[77.68,32.98],[77.67,32.99],[77.65,32.96],[77.61,32.94],[77.58,32.94],[77.57,32.92],[77.54,32.91],[77.52,32.89],[77.48,32.89],[77.46,32.86],[77.44,32.87],[77.43,32.88],[77.41,32.88],[77.4,32.89],[77.38,32.88],[77.36,32.86],[77.36,32.83],[77.32,32.82],[77.31,32.85],[77.29,32.85],[77.26,32.88],[77.25,32.86],[77.22,32.88],[77.23,32.9],[77.18,32.92],[77.16,32.91],[77.14,32.96],[77.14,32.98],[77.1,32.99],[77.07,32.97],[77.04,33],[77,32.99],[76.96,33.01],[76.92,33.03],[76.89,33.08],[76.88,33.11],[76.85,33.11],[76.83,33.12],[76.83,33.14],[76.8,33.16],[76.8,33.17],[76.82,33.25],[76.8,33.24],[76.79,33.25],[76.76,33.25],[76.76,33.22],[76.73,33.18],[76.7,33.18],[76.69,33.17],[76.65,33.17],[76.63,33.16],[76.6,33.17],[76.59,33.2],[76.55,33.21],[76.53,33.2],[76.5,33.2],[76.47,33.18],[76.42,33.18],[76.41,33.19],[76.38,33.18],[76.36,33.16],[76.32,33.13],[76.29,33.12],[76.28,33.1],[76.26,33.05],[76.24,33.03],[76.15,33.02],[76.13,33.01],[76.09,33],[76.08,32.97],[76.04,32.94],[76.03,32.94],[76.02,32.92],[75.95,32.89],[75.93,32.88],[75.9,32.92],[75.87,32.93],[75.83,32.93],[75.81,32.93],[75.8,32.9],[75.79,32.89],[75.79,32.87],[75.82,32.84],[75.87,32.81],[75.9,32.77],[75.91,32.76],[75.91,32.72],[75.9,32.7],[75.9,32.68],[75.92,32.66],[75.92,32.64],[75.91,32.62],[75.87,32.58],[75.87,32.56],[75.85,32.52],[75.86,32.5],[75.92,32.45],[75.93,32.42],[75.93,32.41],[75.87,32.4],[75.84,32.38],[75.76,32.3],[75.75,32.29],[75.74,32.27],[75.68,32.26],[75.65,32.26],[75.62,32.23],[75.62,32.19],[75.66,32.18],[75.66,32.15],[75.61,32.1],[75.58,32.08],[75.6,32.07],[75.65,32.08],[75.69,32.06],[75.71,32.04],[75.73,32.04],[75.77,32],[75.8,31.99],[75.84,31.98],[75.87,31.97],[75.89,31.95],[75.95,31.85],[75.95,31.82],[75.92,31.82],[75.94,31.78],[75.95,31.78],[75.98,31.71],[76,31.66],[76,31.65],[76.02,31.62],[76.04,31.6],[76.04,31.59],[76.08,31.54],[76.11,31.5],[76.13,31.44],[76.14,31.43],[76.16,31.4],[76.13,31.38],[76.14,31.35],[76.17,31.34],[76.17,31.31],[76.21,31.31],[76.22,31.31],[76.26,31.31],[76.29,31.32],[76.3,31.33],[76.3,31.34],[76.33,31.35],[76.33,31.38],[76.32,31.4],[76.35,31.41],[76.36,31.42],[76.36,31.44],[76.39,31.4],[76.39,31.38],[76.43,31.33],[76.45,31.31],[76.47,31.31],[76.49,31.27],[76.51,31.28],[76.55,31.26],[76.57,31.28],[76.6,31.25],[76.58,31.23],[76.59,31.22],[76.62,31.23],[76.64,31.21],[76.61,31.2],[76.59,31.18],[76.59,31.16],[76.6,31.15],[76.59,31.13],[76.63,31.11],[76.6,31.08],[76.61,31.06],[76.6,31.05],[76.61,31.02],[76.61,31],[76.65,30.98],[76.67,30.97],[76.69,30.97],[76.71,30.96],[76.73,30.94],[76.75,30.93],[76.77,30.91],[76.81,30.93],[76.81,30.91],[76.82,30.89],[76.85,30.87],[76.9,30.9],[76.93,30.85],[76.93,30.84],[76.94,30.83],[76.95,30.81],[76.97,30.81],[77,30.81],[77,30.79],[76.99,30.78],[77,30.77],[77.01,30.74],[77.05,30.75],[77.08,30.74],[77.1,30.73],[77.13,30.71],[77.15,30.69],[77.15,30.65],[77.16,30.64],[77.16,30.6],[77.14,30.58],[77.11,30.57],[77.12,30.55],[77.14,30.54],[77.19,30.53],[77.2,30.51],[77.2,30.48],[77.23,30.49],[77.25,30.48],[77.26,30.47],[77.31,30.45],[77.32,30.46],[77.35,30.46],[77.36,30.44],[77.38,30.45],[77.4,30.42],[77.43,30.44],[77.45,30.47],[77.46,30.46],[77.45,30.44],[77.44,30.42],[77.43,30.4],[77.46,30.41],[77.49,30.42],[77.49,30.43],[77.51,30.45],[77.53,30.42],[77.54,30.4],[77.57,30.38],[77.56,30.4],[77.56,30.42],[77.58,30.43],[77.6,30.44],[77.63,30.44],[77.64,30.45],[77.66,30.45],[77.71,30.48],[77.72,30.48],[77.77,30.5],[77.8,30.51],[77.81,30.54],[77.81,30.56],[77.78,30.56],[77.75,30.57],[77.73,30.61],[77.76,30.6],[77.76,30.62],[77.77,30.64],[77.77,30.67],[77.73,30.69],[77.74,30.71],[77.71,30.75],[77.69,30.75],[77.69,30.77],[77.7,30.78],[77.72,30.81],[77.74,30.84],[77.73,30.85],[77.74,30.88],[77.77,30.87],[77.78,30.87],[77.79,30.9],[77.8,30.91],[77.79,30.93],[77.75,30.92],[77.73,30.95],[77.74,30.96],[77.75,30.98],[77.8,30.97],[77.81,30.99],[77.82,31.01],[77.81,31.05],[77.82,31.07],[77.84,31.08],[77.85,31.11],[77.88,31.12],[77.88,31.14],[77.9,31.16],[77.91,31.16],[77.95,31.18],[77.97,31.17],[77.99,31.17],[78.01,31.16],[78.03,31.19],[78.05,31.19],[78.09,31.19],[78.12,31.21],[78.13,31.22],[78.15,31.23],[78.17,31.23],[78.18,31.22],[78.21,31.24],[78.23,31.24],[78.27,31.27],[78.29,31.27],[78.3,31.29],[78.32,31.29],[78.36,31.29],[78.37,31.29],[78.39,31.26],[78.4,31.25],[78.42,31.26],[78.44,31.24],[78.47,31.22],[78.47,31.2],[78.54,31.21],[78.57,31.23],[78.6,31.24],[78.64,31.22],[78.65,31.2],[78.68,31.2],[78.7,31.2],[78.75,31.19],[78.8,31.21],[78.8,31.18],[78.82,31.15],[78.86,31.11],[78.88,31.1],[78.9,31.12],[78.94,31.11],[78.97,31.12],[79,31.12],[78.98,31.15],[78.97,31.18],[78.95,31.19],[78.94,31.22],[78.91,31.23],[78.91,31.26],[78.88,31.27],[78.87,31.3],[78.85,31.32],[78.83,31.33],[78.84,31.35],[78.83,31.38],[78.78,31.4],[78.79,31.42],[78.8,31.45],[78.74,31.49],[78.72,31.49],[78.71,31.52],[78.72,31.54],[78.75,31.55],[78.77,31.57],[78.8,31.58],[78.82,31.6],[78.83,31.63],[78.78,31.66],[78.78,31.69],[78.75,31.69],[78.73,31.69],[78.72,31.73],[78.71,31.74],[78.72,31.76],[78.7,31.77],[78.69,31.79],[78.69,31.81],[78.72,31.84],[78.72,31.89],[78.73,31.91],[78.75,31.93],[78.76,31.96],[78.77,32],[78.74,32],[78.69,32.05],[78.69,32.06],[78.65,32.09],[78.65,32.11],[78.6,32.12],[78.59,32.15],[78.57,32.16],[78.59,32.19],[78.59,32.22],[78.54,32.25],[78.52,32.25],[78.48,32.24],[78.44,32.25],[78.46,32.28],[78.47,32.29],[78.46,32.34],[78.47,32.36],[78.49,32.38],[78.5,32.39],[78.52,32.42],[78.5,32.43],[78.48,32.43],[78.46,32.45],[78.44,32.46],[78.44,32.47],[78.45,32.49],[78.43,32.51],[78.41,32.51]]]},"properties":{"ID_0":105,"ISO":"IND","NAME_0":"India","ID_1":14,"NAME_1":"Himachal Pradesh","NL_NAME_1":"","VARNAME_1":"","TYPE_1":"Union Territor","ENGTYPE_1":"Union Territory","filename":"","filename_1":"","filename_2":"","filename_3":"","filename_4":""}},
{"type":"Feature","geometry":{"type":"Polygon","coordinates":[[[78.41,32.51],[78.4,32.54],[78.41,32.56],[78.45,32.58],[78.49,32.57],[78.53,32.61],[78.56,32.61],[78.6,32.6],[78.63,32.61],[78.65,32.65],[78.72,32.68],[78.74,32.7],[78.76,32.68],[78.78,32.6],[78.77,32.57],[78.77,32.54],[78.78,32.49],[78.78,32.48],[78.82,32.44],[78.84,32.43],[78.87,32.41],[78.89,32.39],[78.91,32.37],[78.97,32.34],[78.99,32.36],[79.02,32.37],[79.05,32.38],[79.07,32.38],[79.09,32.37],[79.1,32.37],[79.12,32.42],[79.12,32.45],[79.15,32.48],[79.2,32.51],[79.25,32.52],[79.27,32.52],[79.3,32.49],[79.32,32.49],[79.35,32.53],[79.4,32.56],[79.43,32.58],[79.46,32.59],[79.51,32.59],[79.55,32.61],[79.56,32.63],[79.56,32.67],[79.56,32.71],[79.54,32.75],[79.53,32.77],[79.48,32.79],[79.46,32.82],[79.46,32.87],[79.43,32.91],[79.39,32.93],[79.37,32.96],[79.35,33],[79.35,33.03],[79.37,33.06],[79.41,33.14],[79.42,33.16],[79.41,33.18],[79.38,33.19],[79.32,33.19],[79.21,33.19],[79.18,33.19],[79.14,33.2],[79.07,33.23],[79.07,33.26],[79.07,33.28],[79.07,33.3],[79.03,33.31],[79.02,33.33],[78.99,33.35],[78.97,33.37],[78.95,33.37],[78.94,33.39],[78.92,33.4],[78.87,33.44],[78.82,33.48],[78.78,33.53],[78.73,33.62],[78.71,33.65],[78.71,33.68],[78.78,33.75],[78.78,33.77],[78.78,33.8],[78.74,33.84],[78.72,33.89],[78.71,33.92],[78.72,33.96],[78.76,34],[78.77,34.02],[78.76,34.04],[78.71,34.05],[78.71,34.07],[78.73,34.1],[78.87,34.16],[78.91,34.18],[78.96,34.22],[78.98,34.24],[78.99,34.29],[78.99,34.3],[78.98,34.33],[78.92,34.38],[78.89,34.39],[78.84,34.41],[78.76,34.46],[78.73,34.5],[78.7,34.51],[78.66,34.53],[78.61,34.58],[78.57,34.61],[78.54,34.61],[78.48,34.6],[78.42,34.61],[78.41,34.64],[78.39,34.65],[78.32,34.66],[78.28,34.67],[78.25,34.7],[78.22,34.73],[78.21,34.77],[78.18,34.88],[78.13,34.97],[78.08,35.08],[78.09,35.1],[78.12,35.11],[78.12,35.14],[78.12,35.15],[78.06,35.18],[78.04,35.2],[78.02,35.25],[78,35.29],[77.99,35.38],[78,35.39],[78.02,35.42],[78.1,35.46],[78.11,35.47],[78.1,35.48],[78.08,35.49],[77.99,35.49],[77.95,35.47],[77.93,35.44],[77.9,35.43],[77.89,35.43],[77.86,35.46],[77.85,35.5],[77.82,35.5],[77.81,35.49],[77.74,35.43],[77.65,35.37],[77.59,35.32],[77.49,35.27],[77.44,35.23],[77.38,35.2],[77.3,35.15],[77.28,35.14],[77.16,35.05],[77.07,35.02],[77.01,35.04],[77.01,35.02],[77.01,34.96],[77,34.94],[76.97,34.94],[76.95,34.94],[76.88,34.97],[76.86,34.97],[76.83,34.94],[76.81,34.94],[76.76,34.93],[76.75,34.93],[76.74,34.9],[76.74,34.84],[76.74,34.83],[76.71,34.8],[76.69,34.76],[76.67,34.76],[76.58,34.76],[76.56,34.76],[76.51,34.78],[76.49,34.79],[76.47,34.79],[76.44,34.76],[76.39,34.74],[76.32,34.73],[76.3,34.72],[76.28,34.69],[76.19,34.66],[76.16,34.64],[76.12,34.65],[76.09,34.67],[76.06,34.68],[76.04,34.67],[76,34.64],[75.97,34.63],[75.93,34.62],[75.92,34.6],[75.84,34.57],[75.79,34.53],[75.75,34.52],[75.69,34.52],[75.64,34.53],[75.59,34.54],[75.51,34.54],[75.46,34.54],[75.39,34.55],[75.35,34.56],[75.26,34.61],[75.27,34.64],[75.25,34.65],[75.21,34.65],[75.18,34.66],[75.14,34.66],[75.08,34.66],[75.04,34.64],[75.02,34.64],[74.95,34.67],[74.93,34.68],[74.89,34.68],[74.84,34.68],[74.73,34.69],[74.67,34.7],[74.64,34.73],[74.62,34.74],[74.58,34.77],[74.54,34.78],[74.51,34.78],[74.47,34.79],[74.38,34.8],[74.35,34.79],[74.32,34.8],[74.3,34.8],[74.29,34.77],[74.27,34.76],[74.2,34.74],[74.15,34.7],[74.13,34.69],[74.09,34.69],[74.06,34.69],[74.04,34.69],[74.01,34.71],[73.96,34.7],[73.94,34.68],[73.93,34.65],[73.95,34.57],[73.9,34.55],[73.89,34.51],[73.9,34.5],[73.85,34.47],[73.81,34.44],[73.78,34.42],[73.76,34.36],[73.77,34.35],[73.81,34.36],[73.84,34.34],[73.9,34.36],[73.92,34.34],[73.94,34.3],[73.98,34.26],[73.98,34.24],[73.98,34.21],[73.94,34.17],[73.92,34.14],[73.9,34.12],[73.9,34.1],[73.89,34.08],[73.88,34.05],[73.9,34.03],[74,34.03],[74.01,34.02],[74.09,34.04],[74.11,34.05],[74.13,34.05],[74.16,34.04],[74.21,34.04],[74.25,34.01],[74.26,33.97],[74.26,33.92],[74.25,33.9],[74.22,33.87],[74.17,33.84],[74.13,33.83],[74.09,33.83],[74.05,33.81],[74.03,33.78],[74,33.75],[73.97,33.74],[73.96,33.72],[73.98,33.69],[74,33.62],[74.03,33.57],[74.05,33.57],[74.09,33.57],[74.12,33.54],[74.14,33.52],[74.18,33.48],[74.19,33.46],[74.18,33.43],[74.19,33.38],[74.17,33.34],[74.1,33.27],[74.08,33.26],[74.02,33.26],[74.01,33.25],[74.01,33.2],[74.03,33.19],[74.08,33.18],[74.11,33.16],[74.18,33.11],[74.21,33.04],[74.25,33.05],[74.28,33.04],[74.31,33.03],[74.34,33.03],[74.35,33.01],[74.35,32.98],[74.35,32.97],[74.32,32.94],[74.32,32.92],[74.35,32.91],[74.39,32.91],[74.41,32.9],[74.43,32.88],[74.43,32.84],[74.45,32.82],[74.47,32.78],[74.53,32.74],[74.57,32.76],[74.61,32.76],[74.64,32.79],[74.64,32.82],[74.68,32.84],[74.7,32.83],[74.69,32.8],[74.67,32.77],[74.65,32.72],[74.65,32.69],[74.68,32.67],[74.67,32.65],[74.64,32.61],[74.65,32.56],[74.68,32.54],[74.68,32.52],[74.69,32.49],[74.7,32.48],[74.74,32.48],[74.8,32.48],[74.82,32.5],[74.86,32.49],[74.88,32.48],[74.9,32.47],[74.93,32.47],[74.95,32.45],[74.99,32.45],[75.03,32.49],[75.08,32.48],[75.12,32.44],[75.13,32.42],[75.15,32.41],[75.18,32.43],[75.2,32.4],[75.23,32.4],[75.25,32.38],[75.28,32.37],[75.32,32.34],[75.33,32.34],[75.38,32.33],[75.41,32.32],[75.47,32.34],[75.47,32.32],[75.49,32.31],[75.49,32.29],[75.5,32.28],[75.52,32.3],[75.52,32.34],[75.55,32.36],[75.59,32.38],[75.65,32.39],[75.68,32.4],[75.71,32.42],[75.75,32.48],[75.78,32.48],[75.8,32.49],[75.83,32.51],[75.84,32.54],[75.87,32.58],[75.91,32.62],[75.92,32.64],[75.92,32.66],[75.9,32.68],[75.9,32.7],[75.91,32.72],[75.91,32.76],[75.9,32.77],[75.87,32.81],[75.82,32.84],[75.79,32.87],[75.79,32.89],[75.8,32.9],[75.81,32.93],[75.83,32.93],[75.87,32.93],[75.9,32.92],[75.93,32.88],[75.95,32.89],[76.02,32.92],[76.03,32.94],[76.04,32.94],[76.08,32.97],[76.09,33],[76.13,33.01],[76.15,33.02],[76.24,33.03],[76.26,33.05],[76.28,33.1],[76.29,33.12],[76.32,33.13],[76.36,33.16],[76.38,33.18],[76.41,33.19],[76.42,33.18],[76.47,33.18],[76.5,33.2],[76.53,33.2],[76.55,33.21],[76.59,33.2],[76.6,33.17],[76.63,33.16],[76.65,33.17],[76.69,33.17],[76.7,33.18],[76.73,33.18],[76.76,33.22],[76.76,33.25],[76.79,33.25],[76.8,33.24],[76.82,33.25],[76.8,33.17],[76.8,33.16],[76.83,33.14],[76.83,33.12],[76.85,33.11],[76.88,33.11],[76.89,33.08],[76.92,33.03],[76.96,33.01],[77,32.99],[77.04,33],[77.07,32.97],[77.1,32.99],[77.14,32.98],[77.14,32.96],[77.16,32.91],[77.18,32.92],[77.23,32.9],[77.22,32.88],[77.25,32.86],[77.26,32.88],[77.29,32.85],[77.31,32.85],[77.32,32.82],[77.36,32.83],[77.36,32.86],[77.38,32.88],[77.4,32.89],[77.41,32.88],[77.43,32.88],[77.44,32.87],[77.46,32.86],[77.48,32.89],[77.52,32.89],[77.54,32.91],[77.57,32.92],[77.58,32.94],[77.61,32.94],[77.65,32.96],[77.67,32.99],[77.68,32.98],[77.71,32.97],[77.76,32.93],[77.79,32.91],[77.77,32.89],[77.76,32.86],[77.8,32.85],[77.83,32.84],[77.86,32.82],[77.87,32.79],[77.88,32.78],[77.9,32.78],[77.92,32.76],[77.9,32.69],[77.92,32.68],[77.98,32.59],[78.02,32.59],[78.04,32.59],[78.03,32.62],[78.04,32.63],[78.07,32.63],[78.07,32.64],[78.09,32.66],[78.12,32.64],[78.14,32.67],[78.15,32.68],[78.17,32.68],[78.18,32.66],[78.22,32.68],[78.24,32.69],[78.3,32.71],[78.29,32.74],[78.34,32.76],[78.37,32.76],[78.37,32.73],[78.38,32.72],[78.37,32.7],[78.36,32.67],[78.37,32.64],[78.39,32.62],[78.33,32.58],[78.3,32.58],[78.3,32.53],[78.28,32.51],[78.31,32.48],[78.36,32.51],[78.38,32.53],[78.4,32.53],[78.41,32.51]]]},"properties":{"ID_0":105,"ISO":"IND","NAME_0":"India","ID_1":15,"NAME_1":"Jammu and Kashmir","NL_NAME_1":"","VARNAME_1":"","TYPE_1":"State","ENGTYPE_1":"State","filename":"","filename_1":"","filename_2":"","filename_3":"","filename_4":""}},
{"type":"Feature","geometry":{"type":"Polygon","coordinates":[[[87.79,25.22],[87.78,25.25],[87.71,25.26],[87.71,25.27],[87.69,25.28],[87.69,25.3],[87.68,25.31],[87.65,25.31],[87.63,25.32],[87.61,25.31],[87.57,25.33],[87.55,25.33],[87.54,25.3],[87.53,25.28],[87.51,25.29],[87.48,25.3],[87.5,25.27],[87.47,25.24],[87.47,25.19],[87.46,25.2],[87.39,25.23],[87.38,25.22],[87.37,25.21],[87.32,25.22],[87.31,25.15],[87.3,25.13],[87.29,25.09],[87.27,25.09],[87.26,25.1],[87.24,25.1],[87.23,25.09],[87.21,25.09],[87.19,25.07],[87.18,25.06],[87.14,25.01],[87.15,24.99],[87.15,24.92],[87.16,24.89],[87.15,24.86],[87.11,24.85],[87.08,24.81],[87.1,24.8],[87.08,24.78],[87.09,24.76],[87.07,24.74],[87.08,24.72],[87.07,24.69],[87.05,24.67],[87.04,24.62],[87.05,24.61],[87.01,24.61],[86.97,24.63],[86.94,24.63],[86.9,24.59],[86.91,24.54],[86.88,24.57],[86.85,24.55],[86.84,24.55],[86.84,24.57],[86.81,24.56],[86.81,24.59],[86.79,24.62],[86.75,24.61],[86.75,24.59],[86.73,24.58],[86.72,24.58],[86.67,24.56],[86.65,24.57],[86.6,24.6],[86.58,24.59],[86.58,24.57],[86.55,24.56],[86.55,24.54],[86.52,24.54],[86.51,24.52],[86.49,24.48],[86.49,24.44],[86.49,24.43],[86.47,24.42],[86.47,24.4],[86.46,24.38],[86.45,24.37],[86.42,24.38],[86.4,24.4],[86.37,24.42],[86.35,24.44],[86.32,24.44],[86.3,24.46],[86.29,24.48],[86.31,24.51],[86.3,24.53],[86.3,24.56],[86.32,24.57],[86.29,24.59],[86.25,24.59],[86.22,24.61],[86.22,24.59],[86.17,24.58],[86.15,24.6],[86.13,24.61],[86.12,24.64],[86.13,24.68],[86.12,24.71],[86.11,24.74],[86.06,24.75],[86.05,24.78],[86.01,24.77],[86,24.75],[85.98,24.75],[85.97,24.73],[85.95,24.73],[85.91,24.75],[85.88,24.8],[85.83,24.81],[85.81,24.79],[85.78,24.8],[85.77,24.81],[85.74,24.82],[85.72,24.79],[85.71,24.78],[85.7,24.76],[85.7,24.73],[85.68,24.69],[85.65,24.69],[85.66,24.67],[85.66,24.65],[85.67,24.62],[85.66,24.58],[85.64,24.58],[85.61,24.59],[85.6,24.6],[85.58,24.6],[85.56,24.58],[85.57,24.57],[85.54,24.55],[85.53,24.53],[85.52,24.52],[85.5,24.53],[85.49,24.55],[85.43,24.54],[85.4,24.54],[85.38,24.53],[85.32,24.52],[85.3,24.53],[85.28,24.52],[85.28,24.5],[85.25,24.5],[85.22,24.47],[85.2,24.47],[85.15,24.46],[85.17,24.43],[85.15,24.42],[85.12,24.41],[85.09,24.38],[85.07,24.39],[85.07,24.41],[85.07,24.44],[85.05,24.42],[85.03,24.43],[84.99,24.41],[84.97,24.38],[84.95,24.37],[84.93,24.38],[84.9,24.37],[84.9,24.39],[84.88,24.42],[84.88,24.46],[84.86,24.46],[84.83,24.47],[84.83,24.51],[84.82,24.52],[84.78,24.52],[84.78,24.5],[84.74,24.5],[84.72,24.47],[84.71,24.47],[84.68,24.46],[84.67,24.43],[84.67,24.41],[84.66,24.39],[84.62,24.4],[84.6,24.4],[84.57,24.41],[84.56,24.4],[84.57,24.38],[84.55,24.37],[84.52,24.38],[84.52,24.33],[84.49,24.29],[84.47,24.31],[84.45,24.34],[84.42,24.33],[84.42,24.36],[84.39,24.37],[84.38,24.39],[84.36,24.39],[84.34,24.4],[84.33,24.41],[84.33,24.43],[84.31,24.45],[84.29,24.45],[84.29,24.47],[84.29,24.48],[84.32,24.49],[84.33,24.5],[84.32,24.52],[84.29,24.57],[84.27,24.56],[84.27,24.54],[84.26,24.54],[84.22,24.55],[84.17,24.54],[84.18,24.52],[84.18,24.51],[84.15,24.52],[84.16,24.53],[84.15,24.54],[84.14,24.53],[84.14,24.5],[84.11,24.48],[84.09,24.5],[84.09,24.53],[84.08,24.55],[84.07,24.57],[84.06,24.58],[84.05,24.61],[84.02,24.63],[83.99,24.64],[83.97,24.6],[83.96,24.58],[83.93,24.55],[83.87,24.53],[83.86,24.54],[83.8,24.53],[83.75,24.51],[83.72,24.5],[83.68,24.52],[83.6,24.51],[83.57,24.52],[83.54,24.53],[83.5,24.53],[83.43,24.51],[83.39,24.5],[83.39,24.48],[83.38,24.46],[83.4,24.44],[83.4,24.41],[83.43,24.4],[83.44,24.37],[83.43,24.35],[83.4,24.34],[83.38,24.31],[83.4,24.29],[83.4,24.27],[83.38,24.23],[83.38,24.2],[83.36,24.16],[83.35,24.13],[83.32,24.1],[83.35,24.1],[83.38,24.1],[83.4,24.08],[83.43,24.08],[83.43,24.05],[83.45,24.04],[83.48,24.04],[83.51,24.03],[83.51,24],[83.51,23.97],[83.54,23.93],[83.54,23.91],[83.55,23.89],[83.57,23.89],[83.58,23.86],[83.6,23.85],[83.66,23.84],[83.66,23.83],[83.67,23.82],[83.7,23.82],[83.7,23.81],[83.71,23.79],[83.71,23.77],[83.73,23.75],[83.73,23.7],[83.71,23.68],[83.75,23.65],[83.75,23.63],[83.76,23.62],[83.77,23.6],[83.81,23.58],[83.82,23.58],[83.94,23.56],[83.93,23.59],[83.94,23.62],[83.98,23.63],[84,23.62],[84.02,23.6],[84.03,23.57],[84.02,23.54],[84.01,23.5],[84,23.49],[83.97,23.45],[83.98,23.43],[83.97,23.39],[83.97,23.37],[83.98,23.36],[84.01,23.35],[84.02,23.38],[84.04,23.37],[84.05,23.35],[84.07,23.33],[84.06,23.31],[84.06,23.29],[84.05,23.24],[84.06,23.2],[84.04,23.18],[84.03,23.15],[84.03,23.14],[84.07,23.11],[84.09,23.11],[84.11,23.09],[84.13,23.09],[84.13,23.06],[84.12,23.03],[84.14,22.99],[84.15,22.96],[84.17,22.97],[84.17,23],[84.18,23.02],[84.2,23.02],[84.2,23],[84.22,22.98],[84.24,22.98],[84.25,22.97],[84.27,22.98],[84.28,22.96],[84.31,22.97],[84.33,22.98],[84.37,22.98],[84.38,22.95],[84.39,22.94],[84.39,22.92],[84.38,22.9],[84.38,22.87],[84.36,22.86],[84.33,22.86],[84.32,22.85],[84.32,22.82],[84.31,22.8],[84.29,22.79],[84.29,22.76],[84.26,22.76],[84.23,22.74],[84.23,22.69],[84.21,22.66],[84.2,22.66],[84.18,22.65],[84.15,22.63],[84.08,22.64],[84.05,22.59],[84.02,22.59],[84.01,22.57],[84,22.54],[84,22.52],[84.03,22.51],[84.06,22.51],[84.08,22.49],[84.11,22.47],[84.14,22.47],[84.13,22.45],[84.14,22.42],[84.15,22.4],[84.18,22.38],[84.19,22.37],[84.25,22.37],[84.27,22.35],[84.29,22.34],[84.32,22.34],[84.37,22.35],[84.39,22.34],[84.43,22.35],[84.43,22.36],[84.45,22.38],[84.47,22.38],[84.47,22.4],[84.5,22.42],[84.54,22.42],[84.57,22.42],[84.63,22.43],[84.66,22.41],[84.74,22.41],[84.75,22.44],[84.8,22.44],[84.81,22.43],[84.84,22.43],[84.88,22.44],[84.88,22.42],[84.91,22.42],[84.92,22.43],[84.95,22.45],[84.96,22.44],[85.05,22.48],[85.07,22.47],[85.07,22.46],[85.06,22.44],[85.06,22.42],[85.07,22.41],[85.08,22.38],[85.07,22.35],[85.09,22.34],[85.09,22.32],[85.11,22.31],[85.11,22.29],[85.07,22.27],[85.07,22.25],[85.07,22.23],[85.05,22.19],[85.05,22.18],[85.03,22.15],[85.03,22.14],[85.02,22.11],[84.98,22.09],[84.99,22.08],[85,22.08],[85.02,22.1],[85.04,22.11],[85.07,22.11],[85.1,22.1],[85.1,22.08],[85.12,22.07],[85.14,22.07],[85.21,22.04],[85.21,22.01],[85.23,22],[85.24,22.01],[85.27,22.08],[85.3,22.11],[85.32,22.12],[85.36,22.12],[85.36,22.15],[85.41,22.16],[85.46,22.14],[85.49,22.12],[85.51,22.11],[85.54,22.09],[85.58,22.08],[85.59,22.07],[85.63,22.08],[85.64,22.09],[85.68,22.05],[85.69,22.06],[85.72,22.06],[85.75,22.07],[85.76,22.08],[85.79,22.1],[85.8,22.11],[85.83,22.08],[85.81,22.07],[85.79,22.08],[85.77,22.05],[85.78,22.04],[85.76,22.01],[85.76,21.99],[85.78,21.98],[85.84,21.98],[85.89,21.98],[85.91,22],[85.93,22.02],[85.94,22.02],[85.98,22.07],[85.98,22.08],[86,22.11],[85.99,22.13],[86.03,22.19],[86.02,22.2],[85.99,22.22],[85.97,22.24],[85.99,22.27],[86.02,22.3],[86.01,22.32],[86.02,22.33],[85.99,22.34],[86.02,22.36],[86.02,22.38],[86.01,22.42],[85.99,22.42],[85.95,22.46],[85.97,22.48],[85.97,22.5],[86,22.51],[86.03,22.53],[86.02,22.54],[86.04,22.56],[86.07,22.54],[86.1,22.49],[86.15,22.48],[86.2,22.47],[86.22,22.45],[86.27,22.44],[86.28,22.45],[86.29,22.43],[86.32,22.39],[86.33,22.37],[86.34,22.37],[86.35,22.35],[86.38,22.34],[86.42,22.31],[86.44,22.32],[86.46,22.32],[86.5,22.34],[86.51,22.32],[86.52,22.32],[86.52,22.3],[86.55,22.3],[86.58,22.3],[86.59,22.28],[86.62,22.28],[86.65,22.26],[86.65,22.24],[86.67,22.24],[86.68,22.22],[86.72,22.22],[86.75,22.21],[86.79,22.22],[86.81,22.24],[86.8,22.25],[86.82,22.26],[86.85,22.26],[86.89,22.25],[86.89,22.28],[86.87,22.3],[86.83,22.32],[86.83,22.34],[86.84,22.37],[86.84,22.4],[86.81,22.42],[86.76,22.42],[86.75,22.47],[86.75,22.48],[86.79,22.47],[86.79,22.52],[86.78,22.54],[86.76,22.55],[86.76,22.57],[86.71,22.58],[86.67,22.57],[86.65,22.58],[86.65,22.59],[86.63,22.6],[86.64,22.66],[86.62,22.67],[86.58,22.69],[86.55,22.71],[86.48,22.72],[86.45,22.76],[86.42,22.78],[86.42,22.81],[86.43,22.83],[86.43,22.86],[86.45,22.86],[86.45,22.88],[86.46,22.9],[86.43,22.92],[86.44,22.93],[86.46,22.93],[86.47,22.95],[86.49,22.94],[86.5,22.95],[86.52,22.94],[86.54,22.96],[86.53,22.98],[86.51,22.97],[86.5,22.99],[86.46,22.99],[86.42,22.99],[86.39,22.97],[86.38,22.99],[86.36,23],[86.33,22.99],[86.28,23.01],[86.26,23],[86.21,22.99],[86.2,23.02],[86.18,23.01],[86.16,23.04],[86.13,23.06],[86.14,23.08],[86.12,23.09],[86.09,23.09],[86.04,23.11],[86.05,23.13],[86.04,23.14],[85.98,23.15],[85.95,23.14],[85.94,23.13],[85.91,23.13],[85.9,23.15],[85.88,23.16],[85.88,23.17],[85.86,23.19],[85.84,23.19],[85.83,23.26],[85.83,23.28],[85.86,23.3],[85.87,23.33],[85.87,23.36],[85.9,23.38],[85.88,23.39],[85.88,23.41],[85.86,23.41],[85.86,23.45],[85.87,23.48],[85.91,23.47],[85.94,23.46],[86.02,23.49],[86.04,23.49],[86.03,23.52],[86.01,23.55],[86.01,23.56],[86.04,23.58],[86.07,23.58],[86.07,23.57],[86.1,23.57],[86.14,23.57],[86.15,23.55],[86.14,23.53],[86.16,23.5],[86.14,23.48],[86.18,23.48],[86.2,23.46],[86.22,23.46],[86.22,23.44],[86.25,23.43],[86.28,23.44],[86.28,23.43],[86.3,23.42],[86.31,23.43],[86.3,23.44],[86.33,23.46],[86.35,23.46],[86.36,23.51],[86.37,23.52],[86.36,23.54],[86.38,23.57],[86.38,23.58],[86.41,23.59],[86.44,23.63],[86.48,23.64],[86.53,23.63],[86.59,23.66],[86.65,23.68],[86.71,23.7],[86.73,23.69],[86.74,23.68],[86.79,23.69],[86.79,23.7],[86.8,23.74],[86.82,23.74],[86.82,23.78],[86.8,23.8],[86.8,23.81],[86.82,23.81],[86.84,23.82],[86.86,23.84],[86.88,23.84],[86.88,23.86],[86.9,23.88],[86.92,23.87],[86.93,23.85],[86.94,23.84],[86.96,23.86],[87,23.85],[87.03,23.84],[87.06,23.82],[87.11,23.8],[87.15,23.79],[87.17,23.82],[87.15,23.83],[87.13,23.85],[87.14,23.87],[87.19,23.86],[87.19,23.84],[87.22,23.86],[87.22,23.83],[87.25,23.83],[87.26,23.84],[87.25,23.86],[87.24,23.9],[87.26,23.9],[87.26,23.87],[87.29,23.89],[87.29,23.93],[87.29,23.96],[87.26,23.97],[87.27,23.98],[87.25,24],[87.23,24.02],[87.24,24.04],[87.27,24.03],[87.33,24.03],[87.32,24],[87.34,23.99],[87.36,24.01],[87.39,24],[87.44,23.98],[87.46,23.99],[87.44,24],[87.45,24.02],[87.47,24.01],[87.5,24.02],[87.51,24.05],[87.49,24.05],[87.51,24.08],[87.49,24.09],[87.5,24.12],[87.52,24.1],[87.54,24.09],[87.57,24.09],[87.57,24.11],[87.58,24.12],[87.6,24.13],[87.59,24.15],[87.58,24.16],[87.63,24.16],[87.64,24.15],[87.69,24.15],[87.7,24.18],[87.67,24.21],[87.64,24.21],[87.65,24.25],[87.68,24.25],[87.71,24.27],[87.71,24.29],[87.73,24.29],[87.76,24.3],[87.76,24.33],[87.8,24.38],[87.8,24.4],[87.79,24.41],[87.79,24.43],[87.82,24.47],[87.8,24.49],[87.8,24.52],[87.8,24.56],[87.81,24.58],[87.82,24.56],[87.85,24.55],[87.87,24.56],[87.89,24.56],[87.89,24.58],[87.91,24.59],[87.9,24.61],[87.91,24.66],[87.89,24.68],[87.9,24.69],[87.9,24.72],[87.84,24.74],[87.82,24.77],[87.85,24.76],[87.87,24.77],[87.9,24.84],[87.91,24.86],[87.97,24.88],[87.97,24.9],[87.97,24.92],[87.96,24.94],[87.91,24.99],[87.9,25],[87.86,25.04],[87.83,25.06],[87.79,25.08],[87.77,25.1],[87.77,25.15],[87.79,25.22]]]},"properties":{"ID_0":105,"ISO":"IND","NAME_0":"India","ID_1":16,"NAME_1":"Jharkhand","NL_NAME_1":"","VARNAME_1":"Vananchal","TYPE_1":"State","ENGTYPE_1":"State","filename":"","filename_1":"","filename_2":"","filename_3":"","filename_4":""}},
{"type":"Feature","geometry":{"type":"Polygon","coordinates":[[[77.55,18.29],[77.52,18.31],[77.51,18.3],[77.51,18.28],[77.49,18.27],[77.47,18.26],[77.44,18.28],[77.44,18.31],[77.41,18.3],[77.36,18.31],[77.37,18.32],[77.39,18.34],[77.39,18.37],[77.41,18.38],[77.4,18.4],[77.37,18.4],[77.36,18.43],[77.35,18.45],[77.34,18.43],[77.33,18.46],[77.31,18.44],[77.24,18.41],[77.23,18.39],[77.23,18.34],[77.21,18.31],[77.2,18.31],[77.21,18.28],[77.18,18.28],[77.16,18.25],[77.14,18.21],[77.12,18.21],[77.1,18.2],[77.12,18.17],[77.11,18.15],[77.06,18.15],[77.05,18.17],[77.03,18.18],[77.02,18.16],[77,18.17],[76.99,18.19],[76.95,18.18],[76.94,18.15],[76.92,18.12],[76.95,18.11],[76.97,18.1],[76.95,18.08],[76.95,18.04],[76.92,18.03],[76.92,17.99],[76.91,17.94],[76.92,17.92],[76.9,17.91],[76.88,17.89],[76.85,17.9],[76.81,17.88],[76.8,17.87],[76.77,17.88],[76.77,17.9],[76.74,17.9],[76.74,17.86],[76.77,17.85],[76.79,17.83],[76.78,17.8],[76.76,17.79],[76.74,17.78],[76.72,17.79],[76.72,17.75],[76.69,17.71],[76.69,17.68],[76.66,17.69],[76.66,17.72],[76.63,17.73],[76.63,17.76],[76.61,17.77],[76.6,17.76],[76.6,17.73],[76.59,17.71],[76.57,17.7],[76.57,17.74],[76.56,17.76],[76.52,17.76],[76.52,17.72],[76.49,17.71],[76.48,17.67],[76.49,17.66],[76.45,17.66],[76.43,17.64],[76.42,17.6],[76.33,17.59],[76.34,17.54],[76.36,17.54],[76.37,17.52],[76.35,17.51],[76.35,17.49],[76.37,17.5],[76.37,17.49],[76.35,17.47],[76.33,17.47],[76.33,17.43],[76.37,17.43],[76.36,17.38],[76.41,17.37],[76.41,17.35],[76.39,17.34],[76.38,17.31],[76.35,17.31],[76.34,17.35],[76.31,17.34],[76.32,17.33],[76.28,17.33],[76.27,17.36],[76.23,17.36],[76.18,17.36],[76.17,17.35],[76.18,17.31],[76.16,17.3],[76.16,17.34],[76.14,17.35],[76.12,17.37],[76.1,17.36],[76.08,17.33],[76.06,17.35],[76.02,17.35],[76,17.34],[75.97,17.34],[75.93,17.32],[75.91,17.35],[75.89,17.35],[75.89,17.41],[75.86,17.39],[75.86,17.41],[75.84,17.42],[75.82,17.42],[75.81,17.37],[75.78,17.38],[75.77,17.41],[75.74,17.42],[75.71,17.41],[75.69,17.41],[75.68,17.44],[75.68,17.45],[75.66,17.46],[75.64,17.48],[75.63,17.46],[75.62,17.42],[75.62,17.39],[75.58,17.38],[75.58,17.35],[75.61,17.34],[75.62,17.33],[75.61,17.3],[75.62,17.29],[75.63,17.27],[75.66,17.27],[75.66,17.21],[75.63,17.19],[75.63,17.16],[75.65,17.13],[75.65,17.11],[75.67,17.11],[75.68,17.07],[75.65,17.05],[75.65,17.03],[75.67,17.04],[75.67,16.98],[75.68,16.96],[75.65,16.95],[75.64,16.97],[75.61,16.97],[75.61,17],[75.57,17.01],[75.57,16.96],[75.53,16.97],[75.52,16.95],[75.49,16.95],[75.49,16.97],[75.47,16.99],[75.44,16.98],[75.43,16.96],[75.39,16.98],[75.37,16.97],[75.35,16.95],[75.28,16.95],[75.29,16.91],[75.29,16.9],[75.28,16.87],[75.27,16.86],[75.24,16.86],[75.23,16.84],[75.18,16.84],[75.19,16.87],[75.17,16.86],[75.14,16.87],[75.14,16.89],[75.11,16.91],[75.09,16.92],[75.09,16.95],[75.05,16.94],[75,16.95],[74.99,16.93],[74.97,16.94],[74.95,16.93],[74.94,16.94],[74.93,16.93],[74.95,16.91],[74.97,16.91],[74.96,16.88],[74.95,16.88],[74.91,16.86],[74.92,16.79],[74.92,16.77],[74.85,16.77],[74.85,16.76],[74.78,16.75],[74.74,16.72],[74.7,16.72],[74.7,16.67],[74.67,16.66],[74.66,16.64],[74.69,16.62],[74.66,16.6],[74.64,16.6],[74.64,16.58],[74.62,16.57],[74.57,16.55],[74.56,16.56],[74.57,16.59],[74.55,16.59],[74.55,16.63],[74.5,16.63],[74.48,16.66],[74.46,16.65],[74.46,16.63],[74.47,16.6],[74.44,16.6],[74.43,16.58],[74.4,16.58],[74.4,16.56],[74.4,16.54],[74.39,16.53],[74.33,16.55],[74.32,16.54],[74.32,16.51],[74.31,16.5],[74.31,16.53],[74.28,16.54],[74.28,16.52],[74.29,16.51],[74.26,16.5],[74.27,16.48],[74.29,16.5],[74.3,16.5],[74.29,16.47],[74.32,16.45],[74.34,16.45],[74.34,16.43],[74.34,16.4],[74.36,16.4],[74.37,16.39],[74.35,16.37],[74.35,16.39],[74.34,16.39],[74.32,16.35],[74.33,16.34],[74.35,16.29],[74.33,16.28],[74.34,16.27],[74.36,16.27],[74.36,16.29],[74.38,16.29],[74.39,16.28],[74.42,16.28],[74.42,16.26],[74.48,16.25],[74.51,16.22],[74.5,16.21],[74.51,16.19],[74.5,16.18],[74.49,16.14],[74.5,16.11],[74.49,16.09],[74.46,16.1],[74.43,16.11],[74.4,16.09],[74.37,16.06],[74.39,16.04],[74.41,16.05],[74.44,16.06],[74.47,16.05],[74.46,16.02],[74.45,16],[74.45,15.98],[74.44,15.95],[74.39,15.9],[74.4,15.87],[74.37,15.88],[74.35,15.86],[74.35,15.85],[74.39,15.85],[74.37,15.81],[74.38,15.8],[74.36,15.77],[74.35,15.76],[74.33,15.77],[74.32,15.76],[74.29,15.74],[74.27,15.75],[74.26,15.74],[74.24,15.74],[74.24,15.76],[74.24,15.78],[74.22,15.78],[74.21,15.76],[74.2,15.75],[74.17,15.75],[74.16,15.73],[74.13,15.72],[74.14,15.7],[74.13,15.68],[74.1,15.67],[74.13,15.65],[74.14,15.65],[74.17,15.65],[74.18,15.67],[74.2,15.66],[74.22,15.65],[74.23,15.67],[74.26,15.65],[74.26,15.62],[74.27,15.62],[74.27,15.59],[74.25,15.57],[74.27,15.55],[74.29,15.53],[74.28,15.51],[74.26,15.49],[74.28,15.44],[74.28,15.42],[74.29,15.38],[74.31,15.38],[74.33,15.37],[74.32,15.33],[74.34,15.29],[74.33,15.28],[74.3,15.29],[74.28,15.27],[74.26,15.24],[74.3,15.23],[74.32,15.18],[74.31,15.16],[74.29,15.14],[74.29,15.12],[74.28,15.1],[74.29,15.07],[74.3,15.04],[74.26,14.99],[74.27,14.98],[74.26,14.96],[74.24,14.95],[74.2,14.94],[74.19,14.95],[74.17,14.95],[74.17,14.94],[74.17,14.92],[74.15,14.92],[74.11,14.91],[74.1,14.9],[74.1,14.88],[74.12,14.84],[74.13,14.82],[74.09,14.8],[74.11,14.78],[74.14,14.78],[74.16,14.75],[74.18,14.75],[74.2,14.72],[74.24,14.75],[74.25,14.74],[74.27,14.72],[74.28,14.68],[74.28,14.66],[74.28,14.63],[74.28,14.61],[74.29,14.59],[74.31,14.55],[74.32,14.52],[74.35,14.52],[74.35,14.54],[74.37,14.56],[74.38,14.54],[74.36,14.52],[74.36,14.5],[74.38,14.45],[74.38,14.43],[74.4,14.41],[74.41,14.37],[74.41,14.32],[74.45,14.2],[74.47,14.18],[74.49,14.11],[74.49,14.09],[74.5,14.05],[74.5,14.02],[74.51,13.99],[74.55,13.95],[74.57,13.95],[74.59,13.91],[74.59,13.89],[74.61,13.86],[74.63,13.79],[74.64,13.69],[74.65,13.67],[74.66,13.66],[74.67,13.63],[74.68,13.55],[74.69,13.46],[74.69,13.45],[74.7,13.35],[74.71,13.33],[74.73,13.29],[74.73,13.27],[74.73,13.24],[74.76,13.15],[74.77,13.1],[74.78,13.09],[74.78,13.05],[74.8,12.97],[74.81,12.92],[74.82,12.85],[74.83,12.83],[74.85,12.8],[74.87,12.75],[74.89,12.75],[74.89,12.76],[74.95,12.78],[74.97,12.77],[75.01,12.79],[75.01,12.76],[74.99,12.74],[75,12.71],[75.04,12.72],[75.05,12.71],[75.06,12.69],[75.04,12.69],[75.05,12.66],[75.07,12.66],[75.08,12.67],[75.08,12.69],[75.1,12.69],[75.11,12.68],[75.14,12.67],[75.16,12.66],[75.15,12.64],[75.15,12.62],[75.17,12.62],[75.18,12.63],[75.2,12.63],[75.2,12.61],[75.21,12.6],[75.21,12.57],[75.24,12.56],[75.28,12.61],[75.3,12.6],[75.32,12.57],[75.29,12.57],[75.27,12.55],[75.28,12.52],[75.3,12.52],[75.3,12.5],[75.33,12.49],[75.34,12.46],[75.37,12.47],[75.38,12.49],[75.4,12.49],[75.41,12.5],[75.42,12.47],[75.4,12.45],[75.37,12.45],[75.37,12.43],[75.37,12.41],[75.38,12.39],[75.42,12.37],[75.41,12.34],[75.43,12.29],[75.48,12.29],[75.49,12.27],[75.5,12.26],[75.52,12.23],[75.54,12.21],[75.53,12.2],[75.55,12.18],[75.57,12.17],[75.58,12.15],[75.62,12.15],[75.64,12.14],[75.65,12.11],[75.67,12.09],[75.68,12.1],[75.7,12.1],[75.7,12.08],[75.72,12.08],[75.72,12.06],[75.76,12.08],[75.8,12.07],[75.8,12.03],[75.83,12],[75.82,11.98],[75.84,11.97],[75.85,11.96],[75.88,11.94],[75.93,11.93],[75.95,11.93],[75.98,11.92],[76,11.92],[76,11.93],[76.03,11.93],[76.07,11.96],[76.09,11.96],[76.11,11.97],[76.11,11.85],[76.13,11.84],[76.14,11.86],[76.18,11.86],[76.2,11.85],[76.21,11.82],[76.22,11.8],[76.24,11.8],[76.28,11.8],[76.28,11.78],[76.3,11.78],[76.31,11.74],[76.33,11.73],[76.36,11.74],[76.37,11.74],[76.4,11.75],[76.42,11.72],[76.4,11.71],[76.4,11.68],[76.41,11.66],[76.42,11.66],[76.45,11.66],[76.47,11.68],[76.5,11.7],[76.54,11.67],[76.55,11.61],[76.61,11.6],[76.63,11.6],[76.75,11.61],[76.82,11.6],[76.84,11.58],[76.85,11.6],[76.83,11.63],[76.83,11.65],[76.85,11.7],[76.88,11.72],[76.89,11.77],[76.9,11.78],[76.94,11.78],[76.96,11.77],[76.97,11.79],[77,11.8],[77.02,11.79],[77.04,11.78],[77.06,11.77],[77.05,11.76],[77.08,11.72],[77.1,11.72],[77.11,11.76],[77.14,11.77],[77.17,11.77],[77.19,11.78],[77.23,11.78],[77.24,11.8],[77.28,11.79],[77.28,11.8],[77.33,11.76],[77.35,11.76],[77.36,11.78],[77.38,11.78],[77.41,11.76],[77.43,11.77],[77.46,11.84],[77.45,11.89],[77.48,11.89],[77.49,11.93],[77.52,11.92],[77.55,11.93],[77.57,11.92],[77.59,11.93],[77.64,11.94],[77.66,11.94],[77.66,11.95],[77.69,12.01],[77.72,12.05],[77.75,12.07],[77.77,12.11],[77.74,12.13],[77.74,12.15],[77.73,12.17],[77.66,12.19],[77.63,12.19],[77.6,12.2],[77.56,12.19],[77.54,12.19],[77.51,12.18],[77.48,12.19],[77.47,12.2],[77.47,12.22],[77.46,12.24],[77.47,12.26],[77.49,12.27],[77.52,12.27],[77.52,12.28],[77.54,12.28],[77.56,12.3],[77.57,12.32],[77.6,12.35],[77.62,12.4],[77.63,12.48],[77.62,12.49],[77.6,12.46],[77.58,12.47],[77.6,12.49],[77.61,12.5],[77.58,12.51],[77.58,12.54],[77.57,12.56],[77.58,12.58],[77.58,12.61],[77.6,12.62],[77.59,12.64],[77.59,12.66],[77.65,12.67],[77.67,12.67],[77.67,12.65],[77.7,12.65],[77.7,12.67],[77.72,12.66],[77.73,12.68],[77.75,12.69],[77.76,12.71],[77.76,12.73],[77.78,12.73],[77.78,12.75],[77.77,12.76],[77.79,12.78],[77.8,12.82],[77.78,12.83],[77.82,12.85],[77.83,12.86],[77.88,12.86],[77.89,12.87],[77.91,12.87],[77.93,12.85],[77.92,12.84],[77.91,12.82],[77.93,12.81],[77.94,12.83],[77.96,12.84],[77.98,12.81],[77.98,12.8],[78,12.8],[77.99,12.81],[78.02,12.84],[78.06,12.83],[78.09,12.8],[78.11,12.79],[78.12,12.77],[78.16,12.76],[78.17,12.77],[78.22,12.75],[78.23,12.76],[78.24,12.81],[78.24,12.85],[78.26,12.86],[78.28,12.85],[78.3,12.85],[78.3,12.87],[78.32,12.89],[78.33,12.89],[78.35,12.93],[78.38,12.9],[78.39,12.91],[78.4,12.89],[78.42,12.89],[78.44,12.9],[78.44,12.88],[78.46,12.87],[78.46,12.89],[78.42,12.92],[78.42,12.97],[78.46,12.96],[78.46,12.98],[78.45,13.01],[78.45,13.03],[78.47,13.04],[78.5,13.05],[78.5,13.07],[78.51,13.08],[78.52,13.1],[78.51,13.12],[78.54,13.13],[78.54,13.15],[78.57,13.16],[78.55,13.19],[78.57,13.2],[78.56,13.21],[78.56,13.23],[78.58,13.26],[78.57,13.27],[78.53,13.28],[78.52,13.26],[78.5,13.28],[78.47,13.29],[78.47,13.31],[78.44,13.3],[78.43,13.32],[78.42,13.32],[78.39,13.3],[78.4,13.33],[78.36,13.36],[78.37,13.39],[78.36,13.45],[78.37,13.5],[78.39,13.53],[78.4,13.57],[78.38,13.58],[78.34,13.58],[78.31,13.58],[78.25,13.57],[78.23,13.59],[78.21,13.58],[78.19,13.56],[78.18,13.58],[78.19,13.59],[78.19,13.62],[78.16,13.62],[78.16,13.65],[78.15,13.65],[78.11,13.65],[78.08,13.64],[78.08,13.65],[78.07,13.66],[78.06,13.69],[78.09,13.68],[78.11,13.68],[78.11,13.71],[78.08,13.73],[78.11,13.76],[78.12,13.78],[78.11,13.8],[78.12,13.82],[78.11,13.85],[78.07,13.85],[78.07,13.87],[78.04,13.89],[78.04,13.85],[77.99,13.86],[77.97,13.82],[77.95,13.82],[77.94,13.87],[77.95,13.88],[77.98,13.89],[77.97,13.92],[77.98,13.95],[77.96,13.95],[77.95,13.93],[77.91,13.9],[77.89,13.91],[77.89,13.93],[77.86,13.93],[77.81,13.93],[77.81,13.92],[77.81,13.89],[77.82,13.89],[77.83,13.86],[77.8,13.84],[77.77,13.83],[77.78,13.82],[77.77,13.81],[77.73,13.8],[77.71,13.79],[77.71,13.74],[77.7,13.76],[77.67,13.75],[77.67,13.78],[77.65,13.78],[77.61,13.76],[77.62,13.73],[77.6,13.74],[77.58,13.73],[77.55,13.72],[77.54,13.74],[77.52,13.74],[77.53,13.71],[77.52,13.69],[77.51,13.69],[77.5,13.7],[77.48,13.7],[77.49,13.69],[77.48,13.68],[77.45,13.68],[77.44,13.7],[77.46,13.71],[77.46,13.74],[77.45,13.79],[77.44,13.8],[77.43,13.79],[77.41,13.8],[77.42,13.83],[77.4,13.83],[77.37,13.83],[77.35,13.84],[77.32,13.83],[77.31,13.86],[77.29,13.85],[77.25,13.84],[77.24,13.86],[77.24,13.89],[77.23,13.9],[77.19,13.86],[77.18,13.86],[77.18,13.9],[77.18,13.92],[77.16,13.9],[77.16,13.87],[77.14,13.86],[77.13,13.84],[77.15,13.83],[77.16,13.82],[77.15,13.8],[77.17,13.77],[77.17,13.75],[77.14,13.76],[77.12,13.75],[77.1,13.76],[77.08,13.75],[77.08,13.74],[77.06,13.74],[77.04,13.77],[77.02,13.77],[77.01,13.73],[76.99,13.74],[76.98,13.79],[76.98,13.8],[76.97,13.81],[77.01,13.85],[77.02,13.89],[77.04,13.9],[77.04,13.93],[77.01,13.95],[76.99,13.96],[76.99,13.98],[76.98,14],[76.95,14.01],[76.93,14.02],[76.94,14.05],[76.97,14.05],[76.97,14.08],[76.95,14.09],[76.94,14.11],[76.92,14.13],[76.91,14.12],[76.88,14.13],[76.89,14.16],[76.92,14.16],[76.94,14.17],[76.94,14.19],[76.96,14.18],[77.02,14.17],[77.01,14.13],[77.02,14.11],[77.01,14.09],[77.02,14.08],[77.02,14.05],[77.07,14.05],[77.09,14.04],[77.12,14.04],[77.13,14],[77.15,13.99],[77.17,14.01],[77.19,14],[77.22,14.01],[77.24,14.01],[77.27,14.03],[77.28,14.01],[77.3,14.03],[77.31,14.02],[77.33,13.99],[77.35,13.98],[77.34,13.95],[77.36,13.94],[77.34,13.91],[77.35,13.9],[77.39,13.9],[77.4,13.88],[77.42,13.89],[77.43,13.91],[77.41,13.91],[77.41,13.94],[77.43,13.94],[77.43,13.97],[77.42,13.98],[77.39,13.97],[77.37,13.98],[77.38,14.01],[77.36,14.02],[77.33,14.02],[77.34,14.05],[77.35,14.05],[77.37,14.07],[77.38,14.09],[77.4,14.1],[77.39,14.12],[77.35,14.11],[77.35,14.12],[77.38,14.13],[77.39,14.17],[77.46,14.16],[77.5,14.15],[77.51,14.17],[77.49,14.23],[77.5,14.26],[77.48,14.28],[77.45,14.27],[77.44,14.28],[77.44,14.31],[77.43,14.32],[77.39,14.33],[77.38,14.32],[77.38,14.3],[77.39,14.26],[77.4,14.26],[77.41,14.2],[77.38,14.19],[77.38,14.22],[77.36,14.23],[77.36,14.27],[77.28,14.28],[77.28,14.33],[77.26,14.33],[77.25,14.31],[77.2,14.31],[77.15,14.34],[77.13,14.33],[77.13,14.3],[77.11,14.29],[77.11,14.26],[77.12,14.26],[77.11,14.22],[77.1,14.21],[77.08,14.21],[77.05,14.24],[77.03,14.24],[77,14.23],[76.98,14.24],[76.95,14.23],[76.94,14.24],[76.92,14.27],[76.94,14.28],[76.94,14.31],[76.9,14.32],[76.88,14.35],[76.88,14.39],[76.9,14.39],[76.91,14.41],[76.94,14.4],[76.94,14.45],[76.96,14.45],[76.97,14.48],[76.91,14.48],[76.88,14.47],[76.86,14.47],[76.84,14.51],[76.8,14.53],[76.79,14.55],[76.78,14.58],[76.76,14.6],[76.77,14.67],[76.78,14.69],[76.8,14.73],[76.78,14.78],[76.83,14.78],[76.84,14.83],[76.85,14.84],[76.85,14.86],[76.85,14.89],[76.86,14.89],[76.87,14.94],[76.86,14.96],[76.84,14.96],[76.83,14.95],[76.82,14.96],[76.8,14.96],[76.76,14.97],[76.76,14.98],[76.78,15.02],[76.77,15.05],[76.77,15.07],[76.8,15.09],[76.82,15.07],[76.84,15.07],[76.86,15.06],[76.88,15.03],[76.91,15.03],[76.95,15.02],[76.97,15.01],[77,15.03],[77.05,15.03],[77.04,15.01],[77.08,15],[77.08,15.02],[77.11,15.03],[77.13,15.07],[77.13,15.09],[77.15,15.11],[77.15,15.13],[77.14,15.14],[77.14,15.15],[77.16,15.15],[77.16,15.17],[77.16,15.19],[77.14,15.22],[77.12,15.22],[77.14,15.25],[77.17,15.25],[77.15,15.27],[77.15,15.29],[77.12,15.29],[77.11,15.33],[77.07,15.32],[77.06,15.34],[77.04,15.36],[77.04,15.38],[77.03,15.4],[77.03,15.44],[77.01,15.45],[77,15.47],[76.97,15.49],[76.97,15.51],[77,15.5],[77.03,15.5],[77.03,15.53],[77.02,15.58],[77.03,15.6],[77.03,15.63],[77.07,15.64],[77.08,15.65],[77.12,15.63],[77.12,15.66],[77.1,15.68],[77.08,15.69],[77.08,15.71],[77.08,15.72],[77.05,15.73],[77.05,15.75],[77.06,15.78],[77.06,15.82],[77.03,15.83],[77.03,15.85],[77.08,15.91],[77.1,15.92],[77.13,15.93],[77.14,15.94],[77.18,15.95],[77.24,15.95],[77.25,15.96],[77.28,15.95],[77.35,15.94],[77.38,15.93],[77.41,15.94],[77.43,15.94],[77.47,15.93],[77.51,15.92],[77.51,15.96],[77.51,15.97],[77.51,16],[77.5,16.01],[77.49,16.03],[77.5,16.07],[77.49,16.08],[77.5,16.1],[77.49,16.12],[77.49,16.15],[77.48,16.16],[77.49,16.19],[77.5,16.21],[77.49,16.25],[77.5,16.27],[77.52,16.27],[77.54,16.29],[77.56,16.3],[77.58,16.29],[77.59,16.31],[77.58,16.33],[77.54,16.35],[77.52,16.37],[77.48,16.38],[77.44,16.37],[77.41,16.36],[77.37,16.38],[77.35,16.38],[77.33,16.39],[77.28,16.4],[77.26,16.43],[77.25,16.47],[77.29,16.47],[77.3,16.49],[77.32,16.48],[77.37,16.48],[77.37,16.5],[77.38,16.51],[77.42,16.52],[77.42,16.54],[77.4,16.55],[77.39,16.57],[77.42,16.57],[77.44,16.58],[77.46,16.58],[77.45,16.61],[77.47,16.64],[77.46,16.65],[77.44,16.64],[77.43,16.64],[77.42,16.66],[77.47,16.68],[77.47,16.71],[77.42,16.71],[77.44,16.76],[77.44,16.78],[77.47,16.78],[77.47,16.8],[77.46,16.82],[77.46,16.84],[77.45,16.91],[77.47,16.92],[77.46,16.95],[77.48,16.97],[77.48,16.99],[77.5,17.01],[77.49,17.03],[77.48,17.06],[77.48,17.08],[77.46,17.09],[77.46,17.1],[77.4,17.12],[77.38,17.14],[77.36,17.16],[77.37,17.19],[77.39,17.19],[77.39,17.21],[77.38,17.22],[77.45,17.28],[77.43,17.29],[77.45,17.31],[77.46,17.34],[77.45,17.37],[77.48,17.37],[77.48,17.35],[77.52,17.36],[77.52,17.39],[77.53,17.4],[77.51,17.41],[77.51,17.43],[77.53,17.44],[77.57,17.43],[77.57,17.45],[77.6,17.44],[77.61,17.44],[77.61,17.47],[77.63,17.47],[77.65,17.48],[77.68,17.47],[77.69,17.5],[77.66,17.52],[77.62,17.52],[77.59,17.53],[77.59,17.56],[77.55,17.55],[77.54,17.57],[77.53,17.57],[77.5,17.54],[77.49,17.57],[77.47,17.57],[77.46,17.58],[77.44,17.58],[77.44,17.6],[77.45,17.63],[77.45,17.66],[77.46,17.7],[77.49,17.71],[77.49,17.72],[77.53,17.73],[77.54,17.73],[77.56,17.75],[77.55,17.76],[77.52,17.78],[77.5,17.78],[77.51,17.8],[77.53,17.81],[77.53,17.83],[77.55,17.83],[77.56,17.84],[77.57,17.87],[77.59,17.88],[77.59,17.91],[77.62,17.9],[77.62,17.94],[77.64,17.95],[77.65,17.97],[77.65,17.99],[77.63,17.99],[77.61,18.02],[77.59,18.01],[77.58,18.02],[77.55,18.03],[77.55,18.05],[77.57,18.08],[77.6,18.08],[77.6,18.1],[77.59,18.13],[77.6,18.15],[77.58,18.16],[77.57,18.19],[77.58,18.22],[77.57,18.24],[77.6,18.28],[77.57,18.29],[77.55,18.29]]]},"properties":{"ID_0":105,"ISO":"IND","NAME_0":"India","ID_1":17,"NAME_1":"Karnataka","NL_NAME_1":"","VARNAME_1":"Maisur|Mysore","TYPE_1":"State","ENGTYPE_1":"State","filename":"","filename_1":"","filename_2":"","filename_3":"","filename_4":""}},
{"type":"Feature","geometry":{"type":"MultiPolygon","coordinates":[[[[76.43,9.55],[76.41,9.54],[76.41,9.53],[76.43,9.53],[76.43,9.55]]],[[[76.44,9.55],[76.44,9.53],[76.46,9.53],[76.46,9.54],[76.44,9.55]]],[[[76.41,9.56],[76.38,9.54],[76.38,9.53],[76.43,9.55],[76.41,9.56]]],[[[76.35,9.87],[76.35,9.84],[76.37,9.83],[76.37,9.86],[76.35,9.87]]],[[[76.26,9.97],[76.27,9.94],[76.29,9.94],[76.27,9.97],[76.26,9.97]]],[[[76.24,10.01],[76.25,9.98],[76.26,9.98],[76.25,10.01],[76.24,10.01]]],[[[76.42,11.66],[76.41,11.66],[76.4,11.68],[76.4,11.71],[76.42,11.72],[76.4,11.75],[76.37,11.74],[76.36,11.74],[76.33,11.73],[76.31,11.74],[76.3,11.78],[76.28,11.78],[76.28,11.8],[76.24,11.8],[76.22,11.8],[76.21,11.82],[76.2,11.85],[76.18,11.86],[76.14,11.86],[76.13,11.84],[76.11,11.85],[76.11,11.97],[76.09,11.96],[76.07,11.96],[76.03,11.93],[76,11.93],[76,11.92],[75.98,11.92],[75.95,11.93],[75.93,11.93],[75.88,11.94],[75.85,11.96],[75.84,11.97],[75.82,11.98],[75.83,12],[75.8,12.03],[75.8,12.07],[75.76,12.08],[75.72,12.06],[75.72,12.08],[75.7,12.08],[75.7,12.1],[75.68,12.1],[75.67,12.09],[75.65,12.11],[75.64,12.14],[75.62,12.15],[75.58,12.15],[75.57,12.17],[75.55,12.18],[75.53,12.2],[75.54,12.21],[75.52,12.23],[75.5,12.26],[75.49,12.27],[75.48,12.29],[75.43,12.29],[75.41,12.34],[75.42,12.37],[75.38,12.39],[75.37,12.41],[75.37,12.43],[75.37,12.45],[75.4,12.45],[75.42,12.47],[75.41,12.5],[75.4,12.49],[75.38,12.49],[75.37,12.47],[75.34,12.46],[75.33,12.49],[75.3,12.5],[75.3,12.52],[75.28,12.52],[75.27,12.55],[75.29,12.57],[75.32,12.57],[75.3,12.6],[75.28,12.61],[75.24,12.56],[75.21,12.57],[75.21,12.6],[75.2,12.61],[75.2,12.63],[75.18,12.63],[75.17,12.62],[75.15,12.62],[75.15,12.64],[75.16,12.66],[75.14,12.67],[75.11,12.68],[75.1,12.69],[75.08,12.69],[75.08,12.67],[75.07,12.66],[75.05,12.66],[75.04,12.69],[75.06,12.69],[75.05,12.71],[75.04,12.72],[75,12.71],[74.99,12.74],[75.01,12.76],[75.01,12.79],[74.97,12.77],[74.95,12.78],[74.89,12.76],[74.89,12.75],[74.87,12.75],[74.88,12.71],[74.91,12.66],[74.96,12.53],[74.97,12.5],[74.99,12.47],[75.01,12.42],[75.05,12.38],[75.07,12.32],[75.12,12.21],[75.13,12.21],[75.14,12.19],[75.15,12.17],[75.15,12.15],[75.17,12.12],[75.17,12.08],[75.19,12.04],[75.2,12],[75.23,12.02],[75.22,12.03],[75.22,12.1],[75.24,12.11],[75.28,12.1],[75.28,12.11],[75.31,12.12],[75.31,12.14],[75.34,12.14],[75.35,12.14],[75.37,12.14],[75.38,12.15],[75.39,12.15],[75.39,12.13],[75.37,12.12],[75.34,12.1],[75.33,12.11],[75.31,12.1],[75.31,12.09],[75.3,12.06],[75.31,12.05],[75.3,12.02],[75.27,12.02],[75.27,12.01],[75.29,11.99],[75.3,11.96],[75.3,11.94],[75.37,11.85],[75.38,11.86],[75.41,11.84],[75.43,11.81],[75.44,11.8],[75.45,11.77],[75.47,11.76],[75.51,11.73],[75.53,11.7],[75.55,11.67],[75.57,11.61],[75.59,11.56],[75.62,11.49],[75.62,11.48],[75.63,11.46],[75.65,11.47],[75.68,11.45],[75.7,11.42],[75.73,11.35],[75.73,11.33],[75.75,11.32],[75.76,11.28],[75.77,11.24],[75.8,11.16],[75.81,11.16],[75.83,11.1],[75.85,11.07],[75.85,11.03],[75.88,10.94],[75.91,10.79],[75.96,10.68],[75.97,10.66],[76.02,10.55],[76.04,10.53],[76.04,10.51],[76.08,10.43],[76.11,10.34],[76.14,10.26],[76.16,10.19],[76.18,10.13],[76.2,10.05],[76.22,10.01],[76.22,9.98],[76.24,9.98],[76.24,10.01],[76.24,10.03],[76.22,10.05],[76.23,10.07],[76.21,10.1],[76.22,10.13],[76.26,10.09],[76.26,10.07],[76.25,10.05],[76.25,10.04],[76.27,10.02],[76.27,9.99],[76.3,9.93],[76.31,9.92],[76.32,9.89],[76.34,9.89],[76.33,9.91],[76.35,9.91],[76.36,9.89],[76.39,9.84],[76.39,9.81],[76.37,9.79],[76.37,9.77],[76.39,9.76],[76.39,9.74],[76.38,9.7],[76.41,9.7],[76.4,9.67],[76.4,9.65],[76.42,9.64],[76.43,9.61],[76.42,9.57],[76.42,9.56],[76.5,9.53],[76.36,9.53],[76.35,9.54],[76.36,9.57],[76.37,9.58],[76.37,9.61],[76.39,9.66],[76.39,9.68],[76.37,9.68],[76.36,9.7],[76.37,9.74],[76.37,9.77],[76.36,9.8],[76.37,9.82],[76.34,9.83],[76.34,9.86],[76.33,9.87],[76.29,9.89],[76.28,9.89],[76.27,9.87],[76.26,9.9],[76.29,9.9],[76.29,9.92],[76.27,9.93],[76.26,9.96],[76.24,9.96],[76.25,9.92],[76.26,9.88],[76.28,9.75],[76.3,9.59],[76.31,9.52],[76.34,9.41],[76.35,9.37],[76.41,9.25],[76.5,9.05],[76.52,9.02],[76.53,8.97],[76.54,8.92],[76.57,8.88],[76.58,8.88],[76.62,8.85],[76.67,8.79],[76.7,8.73],[76.87,8.54],[76.88,8.51],[76.96,8.42],[76.98,8.38],[77,8.37],[77.02,8.36],[77.09,8.3],[77.1,8.3],[77.12,8.32],[77.15,8.32],[77.16,8.35],[77.13,8.38],[77.15,8.38],[77.18,8.41],[77.19,8.43],[77.21,8.44],[77.19,8.49],[77.21,8.5],[77.22,8.49],[77.25,8.5],[77.27,8.54],[77.25,8.57],[77.23,8.6],[77.23,8.61],[77.2,8.64],[77.19,8.66],[77.19,8.67],[77.18,8.7],[77.17,8.71],[77.16,8.74],[77.18,8.74],[77.21,8.78],[77.22,8.8],[77.25,8.83],[77.24,8.87],[77.22,8.89],[77.21,8.89],[77.19,8.92],[77.18,8.92],[77.18,8.95],[77.16,8.96],[77.16,8.98],[77.13,9],[77.13,9.01],[77.15,9.02],[77.15,9.04],[77.18,9.04],[77.19,9.07],[77.2,9.09],[77.21,9.11],[77.23,9.12],[77.25,9.14],[77.25,9.19],[77.27,9.21],[77.26,9.22],[77.27,9.26],[77.27,9.29],[77.29,9.31],[77.32,9.35],[77.32,9.38],[77.33,9.39],[77.32,9.41],[77.33,9.43],[77.35,9.45],[77.37,9.45],[77.39,9.47],[77.38,9.48],[77.4,9.5],[77.37,9.51],[77.35,9.53],[77.35,9.54],[77.32,9.57],[77.3,9.59],[77.29,9.59],[77.26,9.57],[77.22,9.57],[77.19,9.61],[77.17,9.6],[77.16,9.6],[77.15,9.61],[77.17,9.65],[77.18,9.66],[77.19,9.69],[77.19,9.72],[77.21,9.72],[77.21,9.76],[77.21,9.78],[77.23,9.79],[77.22,9.81],[77.22,9.84],[77.2,9.87],[77.2,9.89],[77.22,9.91],[77.22,9.92],[77.24,9.94],[77.25,9.94],[77.26,9.96],[77.25,9.97],[77.24,10],[77.25,10.02],[77.2,10.07],[77.19,10.1],[77.23,10.12],[77.25,10.11],[77.26,10.13],[77.26,10.16],[77.26,10.18],[77.28,10.21],[77.27,10.22],[77.25,10.22],[77.24,10.25],[77.25,10.25],[77.21,10.31],[77.22,10.34],[77.16,10.35],[77.11,10.31],[77.07,10.3],[77.05,10.27],[77.04,10.25],[77.02,10.24],[76.98,10.22],[76.97,10.21],[76.96,10.22],[76.93,10.23],[76.91,10.22],[76.89,10.23],[76.88,10.26],[76.86,10.27],[76.86,10.28],[76.83,10.28],[76.82,10.3],[76.83,10.34],[76.84,10.36],[76.82,10.39],[76.81,10.41],[76.82,10.44],[76.82,10.49],[76.83,10.53],[76.82,10.54],[76.83,10.59],[76.82,10.59],[76.8,10.61],[76.8,10.63],[76.87,10.63],[76.87,10.66],[76.86,10.67],[76.88,10.71],[76.89,10.75],[76.9,10.77],[76.89,10.8],[76.86,10.8],[76.84,10.82],[76.85,10.83],[76.82,10.86],[76.79,10.87],[76.77,10.88],[76.73,10.88],[76.7,10.9],[76.68,10.9],[76.65,10.92],[76.66,10.96],[76.68,10.98],[76.68,11],[76.69,11.02],[76.71,11.03],[76.76,11.02],[76.75,11.05],[76.74,11.05],[76.73,11.06],[76.75,11.08],[76.73,11.09],[76.74,11.11],[76.7,11.13],[76.69,11.16],[76.71,11.18],[76.72,11.18],[76.73,11.21],[76.7,11.23],[76.62,11.19],[76.6,11.2],[76.58,11.2],[76.52,11.19],[76.51,11.2],[76.47,11.2],[76.45,11.18],[76.44,11.2],[76.45,11.23],[76.51,11.26],[76.54,11.32],[76.54,11.35],[76.51,11.35],[76.51,11.36],[76.45,11.38],[76.41,11.41],[76.41,11.43],[76.39,11.43],[76.36,11.45],[76.33,11.46],[76.32,11.44],[76.28,11.47],[76.26,11.47],[76.24,11.46],[76.24,11.49],[76.23,11.52],[76.24,11.52],[76.23,11.56],[76.27,11.59],[76.29,11.58],[76.3,11.56],[76.33,11.59],[76.34,11.58],[76.37,11.59],[76.38,11.62],[76.42,11.63],[76.43,11.63],[76.42,11.66]]]]},"properties":{"ID_0":105,"ISO":"IND","NAME_0":"India","ID_1":18,"NAME_1":"Kerala","NL_NAME_1":"","VARNAME_1":"","TYPE_1":"State","ENGTYPE_1":"State","filename":"","filename_1":"","filename_2":"","filename_3":"","filename_4":""}},
{"type":"Feature","geometry":null,"properties":{"ID_0":105,"ISO":"IND","NAME_0":"India","ID_1":19,"NAME_1":"Lakshadweep","NL_NAME_1":"","VARNAME_1":"les Laquedives|Laccadive|Minicoy and Amindivi Islands|Laccadives|Lackadiverna|Lakkadiven|Lakkadi","TYPE_1":"Union Territor","ENGTYPE_1":"Union Territory","filename":"","filename_1":"","filename_2":"","filename_3":"","filename_4":""}},
{"type":"Feature","geometry":{"type":"Polygon","coordinates":[[[82.81,23.96],[82.8,23.98],[82.8,24],[82.75,24.01],[82.74,24.03],[82.76,24.04],[82.75,24.07],[82.73,24.08],[82.71,24.08],[82.7,24.1],[82.66,24.12],[82.66,24.13],[82.67,24.16],[82.69,24.14],[82.72,24.14],[82.72,24.16],[82.74,24.17],[82.73,24.22],[82.75,24.24],[82.75,24.27],[82.76,24.29],[82.76,24.32],[82.76,24.35],[82.76,24.37],[82.72,24.37],[82.71,24.39],[82.71,24.42],[82.73,24.43],[82.72,24.48],[82.74,24.5],[82.72,24.51],[82.72,24.56],[82.75,24.54],[82.8,24.55],[82.8,24.6],[82.77,24.6],[82.77,24.64],[82.73,24.65],[82.7,24.64],[82.69,24.65],[82.7,24.68],[82.67,24.7],[82.64,24.69],[82.59,24.67],[82.57,24.66],[82.53,24.65],[82.52,24.68],[82.49,24.68],[82.48,24.68],[82.45,24.68],[82.45,24.69],[82.43,24.71],[82.42,24.71],[82.4,24.68],[82.41,24.66],[82.4,24.64],[82.41,24.6],[82.36,24.6],[82.35,24.62],[82.33,24.62],[82.31,24.61],[82.3,24.63],[82.29,24.66],[82.27,24.68],[82.23,24.67],[82.23,24.69],[82.24,24.7],[82.24,24.75],[82.23,24.77],[82.2,24.76],[82.21,24.8],[82.17,24.8],[82.16,24.79],[82.13,24.8],[82.11,24.79],[82.1,24.81],[82.08,24.82],[82.07,24.82],[82.02,24.84],[82,24.85],[81.96,24.84],[81.96,24.83],[81.93,24.86],[81.93,24.87],[81.9,24.88],[81.9,24.91],[81.91,24.92],[81.9,24.94],[81.9,24.98],[81.87,25],[81.85,25.01],[81.83,25.02],[81.79,25.01],[81.72,25.05],[81.71,25.04],[81.68,25.04],[81.68,25.06],[81.65,25.08],[81.62,25.06],[81.59,25.08],[81.63,25.1],[81.62,25.12],[81.59,25.12],[81.59,25.14],[81.62,25.16],[81.61,25.17],[81.58,25.17],[81.59,25.18],[81.57,25.2],[81.53,25.19],[81.51,25.19],[81.51,25.17],[81.53,25.17],[81.52,25.15],[81.49,25.15],[81.48,25.14],[81.48,25.12],[81.49,25.11],[81.49,25.08],[81.48,25.07],[81.44,25.1],[81.44,25.11],[81.43,25.13],[81.39,25.12],[81.37,25.14],[81.35,25.17],[81.33,25.17],[81.27,25.17],[81.27,25.15],[81.26,25.14],[81.26,25.12],[81.25,25.11],[81.26,25.09],[81.26,25.07],[81.25,25.04],[81.22,25.01],[81.2,25],[81.21,24.98],[81.2,24.97],[81.21,24.94],[81.16,24.96],[81.16,24.93],[81.14,24.92],[81.13,24.89],[81.09,24.92],[81.08,24.95],[81.03,24.95],[81,24.94],[80.95,24.94],[80.94,24.97],[80.9,24.96],[80.89,24.95],[80.86,24.94],[80.82,24.94],[80.8,24.94],[80.8,24.97],[80.82,24.97],[80.85,25],[80.83,25.03],[80.84,25.05],[80.87,25.07],[80.86,25.09],[80.87,25.1],[80.86,25.12],[80.89,25.14],[80.91,25.16],[80.87,25.19],[80.84,25.19],[80.84,25.17],[80.83,25.14],[80.82,25.13],[80.8,25.15],[80.78,25.14],[80.75,25.14],[80.72,25.13],[80.72,25.1],[80.75,25.1],[80.78,25.08],[80.78,25.06],[80.73,25.06],[80.73,25.07],[80.67,25.05],[80.68,25.08],[80.65,25.08],[80.64,25.09],[80.61,25.1],[80.62,25.12],[80.61,25.14],[80.59,25.16],[80.59,25.11],[80.61,25.08],[80.58,25.09],[80.54,25.07],[80.52,25.08],[80.51,25.1],[80.49,25.09],[80.5,25.06],[80.47,25.04],[80.46,25.07],[80.44,25.08],[80.42,25.07],[80.39,25.07],[80.38,25.06],[80.38,25.01],[80.37,25.03],[80.33,25],[80.31,25],[80.29,25.02],[80.27,25.03],[80.28,25.06],[80.3,25.08],[80.32,25.11],[80.35,25.13],[80.35,25.14],[80.39,25.16],[80.42,25.17],[80.4,25.22],[80.4,25.24],[80.38,25.24],[80.36,25.25],[80.34,25.28],[80.31,25.28],[80.3,25.3],[80.31,25.31],[80.31,25.33],[80.3,25.36],[80.31,25.37],[80.31,25.39],[80.27,25.43],[80.26,25.43],[80.25,25.4],[80.23,25.41],[80.21,25.4],[80.19,25.41],[80.19,25.38],[80.16,25.38],[80.16,25.37],[80.14,25.36],[80.13,25.34],[80.08,25.36],[80.07,25.34],[80.02,25.34],[80.01,25.32],[80.01,25.3],[79.99,25.29],[80,25.27],[79.95,25.27],[79.94,25.27],[79.92,25.25],[79.89,25.25],[79.87,25.25],[79.85,25.24],[79.86,25.22],[79.85,25.2],[79.86,25.18],[79.86,25.16],[79.84,25.12],[79.86,25.1],[79.83,25.1],[79.77,25.13],[79.74,25.14],[79.71,25.13],[79.68,25.14],[79.67,25.13],[79.63,25.13],[79.62,25.14],[79.6,25.15],[79.57,25.16],[79.57,25.18],[79.55,25.17],[79.53,25.14],[79.51,25.13],[79.52,25.1],[79.5,25.1],[79.49,25.08],[79.46,25.1],[79.47,25.13],[79.44,25.11],[79.44,25.13],[79.42,25.13],[79.41,25.12],[79.39,25.12],[79.38,25.15],[79.38,25.17],[79.4,25.19],[79.41,25.21],[79.43,25.2],[79.44,25.22],[79.43,25.23],[79.43,25.24],[79.45,25.26],[79.4,25.26],[79.4,25.28],[79.37,25.29],[79.37,25.27],[79.35,25.27],[79.35,25.29],[79.33,25.32],[79.35,25.33],[79.29,25.34],[79.26,25.31],[79.26,25.28],[79.27,25.27],[79.29,25.28],[79.31,25.26],[79.34,25.27],[79.34,25.23],[79.35,25.21],[79.33,25.2],[79.33,25.22],[79.31,25.22],[79.29,25.24],[79.28,25.21],[79.28,25.19],[79.3,25.18],[79.31,25.15],[79.3,25.13],[79.28,25.13],[79.28,25.12],[79.25,25.13],[79.26,25.14],[79.25,25.16],[79.23,25.16],[79.24,25.14],[79.24,25.12],[79.2,25.13],[79.18,25.15],[79.17,25.15],[79.18,25.12],[79.13,25.11],[79.13,25.13],[79.11,25.14],[79.12,25.16],[79.09,25.18],[79.08,25.19],[79.06,25.17],[79.06,25.15],[79.04,25.14],[79.02,25.14],[79.04,25.17],[79.02,25.19],[79.06,25.23],[79.03,25.23],[79.01,25.25],[79.01,25.27],[78.99,25.27],[78.97,25.24],[79,25.23],[79,25.22],[79,25.2],[78.98,25.2],[78.97,25.22],[78.95,25.22],[78.92,25.21],[78.9,25.18],[78.88,25.16],[78.87,25.19],[78.88,25.22],[78.87,25.23],[78.87,25.25],[78.9,25.25],[78.91,25.27],[78.94,25.26],[78.94,25.28],[78.97,25.29],[78.95,25.31],[78.96,25.35],[78.93,25.33],[78.89,25.35],[78.86,25.32],[78.87,25.29],[78.86,25.28],[78.85,25.23],[78.84,25.23],[78.81,25.27],[78.81,25.29],[78.79,25.29],[78.79,25.31],[78.81,25.31],[78.83,25.33],[78.84,25.35],[78.87,25.39],[78.9,25.39],[78.92,25.4],[78.94,25.4],[78.93,25.38],[78.9,25.38],[78.9,25.37],[78.94,25.35],[78.95,25.37],[78.97,25.37],[78.97,25.4],[78.97,25.42],[78.96,25.44],[78.94,25.44],[78.93,25.43],[78.9,25.45],[78.93,25.47],[78.94,25.49],[78.92,25.52],[78.94,25.53],[78.94,25.55],[78.93,25.56],[78.89,25.56],[78.87,25.54],[78.88,25.52],[78.83,25.52],[78.83,25.5],[78.85,25.49],[78.86,25.47],[78.85,25.45],[78.79,25.48],[78.76,25.48],[78.73,25.49],[78.72,25.46],[78.75,25.45],[78.77,25.43],[78.79,25.44],[78.79,25.43],[78.75,25.42],[78.76,25.4],[78.76,25.36],[78.74,25.35],[78.7,25.36],[78.71,25.38],[78.66,25.39],[78.67,25.4],[78.7,25.43],[78.69,25.45],[78.66,25.44],[78.63,25.43],[78.63,25.41],[78.62,25.41],[78.6,25.42],[78.58,25.38],[78.58,25.35],[78.56,25.35],[78.53,25.37],[78.53,25.33],[78.53,25.31],[78.51,25.3],[78.49,25.32],[78.47,25.3],[78.43,25.3],[78.43,25.28],[78.45,25.27],[78.49,25.29],[78.51,25.28],[78.52,25.29],[78.54,25.27],[78.55,25.27],[78.57,25.26],[78.56,25.23],[78.57,25.2],[78.59,25.16],[78.6,25.13],[78.6,25.1],[78.62,25.09],[78.64,25.06],[78.64,25.04],[78.64,25.03],[78.63,24.98],[78.62,24.96],[78.65,24.94],[78.67,24.9],[78.7,24.89],[78.7,24.88],[78.72,24.88],[78.76,24.86],[78.78,24.81],[78.76,24.79],[78.76,24.77],[78.77,24.7],[78.76,24.69],[78.76,24.68],[78.74,24.66],[78.75,24.64],[78.75,24.6],[78.78,24.59],[78.8,24.61],[78.83,24.61],[78.84,24.63],[78.86,24.64],[78.88,24.64],[78.89,24.61],[78.9,24.6],[78.91,24.58],[78.95,24.55],[78.94,24.54],[78.94,24.51],[78.97,24.5],[78.94,24.48],[78.93,24.49],[78.91,24.5],[78.9,24.49],[78.91,24.46],[78.93,24.46],[78.94,24.44],[78.98,24.45],[78.99,24.43],[78.98,24.42],[78.97,24.37],[78.97,24.36],[78.93,24.32],[78.91,24.3],[78.91,24.27],[78.88,24.25],[78.88,24.23],[78.86,24.21],[78.84,24.21],[78.83,24.2],[78.81,24.21],[78.81,24.18],[78.78,24.19],[78.77,24.21],[78.75,24.25],[78.75,24.24],[78.73,24.25],[78.72,24.24],[78.7,24.23],[78.67,24.25],[78.65,24.27],[78.62,24.3],[78.62,24.31],[78.6,24.32],[78.59,24.34],[78.58,24.36],[78.55,24.36],[78.53,24.37],[78.51,24.39],[78.5,24.39],[78.48,24.37],[78.47,24.34],[78.44,24.33],[78.43,24.3],[78.41,24.29],[78.41,24.28],[78.39,24.27],[78.36,24.3],[78.34,24.31],[78.33,24.34],[78.36,24.38],[78.34,24.4],[78.32,24.41],[78.27,24.45],[78.26,24.46],[78.26,24.48],[78.24,24.49],[78.24,24.51],[78.22,24.52],[78.22,24.54],[78.26,24.55],[78.27,24.62],[78.26,24.65],[78.27,24.67],[78.25,24.71],[78.23,24.74],[78.22,24.76],[78.23,24.78],[78.21,24.81],[78.19,24.84],[78.17,24.85],[78.16,24.87],[78.17,24.89],[78.2,24.9],[78.21,24.92],[78.26,24.94],[78.26,24.95],[78.29,24.97],[78.31,24.99],[78.33,25],[78.34,25.03],[78.33,25.05],[78.33,25.08],[78.33,25.09],[78.37,25.1],[78.39,25.13],[78.42,25.12],[78.42,25.15],[78.44,25.16],[78.44,25.17],[78.42,25.17],[78.4,25.19],[78.39,25.2],[78.4,25.22],[78.38,25.23],[78.36,25.25],[78.36,25.27],[78.35,25.28],[78.35,25.3],[78.31,25.31],[78.33,25.34],[78.32,25.36],[78.29,25.37],[78.33,25.4],[78.34,25.43],[78.35,25.45],[78.36,25.45],[78.39,25.45],[78.39,25.47],[78.42,25.48],[78.41,25.51],[78.41,25.53],[78.43,25.56],[78.45,25.55],[78.48,25.58],[78.53,25.57],[78.55,25.56],[78.58,25.56],[78.6,25.59],[78.62,25.57],[78.65,25.57],[78.68,25.59],[78.71,25.61],[78.73,25.6],[78.79,25.62],[78.81,25.62],[78.81,25.65],[78.81,25.67],[78.79,25.71],[78.76,25.72],[78.75,25.74],[78.75,25.75],[78.78,25.76],[78.78,25.78],[78.8,25.8],[78.82,25.8],[78.82,25.83],[78.84,25.82],[78.84,25.81],[78.86,25.8],[78.87,25.83],[78.84,25.85],[78.86,25.87],[78.88,25.88],[78.89,25.9],[78.88,25.92],[78.89,25.93],[78.92,25.95],[78.94,25.99],[78.95,26.03],[78.94,26.04],[78.98,26.07],[79,26.08],[78.97,26.11],[78.97,26.13],[78.94,26.14],[78.96,26.15],[78.99,26.15],[79,26.15],[79,26.17],[78.98,26.19],[78.99,26.2],[79,26.2],[79.02,26.21],[79.02,26.23],[79.04,26.23],[79.06,26.25],[79.05,26.26],[79.06,26.28],[79.08,26.29],[79.1,26.31],[79.13,26.32],[79.12,26.35],[79.08,26.36],[79.09,26.38],[79.08,26.41],[79.12,26.42],[79.13,26.44],[79.09,26.46],[79.07,26.45],[79.05,26.46],[79.06,26.48],[79.06,26.5],[79.03,26.52],[79.03,26.54],[79,26.55],[79,26.57],[78.98,26.59],[79.01,26.61],[79,26.63],[78.99,26.65],[79,26.67],[78.98,26.69],[78.95,26.66],[78.94,26.67],[78.95,26.7],[78.9,26.71],[78.88,26.7],[78.86,26.7],[78.84,26.73],[78.81,26.77],[78.76,26.77],[78.74,26.79],[78.72,26.78],[78.72,26.8],[78.68,26.79],[78.66,26.77],[78.62,26.78],[78.6,26.76],[78.57,26.76],[78.52,26.79],[78.46,26.8],[78.45,26.8],[78.43,26.83],[78.39,26.83],[78.36,26.87],[78.34,26.87],[78.28,26.86],[78.27,26.85],[78.27,26.82],[78.26,26.82],[78.22,26.84],[78.21,26.84],[78.16,26.83],[78.18,26.8],[78.18,26.79],[78.15,26.79],[78.12,26.8],[78.1,26.79],[78.1,26.77],[78.11,26.75],[78.09,26.74],[78.09,26.69],[78.08,26.68],[78.05,26.69],[77.99,26.7],[77.97,26.68],[77.94,26.66],[77.9,26.67],[77.89,26.65],[77.89,26.63],[77.88,26.62],[77.84,26.62],[77.82,26.6],[77.82,26.57],[77.81,26.55],[77.8,26.55],[77.77,26.55],[77.74,26.54],[77.73,26.52],[77.7,26.5],[77.67,26.51],[77.63,26.48],[77.6,26.45],[77.55,26.44],[77.52,26.41],[77.47,26.41],[77.43,26.41],[77.44,26.38],[77.43,26.37],[77.4,26.37],[77.39,26.36],[77.37,26.37],[77.32,26.35],[77.31,26.32],[77.27,26.28],[77.24,26.26],[77.19,26.24],[77.16,26.24],[77.13,26.24],[77.11,26.23],[77.1,26.2],[77.08,26.19],[77.05,26.19],[77.02,26.18],[77,26.16],[76.99,26.14],[76.94,26.11],[76.89,26.09],[76.87,26.06],[76.83,26.03],[76.84,26.01],[76.82,25.98],[76.82,25.97],[76.79,25.94],[76.76,25.94],[76.76,25.92],[76.73,25.9],[76.71,25.9],[76.67,25.91],[76.64,25.91],[76.63,25.88],[76.6,25.88],[76.59,25.87],[76.57,25.84],[76.55,25.83],[76.53,25.8],[76.52,25.77],[76.53,25.74],[76.53,25.73],[76.5,25.73],[76.48,25.72],[76.48,25.7],[76.51,25.67],[76.5,25.65],[76.51,25.63],[76.52,25.61],[76.51,25.58],[76.52,25.55],[76.52,25.53],[76.54,25.51],[76.56,25.47],[76.56,25.44],[76.59,25.43],[76.6,25.39],[76.63,25.38],[76.64,25.38],[76.68,25.35],[76.71,25.34],[76.74,25.35],[76.77,25.34],[76.77,25.32],[76.84,25.33],[76.89,25.32],[76.93,25.3],[76.93,25.28],[76.95,25.28],[76.96,25.3],[76.99,25.3],[77.02,25.3],[77.04,25.33],[77.06,25.32],[77.08,25.34],[77.12,25.34],[77.15,25.31],[77.19,25.31],[77.2,25.33],[77.22,25.33],[77.22,25.37],[77.26,25.4],[77.28,25.42],[77.31,25.44],[77.36,25.41],[77.34,25.39],[77.36,25.37],[77.34,25.34],[77.36,25.33],[77.37,25.31],[77.37,25.29],[77.35,25.27],[77.36,25.25],[77.38,25.25],[77.41,25.23],[77.42,25.19],[77.39,25.19],[77.39,25.12],[77.35,25.1],[77.33,25.1],[77.3,25.08],[77.28,25.1],[77.26,25.12],[77.22,25.11],[77.2,25.12],[77.17,25.11],[77.16,25.09],[77.13,25.09],[77.11,25.07],[77.09,25.07],[77.08,25.06],[77.02,25.07],[76.98,25.08],[76.97,25.06],[76.95,25.05],[76.9,25.03],[76.88,25.03],[76.87,25.01],[76.87,24.97],[76.87,24.95],[76.92,24.91],[76.91,24.89],[76.95,24.87],[76.93,24.85],[76.9,24.84],[76.84,24.84],[76.8,24.83],[76.82,24.8],[76.85,24.77],[76.85,24.75],[76.86,24.75],[76.89,24.75],[76.9,24.75],[76.92,24.75],[76.95,24.76],[76.96,24.76],[76.97,24.73],[76.99,24.72],[77.02,24.71],[77.03,24.7],[77.04,24.68],[77.06,24.64],[77.06,24.59],[77.06,24.56],[77.05,24.53],[77.03,24.53],[77.02,24.5],[76.99,24.47],[76.96,24.46],[76.94,24.47],[76.91,24.49],[76.92,24.54],[76.9,24.55],[76.89,24.53],[76.88,24.53],[76.87,24.55],[76.85,24.55],[76.81,24.53],[76.83,24.5],[76.85,24.49],[76.85,24.47],[76.84,24.44],[76.85,24.44],[76.84,24.41],[76.85,24.39],[76.85,24.37],[76.84,24.36],[76.84,24.33],[76.86,24.31],[76.87,24.27],[76.92,24.23],[76.92,24.22],[76.94,24.2],[76.93,24.19],[76.92,24.19],[76.9,24.13],[76.87,24.14],[76.86,24.14],[76.83,24.13],[76.8,24.12],[76.79,24.13],[76.77,24.16],[76.75,24.17],[76.73,24.17],[76.72,24.16],[76.7,24.17],[76.67,24.19],[76.69,24.23],[76.7,24.25],[76.69,24.29],[76.68,24.27],[76.64,24.26],[76.62,24.26],[76.61,24.24],[76.57,24.21],[76.57,24.2],[76.58,24.18],[76.55,24.17],[76.52,24.16],[76.51,24.18],[76.51,24.2],[76.5,24.21],[76.46,24.23],[76.45,24.22],[76.42,24.23],[76.41,24.21],[76.35,24.25],[76.32,24.25],[76.29,24.24],[76.28,24.22],[76.25,24.23],[76.22,24.22],[76.21,24.23],[76.2,24.27],[76.19,24.28],[76.21,24.31],[76.19,24.33],[76.17,24.32],[76.17,24.3],[76.15,24.29],[76.14,24.28],[76.15,24.24],[76.12,24.21],[76.12,24.18],[76.13,24.17],[76.14,24.13],[76.13,24.12],[76.13,24.1],[76.11,24.1],[76.1,24.09],[76.04,24.07],[76.03,24.05],[75.99,24.03],[75.96,24.03],[75.96,24],[75.98,23.97],[75.98,23.94],[75.98,23.93],[75.95,23.92],[75.93,23.9],[75.92,23.9],[75.88,23.88],[75.85,23.89],[75.8,23.87],[75.78,23.85],[75.76,23.86],[75.76,23.88],[75.73,23.9],[75.7,23.9],[75.7,23.88],[75.73,23.86],[75.72,23.83],[75.71,23.82],[75.69,23.82],[75.7,23.79],[75.69,23.77],[75.65,23.8],[75.62,23.81],[75.58,23.8],[75.57,23.82],[75.57,23.83],[75.56,23.86],[75.54,23.88],[75.5,23.89],[75.49,23.91],[75.46,23.92],[75.46,23.98],[75.49,24],[75.51,24.05],[75.53,24.03],[75.57,24.02],[75.57,24],[75.58,23.99],[75.6,24],[75.63,24],[75.64,24.02],[75.67,24.03],[75.69,24.02],[75.68,24],[75.7,23.97],[75.74,23.98],[75.74,24],[75.76,24],[75.78,24.04],[75.78,24.06],[75.83,24.07],[75.83,24.11],[75.81,24.1],[75.79,24.11],[75.78,24.13],[75.74,24.14],[75.77,24.22],[75.81,24.23],[75.81,24.26],[75.81,24.3],[75.8,24.31],[75.77,24.31],[75.74,24.35],[75.74,24.39],[75.74,24.4],[75.76,24.41],[75.76,24.43],[75.79,24.46],[75.79,24.48],[75.82,24.47],[75.81,24.44],[75.83,24.42],[75.86,24.42],[75.9,24.45],[75.91,24.46],[75.91,24.49],[75.91,24.51],[75.93,24.54],[75.91,24.55],[75.91,24.58],[75.88,24.58],[75.87,24.61],[75.85,24.61],[75.85,24.63],[75.84,24.67],[75.83,24.67],[75.84,24.72],[75.84,24.73],[75.81,24.76],[75.79,24.77],[75.74,24.76],[75.68,24.73],[75.66,24.7],[75.61,24.69],[75.58,24.72],[75.55,24.71],[75.54,24.72],[75.48,24.7],[75.45,24.69],[75.36,24.71],[75.35,24.72],[75.3,24.72],[75.27,24.73],[75.25,24.73],[75.23,24.74],[75.22,24.72],[75.2,24.76],[75.19,24.79],[75.22,24.82],[75.25,24.82],[75.25,24.84],[75.23,24.85],[75.2,24.88],[75.25,24.9],[75.24,24.86],[75.28,24.85],[75.3,24.82],[75.31,24.81],[75.33,24.83],[75.34,24.83],[75.42,24.86],[75.42,24.89],[75.41,24.89],[75.37,24.88],[75.33,24.89],[75.31,24.87],[75.26,24.89],[75.27,24.91],[75.29,24.93],[75.27,24.96],[75.29,24.98],[75.29,24.95],[75.32,24.91],[75.33,24.94],[75.34,24.96],[75.32,24.98],[75.32,25.01],[75.33,25.02],[75.35,25.03],[75.35,25.04],[75.31,25.05],[75.2,25.03],[75.17,25.05],[75.16,25.05],[75.15,25.03],[75.17,25.01],[75.16,24.99],[75.14,24.99],[75.12,24.97],[75.12,24.89],[75.09,24.88],[75.07,24.89],[75.04,24.86],[75.01,24.87],[74.94,24.88],[74.95,24.89],[74.91,24.9],[74.91,24.93],[74.9,24.94],[74.87,24.94],[74.86,24.97],[74.85,24.97],[74.83,24.97],[74.82,24.94],[74.83,24.9],[74.86,24.85],[74.86,24.81],[74.88,24.81],[74.88,24.8],[74.91,24.8],[74.97,24.79],[75,24.8],[75.01,24.79],[75.02,24.77],[75.02,24.75],[74.99,24.75],[74.99,24.73],[75,24.71],[74.96,24.7],[74.94,24.66],[74.9,24.66],[74.87,24.67],[74.87,24.69],[74.85,24.71],[74.82,24.77],[74.81,24.8],[74.8,24.8],[74.8,24.75],[74.78,24.74],[74.79,24.73],[74.78,24.69],[74.81,24.69],[74.82,24.67],[74.79,24.65],[74.78,24.64],[74.79,24.61],[74.75,24.6],[74.76,24.56],[74.75,24.54],[74.73,24.53],[74.72,24.52],[74.76,24.49],[74.78,24.48],[74.79,24.49],[74.81,24.49],[74.86,24.45],[74.81,24.41],[74.8,24.39],[74.78,24.37],[74.78,24.32],[74.76,24.3],[74.75,24.28],[74.77,24.27],[74.82,24.28],[74.85,24.27],[74.88,24.28],[74.89,24.26],[74.91,24.23],[74.88,24.22],[74.9,24.17],[74.93,24.16],[74.94,24.12],[74.96,24.11],[74.97,24.08],[74.98,24.07],[74.98,24.04],[74.99,24.03],[74.99,24.01],[74.97,24],[74.96,23.97],[74.94,23.96],[74.91,23.91],[74.91,23.87],[74.92,23.85],[74.91,23.8],[74.93,23.8],[74.94,23.77],[74.93,23.76],[74.94,23.73],[74.92,23.72],[74.92,23.7],[74.91,23.68],[74.92,23.67],[74.94,23.63],[74.91,23.62],[74.89,23.61],[74.87,23.57],[74.85,23.56],[74.8,23.53],[74.8,23.55],[74.77,23.54],[74.76,23.52],[74.74,23.52],[74.73,23.5],[74.71,23.51],[74.67,23.48],[74.66,23.47],[74.61,23.46],[74.6,23.43],[74.57,23.42],[74.57,23.38],[74.56,23.36],[74.55,23.36],[74.54,23.34],[74.53,23.32],[74.55,23.29],[74.57,23.3],[74.59,23.28],[74.62,23.28],[74.63,23.26],[74.65,23.26],[74.67,23.27],[74.7,23.27],[74.72,23.24],[74.7,23.23],[74.72,23.22],[74.75,23.23],[74.75,23.21],[74.72,23.19],[74.67,23.2],[74.65,23.18],[74.63,23.16],[74.61,23.14],[74.55,23.13],[74.55,23.12],[74.54,23.1],[74.51,23.09],[74.47,23.09],[74.45,23.09],[74.43,23.11],[74.39,23.11],[74.36,23.09],[74.35,23.07],[74.32,23.06],[74.33,23.04],[74.35,23.03],[74.36,23],[74.37,22.98],[74.34,22.96],[74.38,22.91],[74.4,22.9],[74.42,22.92],[74.45,22.92],[74.46,22.91],[74.48,22.86],[74.46,22.82],[74.44,22.81],[74.44,22.79],[74.4,22.73],[74.4,22.69],[74.38,22.67],[74.38,22.64],[74.36,22.64],[74.33,22.64],[74.29,22.64],[74.28,22.65],[74.26,22.64],[74.26,22.62],[74.24,22.61],[74.23,22.59],[74.21,22.57],[74.2,22.57],[74.19,22.55],[74.16,22.53],[74.15,22.52],[74.13,22.52],[74.08,22.55],[74.07,22.55],[74.04,22.54],[74.04,22.52],[74.09,22.51],[74.08,22.47],[74.1,22.47],[74.11,22.43],[74.12,22.42],[74.14,22.45],[74.16,22.44],[74.19,22.44],[74.18,22.46],[74.2,22.47],[74.2,22.44],[74.24,22.44],[74.26,22.42],[74.27,22.39],[74.24,22.38],[74.23,22.36],[74.2,22.34],[74.19,22.32],[74.13,22.33],[74.13,22.35],[74.11,22.37],[74.1,22.36],[74.07,22.36],[74.08,22.34],[74.07,22.33],[74.06,22.29],[74.08,22.27],[74.08,22.25],[74.08,22.22],[74.11,22.22],[74.12,22.21],[74.13,22.17],[74.14,22.16],[74.13,22.13],[74.13,22.1],[74.15,22.11],[74.17,22.1],[74.16,22.06],[74.14,22.05],[74.13,22.04],[74.1,22.02],[74.1,22],[74.15,21.99],[74.14,21.97],[74.15,21.95],[74.17,21.95],[74.18,21.93],[74.2,21.93],[74.29,21.94],[74.3,21.97],[74.31,21.97],[74.35,21.98],[74.38,22],[74.39,22.02],[74.44,22.03],[74.44,22.02],[74.44,21.98],[74.45,21.97],[74.47,21.97],[74.49,21.95],[74.52,21.93],[74.53,21.91],[74.52,21.89],[74.51,21.82],[74.5,21.81],[74.51,21.78],[74.52,21.77],[74.51,21.73],[74.52,21.72],[74.55,21.72],[74.56,21.69],[74.58,21.68],[74.59,21.67],[74.66,21.65],[74.69,21.63],[74.72,21.62],[74.8,21.61],[74.83,21.61],[74.87,21.63],[74.9,21.63],[74.93,21.61],[74.98,21.6],[75.01,21.58],[75.02,21.57],[75.06,21.56],[75.09,21.51],[75.11,21.47],[75.13,21.45],[75.19,21.43],[75.22,21.41],[75.23,21.42],[75.25,21.41],[75.3,21.41],[75.3,21.4],[75.35,21.39],[75.36,21.4],[75.38,21.39],[75.47,21.39],[75.52,21.39],[75.55,21.37],[75.58,21.38],[75.59,21.39],[75.62,21.39],[75.63,21.38],[75.67,21.38],[75.71,21.39],[75.74,21.39],[75.76,21.39],[75.8,21.39],[75.83,21.38],[75.86,21.39],[75.89,21.4],[75.92,21.39],[75.97,21.39],[75.98,21.38],[76.03,21.37],[76.05,21.35],[76.1,21.37],[76.11,21.36],[76.13,21.3],[76.14,21.29],[76.16,21.26],[76.15,21.23],[76.16,21.22],[76.17,21.17],[76.13,21.18],[76.11,21.16],[76.14,21.14],[76.14,21.13],[76.17,21.11],[76.18,21.09],[76.27,21.09],[76.28,21.08],[76.36,21.08],[76.38,21.08],[76.41,21.09],[76.41,21.11],[76.43,21.11],[76.45,21.11],[76.46,21.14],[76.47,21.15],[76.48,21.19],[76.49,21.2],[76.53,21.19],[76.56,21.21],[76.62,21.19],[76.63,21.21],[76.63,21.23],[76.64,21.25],[76.66,21.25],[76.66,21.28],[76.63,21.33],[76.63,21.34],[76.67,21.37],[76.73,21.41],[76.74,21.44],[76.78,21.47],[76.79,21.49],[76.76,21.52],[76.79,21.54],[76.78,21.56],[76.8,21.6],[76.83,21.59],[76.85,21.62],[76.89,21.6],[77,21.68],[77.06,21.71],[77.07,21.72],[77.09,21.72],[77.12,21.73],[77.15,21.71],[77.19,21.72],[77.18,21.7],[77.21,21.69],[77.22,21.7],[77.22,21.72],[77.26,21.72],[77.27,21.73],[77.29,21.74],[77.28,21.76],[77.32,21.76],[77.34,21.76],[77.4,21.76],[77.45,21.76],[77.47,21.77],[77.48,21.76],[77.5,21.75],[77.54,21.7],[77.56,21.67],[77.57,21.59],[77.57,21.56],[77.59,21.56],[77.61,21.54],[77.59,21.53],[77.57,21.53],[77.53,21.54],[77.5,21.55],[77.46,21.56],[77.44,21.54],[77.42,21.54],[77.42,21.52],[77.44,21.49],[77.44,21.47],[77.47,21.46],[77.47,21.44],[77.48,21.42],[77.49,21.38],[77.55,21.38],[77.56,21.37],[77.6,21.37],[77.6,21.39],[77.65,21.39],[77.66,21.39],[77.67,21.37],[77.7,21.38],[77.71,21.36],[77.74,21.37],[77.75,21.38],[77.79,21.39],[77.8,21.41],[77.82,21.41],[77.86,21.39],[77.9,21.38],[77.94,21.39],[77.94,21.4],[77.98,21.4],[78,21.42],[78.02,21.42],[78.04,21.44],[78.06,21.44],[78.17,21.5],[78.18,21.51],[78.17,21.53],[78.17,21.55],[78.18,21.56],[78.22,21.55],[78.24,21.57],[78.27,21.57],[78.27,21.59],[78.32,21.58],[78.34,21.59],[78.36,21.58],[78.38,21.6],[78.37,21.62],[78.4,21.61],[78.42,21.6],[78.41,21.58],[78.42,21.56],[78.44,21.5],[78.48,21.51],[78.51,21.53],[78.54,21.52],[78.56,21.51],[78.58,21.49],[78.61,21.49],[78.62,21.48],[78.64,21.48],[78.66,21.48],[78.68,21.48],[78.72,21.46],[78.74,21.47],[78.75,21.49],[78.76,21.49],[78.77,21.47],[78.78,21.49],[78.84,21.49],[78.85,21.5],[78.89,21.49],[78.9,21.5],[78.93,21.49],[78.94,21.52],[78.92,21.52],[78.91,21.56],[78.91,21.59],[78.94,21.59],[78.97,21.62],[78.99,21.62],[79.01,21.6],[79.03,21.61],[79.1,21.61],[79.1,21.62],[79.13,21.63],[79.14,21.64],[79.15,21.66],[79.22,21.65],[79.23,21.67],[79.22,21.68],[79.22,21.7],[79.23,21.72],[79.26,21.72],[79.28,21.69],[79.39,21.67],[79.41,21.69],[79.44,21.68],[79.46,21.69],[79.49,21.67],[79.51,21.63],[79.5,21.61],[79.51,21.59],[79.54,21.57],[79.54,21.54],[79.56,21.55],[79.58,21.54],[79.61,21.56],[79.65,21.56],[79.66,21.58],[79.68,21.58],[79.69,21.59],[79.71,21.59],[79.73,21.6],[79.79,21.58],[79.82,21.56],[79.83,21.55],[79.86,21.53],[79.89,21.52],[79.92,21.52],[79.93,21.55],[79.97,21.56],[79.99,21.53],[80.03,21.56],[80.06,21.55],[80.09,21.59],[80.11,21.59],[80.12,21.61],[80.14,21.6],[80.19,21.63],[80.2,21.63],[80.22,21.62],[80.26,21.62],[80.3,21.58],[80.32,21.57],[80.34,21.54],[80.37,21.52],[80.38,21.49],[80.4,21.47],[80.41,21.44],[80.39,21.41],[80.4,21.38],[80.43,21.37],[80.44,21.37],[80.45,21.4],[80.48,21.39],[80.52,21.39],[80.54,21.37],[80.56,21.36],[80.56,21.34],[80.58,21.34],[80.59,21.32],[80.62,21.32],[80.66,21.33],[80.68,21.37],[80.7,21.41],[80.7,21.43],[80.72,21.45],[80.73,21.47],[80.72,21.5],[80.73,21.54],[80.71,21.56],[80.72,21.57],[80.71,21.58],[80.71,21.6],[80.72,21.62],[80.72,21.64],[80.71,21.67],[80.72,21.69],[80.73,21.73],[80.74,21.76],[80.76,21.76],[80.78,21.74],[80.81,21.75],[80.81,21.76],[80.83,21.8],[80.84,21.83],[80.83,21.85],[80.84,21.86],[80.84,21.88],[80.83,21.89],[80.82,21.91],[80.84,21.93],[80.83,21.95],[80.85,21.98],[80.87,22.01],[80.87,22.03],[80.88,22.06],[80.89,22.07],[80.9,22.1],[80.92,22.12],[80.95,22.11],[80.97,22.08],[80.96,22.06],[80.98,22.05],[81,22.06],[81,22.09],[80.99,22.11],[80.97,22.11],[80.99,22.13],[81.02,22.13],[81.02,22.17],[81.01,22.18],[81.03,22.2],[81.02,22.21],[81.02,22.23],[81.05,22.24],[81.08,22.25],[81.1,22.28],[81.11,22.29],[81.11,22.33],[81.12,22.34],[81.1,22.38],[81.1,22.43],[81.11,22.44],[81.15,22.46],[81.17,22.49],[81.19,22.48],[81.19,22.46],[81.22,22.45],[81.26,22.47],[81.26,22.49],[81.28,22.5],[81.3,22.48],[81.32,22.49],[81.31,22.52],[81.32,22.52],[81.38,22.51],[81.39,22.44],[81.41,22.45],[81.42,22.47],[81.45,22.5],[81.48,22.49],[81.49,22.52],[81.52,22.54],[81.54,22.53],[81.56,22.53],[81.56,22.55],[81.61,22.54],[81.62,22.54],[81.62,22.56],[81.64,22.56],[81.65,22.58],[81.64,22.59],[81.64,22.61],[81.68,22.65],[81.7,22.65],[81.71,22.66],[81.72,22.68],[81.74,22.67],[81.75,22.65],[81.77,22.68],[81.75,22.73],[81.78,22.77],[81.77,22.79],[81.78,22.8],[81.76,22.83],[81.77,22.85],[81.77,22.87],[81.8,22.88],[81.83,22.88],[81.86,22.89],[81.86,22.92],[81.87,22.91],[81.9,22.93],[81.91,22.95],[81.94,22.96],[81.94,23.01],[81.92,23.04],[81.94,23.08],[81.97,23.08],[81.98,23.09],[82,23.08],[82.03,23.08],[82.06,23.12],[82.12,23.1],[82.13,23.11],[82.13,23.13],[82.15,23.14],[82.15,23.16],[82.14,23.16],[82.14,23.23],[82.17,23.27],[82.19,23.28],[82.19,23.32],[82.16,23.33],[82.14,23.36],[82.11,23.35],[82.1,23.36],[82.1,23.4],[82.06,23.39],[82.05,23.38],[82.02,23.38],[82.01,23.39],[82.02,23.41],[82.02,23.42],[82,23.41],[81.97,23.42],[81.97,23.45],[81.95,23.47],[81.95,23.5],[81.93,23.51],[81.92,23.53],[81.9,23.54],[81.88,23.52],[81.83,23.51],[81.81,23.52],[81.8,23.55],[81.76,23.55],[81.75,23.57],[81.73,23.57],[81.71,23.53],[81.69,23.52],[81.65,23.53],[81.65,23.5],[81.63,23.49],[81.62,23.49],[81.61,23.51],[81.61,23.54],[81.6,23.55],[81.58,23.55],[81.57,23.59],[81.6,23.6],[81.61,23.66],[81.64,23.66],[81.65,23.68],[81.67,23.69],[81.69,23.72],[81.67,23.74],[81.67,23.76],[81.64,23.77],[81.64,23.78],[81.64,23.8],[81.63,23.84],[81.61,23.84],[81.6,23.85],[81.61,23.87],[81.6,23.88],[81.61,23.9],[81.63,23.91],[81.66,23.93],[81.68,23.91],[81.68,23.89],[81.7,23.89],[81.7,23.86],[81.72,23.86],[81.73,23.84],[81.77,23.81],[81.81,23.81],[81.83,23.82],[81.85,23.82],[81.86,23.83],[81.89,23.84],[81.92,23.87],[81.95,23.85],[82,23.86],[82.04,23.84],[82.05,23.82],[82.08,23.82],[82.12,23.82],[82.13,23.82],[82.17,23.82],[82.17,23.84],[82.2,23.85],[82.2,23.83],[82.23,23.81],[82.26,23.82],[82.3,23.81],[82.35,23.8],[82.37,23.81],[82.39,23.8],[82.45,23.81],[82.46,23.81],[82.49,23.79],[82.52,23.78],[82.54,23.79],[82.54,23.81],[82.55,23.83],[82.59,23.82],[82.61,23.84],[82.63,23.84],[82.64,23.86],[82.66,23.87],[82.65,23.89],[82.65,23.91],[82.68,23.91],[82.7,23.92],[82.75,23.92],[82.75,23.94],[82.77,23.94],[82.8,23.96],[82.81,23.96]]]},"properties":{"ID_0":105,"ISO":"IND","NAME_0":"India","ID_1":20,"NAME_1":"Madhya Pradesh","NL_NAME_1":"","VARNAME_1":"","TYPE_1":"State","ENGTYPE_1":"State","filename":"","filename_1":"","filename_2":"","filename_3":"","filename_4":""}},
{"type":"Feature","geometry":{"type":"Polygon","coordinates":[[[80.66,21.33],[80.62,21.32],[80.59,21.32],[80.58,21.34],[80.56,21.34],[80.56,21.36],[80.54,21.37],[80.52,21.39],[80.48,21.39],[80.45,21.4],[80.44,21.37],[80.43,21.37],[80.4,21.38],[80.39,21.41],[80.41,21.44],[80.4,21.47],[80.38,21.49],[80.37,21.52],[80.34,21.54],[80.32,21.57],[80.3,21.58],[80.26,21.62],[80.22,21.62],[80.2,21.63],[80.19,21.63],[80.14,21.6],[80.12,21.61],[80.11,21.59],[80.09,21.59],[80.06,21.55],[80.03,21.56],[79.99,21.53],[79.97,21.56],[79.93,21.55],[79.92,21.52],[79.89,21.52],[79.86,21.53],[79.83,21.55],[79.82,21.56],[79.79,21.58],[79.73,21.6],[79.71,21.59],[79.69,21.59],[79.68,21.58],[79.66,21.58],[79.65,21.56],[79.61,21.56],[79.58,21.54],[79.56,21.55],[79.54,21.54],[79.54,21.57],[79.51,21.59],[79.5,21.61],[79.51,21.63],[79.49,21.67],[79.46,21.69],[79.44,21.68],[79.41,21.69],[79.39,21.67],[79.28,21.69],[79.26,21.72],[79.23,21.72],[79.22,21.7],[79.22,21.68],[79.23,21.67],[79.22,21.65],[79.15,21.66],[79.14,21.64],[79.13,21.63],[79.1,21.62],[79.1,21.61],[79.03,21.61],[79.01,21.6],[78.99,21.62],[78.97,21.62],[78.94,21.59],[78.91,21.59],[78.91,21.56],[78.92,21.52],[78.94,21.52],[78.93,21.49],[78.9,21.5],[78.89,21.49],[78.85,21.5],[78.84,21.49],[78.78,21.49],[78.77,21.47],[78.76,21.49],[78.75,21.49],[78.74,21.47],[78.72,21.46],[78.68,21.48],[78.66,21.48],[78.64,21.48],[78.62,21.48],[78.61,21.49],[78.58,21.49],[78.56,21.51],[78.54,21.52],[78.51,21.53],[78.48,21.51],[78.44,21.5],[78.42,21.56],[78.41,21.58],[78.42,21.6],[78.4,21.61],[78.37,21.62],[78.38,21.6],[78.36,21.58],[78.34,21.59],[78.32,21.58],[78.27,21.59],[78.27,21.57],[78.24,21.57],[78.22,21.55],[78.18,21.56],[78.17,21.55],[78.17,21.53],[78.18,21.51],[78.17,21.5],[78.06,21.44],[78.04,21.44],[78.02,21.42],[78,21.42],[77.98,21.4],[77.94,21.4],[77.94,21.39],[77.9,21.38],[77.86,21.39],[77.82,21.41],[77.8,21.41],[77.79,21.39],[77.75,21.38],[77.74,21.37],[77.71,21.36],[77.7,21.38],[77.67,21.37],[77.66,21.39],[77.65,21.39],[77.6,21.39],[77.6,21.37],[77.56,21.37],[77.55,21.38],[77.49,21.38],[77.48,21.42],[77.47,21.44],[77.47,21.46],[77.44,21.47],[77.44,21.49],[77.42,21.52],[77.42,21.54],[77.44,21.54],[77.46,21.56],[77.5,21.55],[77.53,21.54],[77.57,21.53],[77.59,21.53],[77.61,21.54],[77.59,21.56],[77.57,21.56],[77.57,21.59],[77.56,21.67],[77.54,21.7],[77.5,21.75],[77.48,21.76],[77.47,21.77],[77.45,21.76],[77.4,21.76],[77.34,21.76],[77.32,21.76],[77.28,21.76],[77.29,21.74],[77.27,21.73],[77.26,21.72],[77.22,21.72],[77.22,21.7],[77.21,21.69],[77.18,21.7],[77.19,21.72],[77.15,21.71],[77.12,21.73],[77.09,21.72],[77.07,21.72],[77.06,21.71],[77,21.68],[76.89,21.6],[76.85,21.62],[76.83,21.59],[76.8,21.6],[76.78,21.56],[76.79,21.54],[76.76,21.52],[76.79,21.49],[76.78,21.47],[76.74,21.44],[76.73,21.41],[76.67,21.37],[76.63,21.34],[76.63,21.33],[76.66,21.28],[76.66,21.25],[76.64,21.25],[76.63,21.23],[76.63,21.21],[76.62,21.19],[76.56,21.21],[76.53,21.19],[76.49,21.2],[76.48,21.19],[76.47,21.15],[76.46,21.14],[76.45,21.11],[76.43,21.11],[76.41,21.11],[76.41,21.09],[76.38,21.08],[76.36,21.08],[76.28,21.08],[76.27,21.09],[76.18,21.09],[76.17,21.11],[76.14,21.13],[76.14,21.14],[76.11,21.16],[76.13,21.18],[76.17,21.17],[76.16,21.22],[76.15,21.23],[76.16,21.26],[76.14,21.29],[76.13,21.3],[76.11,21.36],[76.1,21.37],[76.05,21.35],[76.03,21.37],[75.98,21.38],[75.97,21.39],[75.92,21.39],[75.89,21.4],[75.86,21.39],[75.83,21.38],[75.8,21.39],[75.76,21.39],[75.74,21.39],[75.71,21.39],[75.67,21.38],[75.63,21.38],[75.62,21.39],[75.59,21.39],[75.58,21.38],[75.55,21.37],[75.52,21.39],[75.47,21.39],[75.38,21.39],[75.36,21.4],[75.35,21.39],[75.3,21.4],[75.3,21.41],[75.25,21.41],[75.23,21.42],[75.22,21.41],[75.19,21.43],[75.13,21.45],[75.11,21.47],[75.09,21.51],[75.06,21.56],[75.02,21.57],[75.01,21.58],[74.98,21.6],[74.93,21.61],[74.9,21.63],[74.87,21.63],[74.83,21.61],[74.8,21.61],[74.72,21.62],[74.69,21.63],[74.66,21.65],[74.59,21.67],[74.58,21.68],[74.56,21.69],[74.55,21.72],[74.52,21.72],[74.51,21.73],[74.52,21.77],[74.51,21.78],[74.5,21.81],[74.51,21.82],[74.52,21.89],[74.53,21.91],[74.52,21.93],[74.49,21.95],[74.47,21.97],[74.45,21.97],[74.44,21.98],[74.44,22.02],[74.44,22.03],[74.39,22.02],[74.38,22],[74.35,21.98],[74.31,21.97],[74.3,21.97],[74.29,21.94],[74.2,21.93],[74.18,21.93],[74.17,21.95],[74.15,21.95],[74.1,21.94],[74.05,21.92],[74.02,21.91],[73.98,21.89],[73.92,21.86],[73.9,21.85],[73.88,21.84],[73.84,21.84],[73.81,21.82],[73.83,21.81],[73.84,21.77],[73.83,21.76],[73.85,21.74],[73.89,21.71],[73.9,21.7],[73.9,21.67],[73.89,21.65],[73.86,21.64],[73.85,21.63],[73.83,21.64],[73.8,21.63],[73.79,21.63],[73.81,21.6],[73.82,21.6],[73.83,21.55],[73.85,21.51],[73.86,21.5],[73.94,21.52],[73.94,21.51],[73.97,21.52],[73.98,21.54],[74.01,21.54],[74.03,21.55],[74.05,21.55],[74.07,21.56],[74.14,21.56],[74.19,21.56],[74.21,21.53],[74.24,21.55],[74.26,21.54],[74.27,21.54],[74.29,21.56],[74.31,21.56],[74.31,21.54],[74.34,21.54],[74.33,21.5],[74.31,21.48],[74.27,21.48],[74.26,21.47],[74.22,21.46],[74.19,21.47],[74.16,21.45],[74.14,21.46],[74.12,21.45],[74.08,21.46],[74.07,21.48],[74.06,21.46],[74.05,21.43],[74.01,21.41],[73.98,21.4],[73.96,21.39],[73.96,21.37],[73.96,21.34],[73.95,21.3],[73.93,21.29],[73.89,21.26],[73.86,21.27],[73.83,21.27],[73.84,21.24],[73.82,21.22],[73.82,21.17],[73.8,21.18],[73.78,21.16],[73.74,21.17],[73.75,21.15],[73.74,21.14],[73.71,21.15],[73.68,21.15],[73.64,21.13],[73.64,21.15],[73.62,21.16],[73.61,21.18],[73.59,21.17],[73.59,21.15],[73.61,21.15],[73.63,21.12],[73.66,21.12],[73.66,21.11],[73.68,21.11],[73.69,21.1],[73.71,21.11],[73.74,21.1],[73.74,21.08],[73.74,21.06],[73.75,21.04],[73.77,21.04],[73.78,21.02],[73.81,21.02],[73.82,21],[73.85,20.99],[73.91,20.98],[73.9,20.93],[73.92,20.92],[73.93,20.89],[73.93,20.85],[73.95,20.84],[73.94,20.81],[73.94,20.77],[73.95,20.74],[73.92,20.72],[73.89,20.73],[73.88,20.72],[73.86,20.69],[73.84,20.7],[73.82,20.69],[73.83,20.67],[73.84,20.68],[73.85,20.66],[73.85,20.62],[73.81,20.6],[73.79,20.6],[73.75,20.57],[73.74,20.57],[73.7,20.58],[73.67,20.56],[73.64,20.58],[73.62,20.63],[73.59,20.65],[73.56,20.65],[73.54,20.67],[73.53,20.67],[73.5,20.65],[73.49,20.68],[73.5,20.69],[73.48,20.72],[73.46,20.71],[73.46,20.69],[73.44,20.66],[73.4,20.65],[73.4,20.64],[73.43,20.62],[73.44,20.6],[73.48,20.58],[73.49,20.56],[73.48,20.54],[73.5,20.54],[73.47,20.51],[73.48,20.5],[73.45,20.47],[73.42,20.41],[73.4,20.4],[73.39,20.37],[73.41,20.38],[73.43,20.34],[73.43,20.32],[73.44,20.28],[73.42,20.28],[73.42,20.26],[73.43,20.2],[73.38,20.19],[73.31,20.21],[73.29,20.19],[73.29,20.15],[73.27,20.14],[73.26,20.13],[73.24,20.13],[73.22,20.12],[73.22,20.1],[73.2,20.08],[73.2,20.06],[73.18,20.05],[73.16,20.07],[73.12,20.08],[73.1,20.09],[73.06,20.1],[73.06,20.07],[73.03,20.08],[73.02,20.11],[73,20.12],[72.99,20.11],[72.97,20.13],[72.99,20.16],[72.98,20.18],[72.97,20.21],[72.93,20.22],[72.88,20.23],[72.87,20.21],[72.85,20.21],[72.83,20.18],[72.83,20.16],[72.8,20.15],[72.79,20.13],[72.74,20.14],[72.74,20.11],[72.73,20.08],[72.71,20.07],[72.72,20.04],[72.72,19.99],[72.72,19.97],[72.69,19.96],[72.66,19.93],[72.68,19.92],[72.68,19.89],[72.68,19.86],[72.67,19.85],[72.65,19.86],[72.65,19.83],[72.68,19.81],[72.69,19.8],[72.69,19.75],[72.71,19.7],[72.71,19.68],[72.71,19.64],[72.73,19.62],[72.73,19.6],[72.72,19.59],[72.72,19.55],[72.74,19.52],[72.78,19.49],[72.75,19.47],[72.75,19.46],[72.76,19.41],[72.76,19.38],[72.8,19.33],[72.78,19.3],[72.78,19.25],[72.78,19.22],[72.8,19.2],[72.8,19.18],[72.78,19.16],[72.79,19.15],[72.82,19.12],[72.83,19.09],[72.82,19.05],[72.84,19.04],[72.83,19.03],[72.81,19],[72.81,18.98],[72.8,18.96],[72.82,18.95],[72.82,18.93],[72.82,18.91],[72.84,18.93],[72.85,18.95],[72.86,19],[72.88,19.01],[72.9,19],[72.92,19],[72.95,19.03],[72.96,19.06],[72.99,19.06],[73,19.03],[73,19.01],[73.02,18.98],[73,18.97],[72.95,18.96],[72.94,18.95],[72.96,18.92],[72.96,18.91],[72.92,18.91],[72.91,18.9],[72.91,18.89],[72.93,18.85],[72.94,18.85],[72.98,18.86],[72.98,18.81],[72.97,18.79],[72.96,18.8],[72.94,18.83],[72.92,18.79],[72.9,18.8],[72.88,18.8],[72.86,18.79],[72.87,18.76],[72.86,18.72],[72.86,18.7],[72.87,18.64],[72.89,18.63],[72.92,18.56],[72.93,18.54],[72.91,18.52],[72.89,18.46],[72.91,18.44],[72.91,18.4],[72.92,18.39],[72.92,18.37],[72.91,18.35],[72.94,18.35],[72.95,18.33],[72.97,18.3],[72.99,18.28],[73.01,18.28],[73.04,18.26],[73.05,18.27],[73.06,18.25],[73.08,18.23],[73.06,18.23],[73,18.25],[72.97,18.25],[72.97,18.27],[72.95,18.29],[72.94,18.28],[72.94,18.22],[72.96,18.22],[72.98,18.19],[72.99,18.16],[72.98,18.14],[72.97,18.13],[72.98,18.11],[72.99,18.1],[73,18.05],[73.01,18.04],[73.01,18.01],[73.02,17.99],[73.04,17.98],[73.03,17.97],[73.03,17.94],[73.05,17.93],[73.05,17.9],[73.07,17.89],[73.08,17.87],[73.1,17.81],[73.11,17.79],[73.13,17.74],[73.14,17.71],[73.11,17.69],[73.12,17.67],[73.13,17.65],[73.13,17.64],[73.14,17.6],[73.16,17.59],[73.16,17.57],[73.14,17.57],[73.14,17.55],[73.18,17.51],[73.19,17.47],[73.18,17.46],[73.18,17.41],[73.17,17.41],[73.18,17.39],[73.21,17.38],[73.22,17.35],[73.22,17.33],[73.24,17.32],[73.23,17.29],[73.21,17.3],[73.2,17.29],[73.2,17.27],[73.22,17.27],[73.25,17.21],[73.27,17.12],[73.29,17.11],[73.29,17.06],[73.28,17.03],[73.26,17.05],[73.26,17.02],[73.28,17.02],[73.28,17.01],[73.28,16.99],[73.29,16.99],[73.29,16.96],[73.28,16.95],[73.29,16.92],[73.28,16.9],[73.3,16.89],[73.29,16.87],[73.3,16.82],[73.32,16.81],[73.32,16.8],[73.31,16.77],[73.31,16.73],[73.33,16.69],[73.33,16.64],[73.35,16.62],[73.34,16.6],[73.32,16.6],[73.34,16.56],[73.31,16.54],[73.33,16.51],[73.33,16.49],[73.36,16.45],[73.37,16.4],[73.37,16.36],[73.39,16.36],[73.39,16.34],[73.41,16.3],[73.42,16.25],[73.44,16.2],[73.45,16.16],[73.47,16.07],[73.46,16.06],[73.48,16.04],[73.49,16.01],[73.49,15.98],[73.51,15.96],[73.51,15.94],[73.55,15.93],[73.59,15.91],[73.6,15.89],[73.61,15.86],[73.63,15.85],[73.65,15.8],[73.66,15.76],[73.65,15.74],[73.68,15.72],[73.74,15.72],[73.75,15.73],[73.78,15.73],[73.79,15.72],[73.82,15.74],[73.83,15.74],[73.84,15.76],[73.87,15.8],[73.89,15.77],[73.88,15.75],[73.91,15.74],[73.95,15.74],[73.96,15.71],[73.96,15.7],[73.97,15.69],[73.98,15.66],[73.97,15.64],[73.98,15.63],[74,15.61],[74.03,15.6],[74.04,15.62],[74.08,15.63],[74.13,15.65],[74.1,15.67],[74.13,15.68],[74.14,15.7],[74.13,15.72],[74.16,15.73],[74.17,15.75],[74.2,15.75],[74.21,15.76],[74.22,15.78],[74.24,15.78],[74.24,15.76],[74.24,15.74],[74.26,15.74],[74.27,15.75],[74.29,15.74],[74.32,15.76],[74.33,15.77],[74.35,15.76],[74.36,15.77],[74.38,15.8],[74.37,15.81],[74.39,15.85],[74.35,15.85],[74.35,15.86],[74.37,15.88],[74.4,15.87],[74.39,15.9],[74.44,15.95],[74.45,15.98],[74.45,16],[74.46,16.02],[74.47,16.05],[74.44,16.06],[74.41,16.05],[74.39,16.04],[74.37,16.06],[74.4,16.09],[74.43,16.11],[74.46,16.1],[74.49,16.09],[74.5,16.11],[74.49,16.14],[74.5,16.18],[74.51,16.19],[74.5,16.21],[74.51,16.22],[74.48,16.25],[74.42,16.26],[74.42,16.28],[74.39,16.28],[74.38,16.29],[74.36,16.29],[74.36,16.27],[74.34,16.27],[74.33,16.28],[74.35,16.29],[74.33,16.34],[74.32,16.35],[74.34,16.39],[74.35,16.39],[74.35,16.37],[74.37,16.39],[74.36,16.4],[74.34,16.4],[74.34,16.43],[74.34,16.45],[74.32,16.45],[74.29,16.47],[74.3,16.5],[74.29,16.5],[74.27,16.48],[74.26,16.5],[74.29,16.51],[74.28,16.52],[74.28,16.54],[74.31,16.53],[74.31,16.5],[74.32,16.51],[74.32,16.54],[74.33,16.55],[74.39,16.53],[74.4,16.54],[74.4,16.56],[74.4,16.58],[74.43,16.58],[74.44,16.6],[74.47,16.6],[74.46,16.63],[74.46,16.65],[74.48,16.66],[74.5,16.63],[74.55,16.63],[74.55,16.59],[74.57,16.59],[74.56,16.56],[74.57,16.55],[74.62,16.57],[74.64,16.58],[74.64,16.6],[74.66,16.6],[74.69,16.62],[74.66,16.64],[74.67,16.66],[74.7,16.67],[74.7,16.72],[74.74,16.72],[74.78,16.75],[74.85,16.76],[74.85,16.77],[74.92,16.77],[74.92,16.79],[74.91,16.86],[74.95,16.88],[74.96,16.88],[74.97,16.91],[74.95,16.91],[74.93,16.93],[74.94,16.94],[74.95,16.93],[74.97,16.94],[74.99,16.93],[75,16.95],[75.05,16.94],[75.09,16.95],[75.09,16.92],[75.11,16.91],[75.14,16.89],[75.14,16.87],[75.17,16.86],[75.19,16.87],[75.18,16.84],[75.23,16.84],[75.24,16.86],[75.27,16.86],[75.28,16.87],[75.29,16.9],[75.29,16.91],[75.28,16.95],[75.35,16.95],[75.37,16.97],[75.39,16.98],[75.43,16.96],[75.44,16.98],[75.47,16.99],[75.49,16.97],[75.49,16.95],[75.52,16.95],[75.53,16.97],[75.57,16.96],[75.57,17.01],[75.61,17],[75.61,16.97],[75.64,16.97],[75.65,16.95],[75.68,16.96],[75.67,16.98],[75.67,17.04],[75.65,17.03],[75.65,17.05],[75.68,17.07],[75.67,17.11],[75.65,17.11],[75.65,17.13],[75.63,17.16],[75.63,17.19],[75.66,17.21],[75.66,17.27],[75.63,17.27],[75.62,17.29],[75.61,17.3],[75.62,17.33],[75.61,17.34],[75.58,17.35],[75.58,17.38],[75.62,17.39],[75.62,17.42],[75.63,17.46],[75.64,17.48],[75.66,17.46],[75.68,17.45],[75.68,17.44],[75.69,17.41],[75.71,17.41],[75.74,17.42],[75.77,17.41],[75.78,17.38],[75.81,17.37],[75.82,17.42],[75.84,17.42],[75.86,17.41],[75.86,17.39],[75.89,17.41],[75.89,17.35],[75.91,17.35],[75.93,17.32],[75.97,17.34],[76,17.34],[76.02,17.35],[76.06,17.35],[76.08,17.33],[76.1,17.36],[76.12,17.37],[76.14,17.35],[76.16,17.34],[76.16,17.3],[76.18,17.31],[76.17,17.35],[76.18,17.36],[76.23,17.36],[76.27,17.36],[76.28,17.33],[76.32,17.33],[76.31,17.34],[76.34,17.35],[76.35,17.31],[76.38,17.31],[76.39,17.34],[76.41,17.35],[76.41,17.37],[76.36,17.38],[76.37,17.43],[76.33,17.43],[76.33,17.47],[76.35,17.47],[76.37,17.49],[76.37,17.5],[76.35,17.49],[76.35,17.51],[76.37,17.52],[76.36,17.54],[76.34,17.54],[76.33,17.59],[76.42,17.6],[76.43,17.64],[76.45,17.66],[76.49,17.66],[76.48,17.67],[76.49,17.71],[76.52,17.72],[76.52,17.76],[76.56,17.76],[76.57,17.74],[76.57,17.7],[76.59,17.71],[76.6,17.73],[76.6,17.76],[76.61,17.77],[76.63,17.76],[76.63,17.73],[76.66,17.72],[76.66,17.69],[76.69,17.68],[76.69,17.71],[76.72,17.75],[76.72,17.79],[76.74,17.78],[76.76,17.79],[76.78,17.8],[76.79,17.83],[76.77,17.85],[76.74,17.86],[76.74,17.9],[76.77,17.9],[76.77,17.88],[76.8,17.87],[76.81,17.88],[76.85,17.9],[76.88,17.89],[76.9,17.91],[76.92,17.92],[76.91,17.94],[76.92,17.99],[76.92,18.03],[76.95,18.04],[76.95,18.08],[76.97,18.1],[76.95,18.11],[76.92,18.12],[76.94,18.15],[76.95,18.18],[76.99,18.19],[77,18.17],[77.02,18.16],[77.03,18.18],[77.05,18.17],[77.06,18.15],[77.11,18.15],[77.12,18.17],[77.1,18.2],[77.12,18.21],[77.14,18.21],[77.16,18.25],[77.18,18.28],[77.21,18.28],[77.2,18.31],[77.21,18.31],[77.23,18.34],[77.23,18.39],[77.24,18.41],[77.31,18.44],[77.33,18.46],[77.34,18.43],[77.35,18.45],[77.36,18.43],[77.37,18.4],[77.4,18.4],[77.41,18.38],[77.39,18.37],[77.39,18.34],[77.37,18.32],[77.36,18.31],[77.41,18.3],[77.44,18.31],[77.44,18.28],[77.47,18.26],[77.49,18.27],[77.51,18.28],[77.51,18.3],[77.52,18.31],[77.55,18.29],[77.57,18.31],[77.55,18.33],[77.53,18.34],[77.52,18.36],[77.55,18.39],[77.56,18.42],[77.53,18.43],[77.53,18.44],[77.56,18.44],[77.58,18.44],[77.57,18.47],[77.58,18.48],[77.6,18.47],[77.6,18.49],[77.59,18.5],[77.6,18.55],[77.64,18.55],[77.65,18.54],[77.66,18.53],[77.71,18.55],[77.73,18.55],[77.75,18.59],[77.74,18.62],[77.73,18.64],[77.73,18.68],[77.75,18.69],[77.79,18.69],[77.8,18.72],[77.8,18.73],[77.82,18.77],[77.84,18.81],[77.91,18.83],[77.94,18.82],[77.94,18.84],[77.93,18.86],[77.9,18.87],[77.89,18.89],[77.88,18.91],[77.86,18.91],[77.84,18.91],[77.85,18.95],[77.81,18.95],[77.82,18.98],[77.77,18.98],[77.76,19.02],[77.76,19.03],[77.76,19.06],[77.8,19.05],[77.79,19.07],[77.8,19.1],[77.82,19.1],[77.83,19.08],[77.84,19.09],[77.85,19.11],[77.83,19.13],[77.85,19.16],[77.85,19.18],[77.84,19.19],[77.87,19.25],[77.88,19.26],[77.9,19.26],[77.9,19.28],[77.86,19.28],[77.86,19.3],[77.91,19.32],[77.93,19.33],[77.95,19.34],[77.98,19.32],[77.99,19.31],[78.01,19.3],[78.03,19.28],[78.05,19.27],[78.05,19.25],[78.06,19.24],[78.08,19.25],[78.1,19.25],[78.13,19.25],[78.15,19.23],[78.18,19.24],[78.18,19.28],[78.19,19.3],[78.2,19.33],[78.18,19.35],[78.19,19.4],[78.22,19.43],[78.25,19.43],[78.27,19.45],[78.3,19.45],[78.31,19.47],[78.31,19.49],[78.3,19.5],[78.3,19.56],[78.31,19.57],[78.31,19.6],[78.3,19.62],[78.29,19.65],[78.27,19.66],[78.29,19.69],[78.32,19.69],[78.32,19.7],[78.35,19.71],[78.35,19.73],[78.36,19.75],[78.37,19.78],[78.36,19.81],[78.34,19.81],[78.34,19.84],[78.29,19.85],[78.3,19.87],[78.31,19.91],[78.33,19.92],[78.32,19.89],[78.34,19.88],[78.38,19.88],[78.39,19.85],[78.4,19.84],[78.43,19.82],[78.48,19.82],[78.49,19.79],[78.5,19.79],[78.51,19.81],[78.53,19.82],[78.58,19.81],[78.6,19.82],[78.62,19.81],[78.7,19.79],[78.72,19.77],[78.74,19.78],[78.76,19.78],[78.78,19.78],[78.81,19.76],[78.85,19.76],[78.86,19.73],[78.86,19.7],[78.86,19.66],[78.89,19.66],[78.92,19.67],[78.94,19.67],[78.97,19.65],[78.96,19.62],[78.98,19.59],[78.98,19.58],[78.95,19.56],[78.95,19.55],[78.98,19.55],[78.99,19.56],[79.02,19.54],[79.05,19.55],[79.06,19.53],[79.1,19.53],[79.1,19.51],[79.14,19.5],[79.17,19.47],[79.19,19.46],[79.22,19.46],[79.21,19.48],[79.22,19.51],[79.24,19.53],[79.24,19.56],[79.25,19.58],[79.24,19.61],[79.26,19.61],[79.3,19.59],[79.31,19.57],[79.34,19.57],[79.37,19.57],[79.37,19.56],[79.41,19.53],[79.44,19.53],[79.46,19.52],[79.47,19.5],[79.51,19.52],[79.51,19.54],[79.54,19.55],[79.55,19.53],[79.57,19.51],[79.59,19.5],[79.6,19.51],[79.61,19.54],[79.62,19.57],[79.64,19.58],[79.68,19.58],[79.71,19.58],[79.74,19.6],[79.78,19.6],[79.79,19.58],[79.82,19.57],[79.83,19.54],[79.88,19.5],[79.91,19.49],[79.94,19.46],[79.95,19.44],[79.97,19.4],[79.96,19.35],[79.96,19.33],[79.96,19.3],[79.95,19.28],[79.92,19.23],[79.92,19.2],[79.94,19.18],[79.91,19.14],[79.87,19.12],[79.86,19.1],[79.86,19.06],[79.86,19.04],[79.87,19.04],[79.89,19.05],[79.93,19.04],[79.93,19.02],[79.93,18.97],[79.94,18.94],[79.94,18.86],[79.93,18.84],[79.89,18.83],[79.92,18.8],[79.93,18.78],[80.01,18.77],[80.02,18.75],[80.03,18.75],[80.05,18.72],[80.08,18.7],[80.11,18.68],[80.16,18.7],[80.17,18.68],[80.19,18.68],[80.2,18.7],[80.25,18.7],[80.27,18.72],[80.24,18.75],[80.25,18.77],[80.27,18.76],[80.3,18.79],[80.32,18.8],[80.35,18.81],[80.35,18.82],[80.34,18.86],[80.29,18.91],[80.27,18.92],[80.26,18.94],[80.27,18.99],[80.3,19.03],[80.29,19.05],[80.32,19.06],[80.32,19.09],[80.33,19.1],[80.32,19.12],[80.32,19.14],[80.35,19.16],[80.38,19.18],[80.39,19.2],[80.38,19.22],[80.39,19.24],[80.42,19.25],[80.45,19.27],[80.47,19.33],[80.48,19.34],[80.51,19.35],[80.53,19.37],[80.56,19.4],[80.57,19.4],[80.58,19.38],[80.59,19.35],[80.6,19.31],[80.62,19.3],[80.66,19.33],[80.69,19.31],[80.68,19.29],[80.7,19.28],[80.75,19.29],[80.77,19.31],[80.84,19.36],[80.84,19.37],[80.81,19.38],[80.81,19.4],[80.79,19.43],[80.84,19.44],[80.87,19.44],[80.89,19.47],[80.89,19.5],[80.88,19.52],[80.85,19.52],[80.84,19.53],[80.83,19.56],[80.82,19.57],[80.79,19.56],[80.77,19.57],[80.76,19.58],[80.72,19.61],[80.66,19.61],[80.66,19.63],[80.67,19.67],[80.67,19.69],[80.63,19.72],[80.58,19.74],[80.57,19.75],[80.54,19.77],[80.54,19.81],[80.52,19.83],[80.48,19.83],[80.46,19.81],[80.47,19.8],[80.48,19.78],[80.45,19.79],[80.42,19.8],[80.4,19.79],[80.4,19.82],[80.43,19.81],[80.46,19.83],[80.48,19.86],[80.5,19.87],[80.49,19.89],[80.46,19.9],[80.44,19.89],[80.4,19.91],[80.41,19.93],[80.43,19.94],[80.44,19.95],[80.46,19.95],[80.47,19.93],[80.5,19.92],[80.52,19.93],[80.53,19.97],[80.54,19.98],[80.53,20],[80.55,20.07],[80.53,20.09],[80.54,20.11],[80.52,20.12],[80.45,20.14],[80.44,20.13],[80.43,20.13],[80.39,20.14],[80.38,20.16],[80.39,20.18],[80.41,20.19],[80.41,20.2],[80.4,20.21],[80.38,20.24],[80.42,20.25],[80.46,20.27],[80.49,20.27],[80.51,20.27],[80.54,20.31],[80.62,20.33],[80.6,20.38],[80.59,20.39],[80.59,20.41],[80.6,20.43],[80.59,20.45],[80.6,20.46],[80.61,20.53],[80.61,20.56],[80.62,20.57],[80.61,20.59],[80.62,20.6],[80.58,20.61],[80.56,20.61],[80.55,20.6],[80.52,20.58],[80.5,20.59],[80.48,20.62],[80.49,20.64],[80.52,20.66],[80.58,20.68],[80.57,20.7],[80.56,20.71],[80.55,20.75],[80.55,20.77],[80.54,20.79],[80.56,20.82],[80.55,20.85],[80.55,20.89],[80.54,20.93],[80.46,20.93],[80.44,20.97],[80.44,20.99],[80.42,21.01],[80.45,21.03],[80.45,21.05],[80.44,21.1],[80.46,21.17],[80.47,21.17],[80.51,21.18],[80.52,21.2],[80.53,21.2],[80.56,21.21],[80.57,21.22],[80.6,21.23],[80.64,21.25],[80.65,21.29],[80.67,21.3],[80.67,21.31],[80.66,21.33]]]},"properties":{"ID_0":105,"ISO":"IND","NAME_0":"India","ID_1":21,"NAME_1":"Maharashtra","NL_NAME_1":"","VARNAME_1":"","TYPE_1":"State","ENGTYPE_1":"State","filename":"","filename_1":"","filename_2":"","filename_3":"","filename_4":""}},
{"type":"Feature","geometry":{"type":"Polygon","coordinates":[[[94.68,25.46],[94.66,25.46],[94.63,25.47],[94.56,25.51],[94.56,25.54],[94.56,25.59],[94.58,25.63],[94.58,25.64],[94.6,25.69],[94.57,25.7],[94.57,25.68],[94.54,25.65],[94.51,25.63],[94.49,25.62],[94.47,25.62],[94.44,25.6],[94.43,25.59],[94.42,25.58],[94.43,25.55],[94.39,25.54],[94.36,25.52],[94.3,25.49],[94.29,25.51],[94.27,25.5],[94.22,25.5],[94.19,25.53],[94.19,25.55],[94.15,25.55],[94.14,25.52],[94.09,25.53],[94.09,25.56],[94.07,25.56],[94.01,25.6],[94.01,25.58],[93.98,25.57],[93.97,25.56],[93.94,25.56],[93.89,25.57],[93.86,25.56],[93.84,25.56],[93.82,25.54],[93.78,25.54],[93.76,25.52],[93.77,25.5],[93.79,25.51],[93.81,25.48],[93.81,25.47],[93.78,25.42],[93.75,25.41],[93.74,25.38],[93.72,25.38],[93.71,25.36],[93.69,25.36],[93.69,25.33],[93.67,25.33],[93.67,25.31],[93.65,25.27],[93.61,25.2],[93.59,25.2],[93.59,25.22],[93.57,25.23],[93.56,25.25],[93.54,25.25],[93.5,25.25],[93.51,25.28],[93.48,25.28],[93.47,25.31],[93.46,25.29],[93.44,25.29],[93.4,25.26],[93.39,25.24],[93.39,25.23],[93.35,25.18],[93.35,25.16],[93.35,25.14],[93.34,25.1],[93.32,25.09],[93.3,25.05],[93.27,25.05],[93.25,25.02],[93.25,25],[93.26,24.97],[93.26,24.95],[93.24,24.94],[93.25,24.92],[93.23,24.9],[93.23,24.88],[93.2,24.85],[93.19,24.81],[93.17,24.8],[93.16,24.79],[93.13,24.81],[93.11,24.8],[93.09,24.71],[93.1,24.67],[93.08,24.65],[93.09,24.61],[93.08,24.6],[93.1,24.58],[93.05,24.54],[93.05,24.52],[93.04,24.5],[93.05,24.48],[93.04,24.46],[93.03,24.43],[93.04,24.41],[93,24.4],[93.02,24.39],[93.02,24.35],[93.04,24.34],[93.04,24.32],[93.01,24.28],[93.01,24.25],[93.02,24.22],[93.01,24.16],[92.99,24.15],[92.99,24.13],[93.02,24.1],[93.05,24.09],[93.08,24.1],[93.1,24.07],[93.1,24.06],[93.13,24.06],[93.15,24.09],[93.17,24.08],[93.18,24.05],[93.19,24.06],[93.22,24.05],[93.23,24.09],[93.25,24.09],[93.26,24.07],[93.25,24.03],[93.27,24.03],[93.29,24.05],[93.34,24.05],[93.34,24.07],[93.33,24.09],[93.35,24.1],[93.42,24.08],[93.43,24.06],[93.44,24.03],[93.47,24],[93.47,23.97],[93.52,23.95],[93.53,23.96],[93.55,23.97],[93.57,23.99],[93.58,23.97],[93.61,23.97],[93.62,23.99],[93.62,24.01],[93.65,24.01],[93.74,24],[93.76,24],[93.77,23.98],[93.79,23.97],[93.81,23.93],[93.84,23.93],[93.87,23.94],[93.9,23.95],[93.92,23.96],[93.95,23.95],[93.97,23.93],[94.02,23.93],[94.04,23.92],[94.05,23.9],[94.08,23.89],[94.1,23.89],[94.11,23.87],[94.12,23.84],[94.14,23.86],[94.16,23.85],[94.17,23.89],[94.17,23.93],[94.18,23.94],[94.2,23.94],[94.19,23.97],[94.25,24.04],[94.25,24.06],[94.26,24.09],[94.26,24.14],[94.26,24.17],[94.28,24.18],[94.29,24.2],[94.3,24.24],[94.31,24.25],[94.33,24.29],[94.33,24.34],[94.35,24.34],[94.39,24.38],[94.37,24.4],[94.4,24.41],[94.41,24.43],[94.41,24.47],[94.4,24.49],[94.43,24.49],[94.47,24.58],[94.49,24.58],[94.52,24.62],[94.54,24.65],[94.55,24.67],[94.55,24.72],[94.59,24.71],[94.61,24.72],[94.62,24.74],[94.63,24.76],[94.63,24.78],[94.64,24.85],[94.66,24.87],[94.69,24.9],[94.71,24.93],[94.72,24.94],[94.7,24.97],[94.71,24.99],[94.73,25],[94.74,25.03],[94.75,25.06],[94.75,25.1],[94.75,25.14],[94.65,25.17],[94.63,25.19],[94.6,25.2],[94.59,25.22],[94.6,25.27],[94.6,25.29],[94.62,25.34],[94.63,25.39],[94.65,25.41],[94.68,25.42],[94.68,25.46]]]},"properties":{"ID_0":105,"ISO":"IND","NAME_0":"India","ID_1":22,"NAME_1":"Manipur","NL_NAME_1":"","VARNAME_1":"","TYPE_1":"State","ENGTYPE_1":"State","filename":"","filename_1":"","filename_2":"","filename_3":"","filename_4":""}},
{"type":"Feature","geometry":{"type":"Polygon","coordinates":[[[92.43,25.03],[92.45,25.04],[92.47,25.06],[92.48,25.09],[92.48,25.11],[92.53,25.11],[92.52,25.14],[92.55,25.13],[92.58,25.13],[92.62,25.12],[92.64,25.15],[92.66,25.15],[92.66,25.17],[92.68,25.18],[92.75,25.21],[92.78,25.2],[92.8,25.22],[92.77,25.23],[92.76,25.25],[92.77,25.27],[92.79,25.29],[92.78,25.31],[92.78,25.33],[92.76,25.34],[92.74,25.37],[92.72,25.37],[92.7,25.39],[92.67,25.42],[92.66,25.41],[92.65,25.43],[92.61,25.42],[92.61,25.45],[92.6,25.47],[92.57,25.46],[92.57,25.48],[92.58,25.5],[92.62,25.52],[92.64,25.54],[92.66,25.59],[92.64,25.59],[92.63,25.57],[92.61,25.57],[92.59,25.55],[92.56,25.57],[92.56,25.61],[92.5,25.63],[92.48,25.66],[92.47,25.68],[92.43,25.69],[92.43,25.71],[92.44,25.72],[92.42,25.74],[92.37,25.75],[92.34,25.73],[92.31,25.72],[92.27,25.71],[92.24,25.71],[92.22,25.71],[92.21,25.7],[92.17,25.67],[92.16,25.71],[92.16,25.74],[92.15,25.78],[92.15,25.81],[92.18,25.85],[92.18,25.87],[92.23,25.9],[92.22,25.91],[92.18,25.91],[92.16,25.92],[92.16,25.94],[92.17,25.96],[92.19,25.99],[92.2,25.99],[92.26,26.03],[92.3,26.08],[92.27,26.07],[92.24,26.06],[92.21,26.07],[92.19,26.07],[92.18,26.08],[92.15,26.06],[92.13,26.05],[92.09,26.05],[92.05,26.03],[92.04,26.04],[91.99,26.04],[91.98,26.03],[91.93,26.01],[91.93,26],[91.91,26.03],[91.88,26.03],[91.87,26.06],[91.88,26.1],[91.82,26.12],[91.79,26.09],[91.78,26.09],[91.76,26.07],[91.73,26.06],[91.72,26.03],[91.72,25.95],[91.67,25.91],[91.65,25.91],[91.61,25.94],[91.63,25.94],[91.64,25.96],[91.62,25.99],[91.63,26.02],[91.62,26.03],[91.6,26.02],[91.57,26.03],[91.57,26],[91.55,25.97],[91.54,25.96],[91.52,25.96],[91.52,25.94],[91.5,25.92],[91.5,25.9],[91.48,25.89],[91.47,25.86],[91.44,25.84],[91.41,25.85],[91.35,25.84],[91.33,25.83],[91.31,25.8],[91.28,25.75],[91.26,25.75],[91.22,25.72],[91.19,25.74],[91.19,25.76],[91.18,25.78],[91.2,25.84],[91.19,25.86],[91.18,25.84],[91.15,25.85],[91.12,25.83],[91.07,25.83],[91.07,25.85],[91.05,25.85],[91.02,25.82],[91,25.83],[91.01,25.86],[91.03,25.87],[91.01,25.88],[90.98,25.89],[90.97,25.89],[90.96,25.93],[90.92,25.94],[90.92,25.91],[90.88,25.95],[90.87,25.94],[90.82,25.95],[90.8,25.94],[90.78,25.91],[90.74,25.92],[90.74,25.94],[90.71,25.95],[90.69,25.95],[90.68,25.94],[90.63,25.92],[90.63,25.94],[90.6,25.95],[90.58,25.96],[90.57,25.94],[90.55,25.93],[90.53,25.9],[90.52,25.91],[90.53,25.93],[90.53,25.96],[90.51,26],[90.48,26.02],[90.46,26],[90.43,25.99],[90.4,26.01],[90.36,26.01],[90.33,25.99],[90.32,25.97],[90.29,25.96],[90.21,25.95],[90.19,25.96],[90.11,25.96],[90.09,25.93],[90.06,25.92],[90.04,25.89],[90.02,25.89],[90,25.88],[90.02,25.87],[90.01,25.85],[89.97,25.83],[89.94,25.82],[89.95,25.81],[89.96,25.77],[89.92,25.74],[89.9,25.74],[89.89,25.73],[89.94,25.69],[89.95,25.66],[89.98,25.64],[89.98,25.63],[90,25.62],[90.02,25.61],[90,25.58],[89.98,25.59],[89.97,25.57],[89.93,25.56],[89.89,25.56],[89.87,25.54],[89.87,25.52],[89.88,25.49],[89.86,25.48],[89.86,25.46],[89.84,25.44],[89.82,25.39],[89.83,25.35],[89.83,25.32],[89.85,25.31],[89.83,25.3],[89.86,25.29],[89.89,25.29],[89.91,25.31],[89.95,25.3],[89.98,25.3],[89.99,25.28],[90.01,25.28],[90.03,25.27],[90.06,25.26],[90.08,25.24],[90.12,25.23],[90.17,25.22],[90.2,25.21],[90.28,25.2],[90.32,25.19],[90.34,25.19],[90.38,25.16],[90.42,25.16],[90.45,25.14],[90.46,25.15],[90.49,25.16],[90.51,25.17],[90.6,25.18],[90.64,25.17],[90.67,25.19],[90.68,25.17],[90.7,25.16],[90.72,25.17],[90.74,25.16],[90.76,25.17],[90.79,25.18],[90.81,25.16],[90.85,25.16],[90.89,25.16],[90.93,25.16],[91.01,25.18],[91.07,25.19],[91.08,25.2],[91.14,25.19],[91.2,25.2],[91.26,25.2],[91.27,25.2],[91.31,25.18],[91.33,25.18],[91.34,25.17],[91.37,25.18],[91.38,25.17],[91.43,25.17],[91.45,25.15],[91.47,25.15],[91.47,25.13],[91.5,25.14],[91.51,25.15],[91.56,25.15],[91.58,25.17],[91.62,25.18],[91.6,25.16],[91.61,25.14],[91.63,25.15],[91.63,25.13],[91.64,25.12],[91.68,25.14],[91.7,25.14],[91.71,25.16],[91.74,25.15],[91.76,25.18],[91.78,25.17],[91.81,25.17],[91.84,25.18],[91.86,25.18],[91.92,25.19],[91.97,25.18],[91.99,25.18],[92.02,25.19],[92.03,25.18],[92.07,25.19],[92.1,25.18],[92.13,25.17],[92.14,25.15],[92.19,25.12],[92.2,25.13],[92.23,25.1],[92.26,25.09],[92.31,25.07],[92.34,25.08],[92.36,25.07],[92.35,25.05],[92.4,25.04],[92.43,25.03]]]},"properties":{"ID_0":105,"ISO":"IND","NAME_0":"India","ID_1":23,"NAME_1":"Meghalaya","NL_NAME_1":"","VARNAME_1":"","TYPE_1":"State","ENGTYPE_1":"State","filename":"","filename_1":"","filename_2":"","filename_3":"","filename_4":""}},
{"type":"Feature","geometry":{"type":"Polygon","coordinates":[[[93,24.4],[92.98,24.41],[92.96,24.4],[92.94,24.4],[92.91,24.41],[92.91,24.39],[92.88,24.4],[92.86,24.4],[92.85,24.38],[92.8,24.42],[92.77,24.52],[92.73,24.45],[92.71,24.41],[92.69,24.36],[92.66,24.34],[92.65,24.33],[92.63,24.33],[92.62,24.31],[92.62,24.29],[92.61,24.25],[92.59,24.24],[92.56,24.25],[92.55,24.25],[92.55,24.22],[92.53,24.17],[92.49,24.16],[92.46,24.14],[92.44,24.15],[92.43,24.18],[92.42,24.19],[92.42,24.25],[92.38,24.25],[92.3,24.25],[92.3,24.23],[92.32,24.21],[92.33,24.17],[92.34,24.15],[92.33,24.14],[92.33,24.08],[92.32,24.07],[92.32,24.05],[92.32,24.02],[92.33,23.99],[92.31,23.97],[92.31,23.93],[92.33,23.91],[92.32,23.89],[92.32,23.87],[92.31,23.86],[92.29,23.87],[92.27,23.84],[92.29,23.82],[92.26,23.81],[92.27,23.77],[92.27,23.73],[92.29,23.69],[92.3,23.68],[92.28,23.64],[92.3,23.63],[92.29,23.6],[92.31,23.59],[92.32,23.55],[92.31,23.53],[92.33,23.51],[92.34,23.43],[92.35,23.43],[92.36,23.41],[92.36,23.38],[92.37,23.37],[92.38,23.35],[92.37,23.32],[92.39,23.31],[92.39,23.29],[92.41,23.24],[92.36,23.24],[92.36,23.2],[92.37,23.16],[92.36,23.14],[92.37,23.13],[92.37,23.11],[92.39,23.08],[92.39,23.06],[92.39,23.04],[92.38,23.01],[92.38,22.96],[92.38,22.94],[92.4,22.93],[92.4,22.92],[92.42,22.91],[92.43,22.89],[92.46,22.87],[92.46,22.86],[92.46,22.83],[92.48,22.8],[92.48,22.76],[92.5,22.74],[92.52,22.71],[92.53,22.66],[92.54,22.58],[92.53,22.57],[92.54,22.55],[92.56,22.46],[92.57,22.39],[92.59,22.32],[92.59,22.29],[92.6,22.26],[92.6,22.23],[92.6,22.18],[92.61,22.17],[92.61,22.15],[92.6,22.14],[92.57,22.13],[92.6,22.06],[92.6,22.03],[92.61,21.98],[92.64,21.99],[92.66,22.01],[92.68,22.01],[92.69,22.04],[92.68,22.11],[92.7,22.1],[92.7,22.15],[92.73,22.15],[92.74,22.14],[92.77,22.13],[92.77,22.11],[92.82,22.1],[92.83,22.08],[92.85,22.06],[92.87,22.06],[92.87,22.03],[92.89,22.01],[92.9,21.98],[92.92,21.97],[92.93,22],[92.94,22.02],[92.97,22.03],[92.99,21.98],[93.01,21.98],[93.01,22.01],[93,22.04],[93,22.06],[93.01,22.09],[93.02,22.11],[93.07,22.1],[93.06,22.13],[93.05,22.14],[93.05,22.17],[93.04,22.19],[93.08,22.21],[93.1,22.2],[93.12,22.2],[93.13,22.18],[93.16,22.18],[93.17,22.2],[93.16,22.21],[93.15,22.25],[93.19,22.25],[93.21,22.26],[93.2,22.28],[93.2,22.34],[93.19,22.37],[93.2,22.38],[93.19,22.41],[93.19,22.43],[93.18,22.45],[93.15,22.46],[93.13,22.47],[93.14,22.5],[93.13,22.51],[93.13,22.53],[93.11,22.53],[93.12,22.55],[93.13,22.57],[93.15,22.59],[93.14,22.62],[93.11,22.64],[93.12,22.65],[93.1,22.67],[93.1,22.7],[93.09,22.71],[93.11,22.74],[93.1,22.81],[93.12,22.82],[93.12,22.86],[93.14,22.89],[93.14,22.91],[93.16,22.91],[93.14,22.96],[93.15,22.98],[93.13,23],[93.14,23.01],[93.13,23.05],[93.14,23.06],[93.17,23.05],[93.18,23.06],[93.21,23.06],[93.22,23.05],[93.23,23.02],[93.25,23.01],[93.3,23.01],[93.33,23.04],[93.35,23.06],[93.36,23.08],[93.37,23.12],[93.39,23.14],[93.37,23.15],[93.39,23.22],[93.38,23.26],[93.38,23.28],[93.38,23.29],[93.38,23.33],[93.37,23.35],[93.41,23.39],[93.4,23.41],[93.4,23.43],[93.41,23.48],[93.41,23.51],[93.43,23.53],[93.42,23.57],[93.43,23.58],[93.43,23.65],[93.44,23.68],[93.42,23.71],[93.42,23.73],[93.4,23.78],[93.41,23.81],[93.4,23.82],[93.4,23.89],[93.4,23.93],[93.36,23.95],[93.35,23.98],[93.34,23.98],[93.34,24.03],[93.34,24.05],[93.29,24.05],[93.27,24.03],[93.25,24.03],[93.26,24.07],[93.25,24.09],[93.23,24.09],[93.22,24.05],[93.19,24.06],[93.18,24.05],[93.17,24.08],[93.15,24.09],[93.13,24.06],[93.1,24.06],[93.1,24.07],[93.08,24.1],[93.05,24.09],[93.02,24.1],[92.99,24.13],[92.99,24.15],[93.01,24.16],[93.02,24.22],[93.01,24.25],[93.01,24.28],[93.04,24.32],[93.04,24.34],[93.02,24.35],[93.02,24.39],[93,24.4]]]},"properties":{"ID_0":105,"ISO":"IND","NAME_0":"India","ID_1":24,"NAME_1":"Mizoram","NL_NAME_1":"","VARNAME_1":"","TYPE_1":"State","ENGTYPE_1":"State","filename":"","filename_1":"","filename_2":"","filename_3":"","filename_4":""}},
{"type":"Feature","geometry":{"type":"Polygon","coordinates":[[[95.24,26.69],[95.24,26.71],[95.22,26.74],[95.22,26.76],[95.24,26.78],[95.22,26.8],[95.2,26.84],[95.18,26.86],[95.21,26.89],[95.23,26.89],[95.23,26.92],[95.22,26.93],[95.21,26.96],[95.22,26.97],[95.2,26.99],[95.2,27.01],[95.2,27.04],[95.15,27.01],[95.12,26.98],[95.11,26.97],[95.09,26.95],[95.04,26.94],[95.02,26.93],[94.99,26.92],[94.96,26.94],[94.93,26.94],[94.91,26.94],[94.89,26.93],[94.87,26.92],[94.85,26.88],[94.82,26.85],[94.81,26.82],[94.8,26.81],[94.77,26.79],[94.76,26.77],[94.75,26.78],[94.73,26.76],[94.69,26.73],[94.65,26.72],[94.62,26.72],[94.61,26.74],[94.59,26.73],[94.59,26.7],[94.55,26.71],[94.52,26.7],[94.52,26.69],[94.5,26.67],[94.47,26.67],[94.45,26.64],[94.41,26.62],[94.41,26.6],[94.41,26.58],[94.4,26.53],[94.38,26.51],[94.35,26.51],[94.35,26.5],[94.32,26.48],[94.32,26.46],[94.29,26.48],[94.29,26.51],[94.29,26.53],[94.28,26.56],[94.26,26.54],[94.24,26.51],[94.21,26.49],[94.2,26.47],[94.19,26.46],[94.18,26.43],[94.18,26.39],[94.16,26.36],[94.16,26.34],[94.14,26.34],[94.11,26.33],[94.1,26.31],[94.09,26.29],[94.07,26.26],[94.05,26.26],[94.04,26.23],[94.04,26.2],[94.01,26.19],[94,26.16],[94.01,26.15],[93.99,26.08],[93.99,26.07],[93.97,26.04],[93.95,26.01],[93.96,26],[93.96,25.97],[93.97,25.96],[93.98,25.93],[93.96,25.91],[93.92,25.89],[93.89,25.86],[93.88,25.85],[93.85,25.86],[93.82,25.85],[93.82,25.83],[93.8,25.81],[93.78,25.85],[93.8,25.91],[93.79,25.96],[93.77,25.96],[93.75,25.94],[93.69,25.91],[93.69,25.89],[93.71,25.85],[93.68,25.84],[93.68,25.83],[93.65,25.82],[93.63,25.8],[93.62,25.78],[93.58,25.76],[93.54,25.73],[93.54,25.7],[93.52,25.68],[93.48,25.65],[93.47,25.64],[93.42,25.62],[93.41,25.6],[93.39,25.59],[93.37,25.57],[93.35,25.56],[93.33,25.55],[93.36,25.53],[93.37,25.5],[93.39,25.49],[93.39,25.47],[93.42,25.45],[93.43,25.45],[93.46,25.44],[93.46,25.41],[93.48,25.38],[93.45,25.34],[93.46,25.33],[93.47,25.31],[93.48,25.28],[93.51,25.28],[93.5,25.25],[93.54,25.25],[93.56,25.25],[93.57,25.23],[93.59,25.22],[93.59,25.2],[93.61,25.2],[93.65,25.27],[93.67,25.31],[93.67,25.33],[93.69,25.33],[93.69,25.36],[93.71,25.36],[93.72,25.38],[93.74,25.38],[93.75,25.41],[93.78,25.42],[93.81,25.47],[93.81,25.48],[93.79,25.51],[93.77,25.5],[93.76,25.52],[93.78,25.54],[93.82,25.54],[93.84,25.56],[93.86,25.56],[93.89,25.57],[93.94,25.56],[93.97,25.56],[93.98,25.57],[94.01,25.58],[94.01,25.6],[94.07,25.56],[94.09,25.56],[94.09,25.53],[94.14,25.52],[94.15,25.55],[94.19,25.55],[94.19,25.53],[94.22,25.5],[94.27,25.5],[94.29,25.51],[94.3,25.49],[94.36,25.52],[94.39,25.54],[94.43,25.55],[94.42,25.58],[94.43,25.59],[94.44,25.6],[94.47,25.62],[94.49,25.62],[94.51,25.63],[94.54,25.65],[94.57,25.68],[94.57,25.7],[94.6,25.69],[94.58,25.64],[94.58,25.63],[94.56,25.59],[94.56,25.54],[94.56,25.51],[94.63,25.47],[94.66,25.46],[94.68,25.46],[94.69,25.47],[94.75,25.48],[94.76,25.49],[94.77,25.48],[94.78,25.49],[94.81,25.5],[94.84,25.55],[94.85,25.56],[94.9,25.57],[94.89,25.59],[94.92,25.61],[94.94,25.66],[94.94,25.68],[94.98,25.7],[95.01,25.74],[95.03,25.74],[95.05,25.76],[95.05,25.78],[95.05,25.81],[95.04,25.82],[95.03,25.85],[95.02,25.87],[95.02,25.9],[95.03,25.92],[95.06,25.95],[95.08,25.95],[95.11,25.97],[95.12,25.99],[95.14,26.01],[95.16,26.04],[95.17,26.05],[95.19,26.08],[95.17,26.1],[95.15,26.09],[95.13,26.1],[95.12,26.12],[95.13,26.14],[95.12,26.16],[95.13,26.2],[95.14,26.21],[95.12,26.24],[95.13,26.26],[95.12,26.27],[95.13,26.29],[95.13,26.35],[95.14,26.39],[95.1,26.4],[95.11,26.42],[95.09,26.45],[95.07,26.45],[95.07,26.47],[95.1,26.51],[95.12,26.53],[95.11,26.55],[95.14,26.56],[95.15,26.58],[95.15,26.62],[95.18,26.64],[95.21,26.65],[95.24,26.69]]]},"properties":{"ID_0":105,"ISO":"IND","NAME_0":"India","ID_1":25,"NAME_1":"Nagaland","NL_NAME_1":"","VARNAME_1":"","TYPE_1":"State","ENGTYPE_1":"State","filename":"","filename_1":"","filename_2":"","filename_3":"","filename_4":""}},
{"type":"Feature","geometry":{"type":"MultiPolygon","coordinates":[[[[84.76,19.07],[84.78,19.1],[84.76,19.1],[84.76,19.09],[84.73,19.09],[84.76,19.07]]],[[[86.27,20.06],[86.25,20.04],[86.28,20.03],[86.3,20.03],[86.29,20.05],[86.27,20.06]]],[[[86.87,20.77],[86.85,20.77],[86.83,20.76],[86.82,20.72],[86.81,20.71],[86.8,20.68],[86.78,20.65],[86.79,20.64],[86.82,20.65],[86.8,20.68],[86.82,20.68],[86.85,20.66],[86.89,20.69],[86.94,20.72],[86.98,20.71],[87,20.72],[87.01,20.74],[86.99,20.77],[86.96,20.77],[86.89,20.77],[86.87,20.77]]],[[[86.88,20.79],[86.88,20.77],[86.94,20.78],[86.88,20.79]]],[[[86.72,22.22],[86.68,22.22],[86.67,22.24],[86.65,22.24],[86.65,22.26],[86.62,22.28],[86.59,22.28],[86.58,22.3],[86.55,22.3],[86.52,22.3],[86.52,22.32],[86.51,22.32],[86.5,22.34],[86.46,22.32],[86.44,22.32],[86.42,22.31],[86.38,22.34],[86.35,22.35],[86.34,22.37],[86.33,22.37],[86.32,22.39],[86.29,22.43],[86.28,22.45],[86.27,22.44],[86.22,22.45],[86.2,22.47],[86.15,22.48],[86.1,22.49],[86.07,22.54],[86.04,22.56],[86.02,22.54],[86.03,22.53],[86,22.51],[85.97,22.5],[85.97,22.48],[85.95,22.46],[85.99,22.42],[86.01,22.42],[86.02,22.38],[86.02,22.36],[85.99,22.34],[86.02,22.33],[86.01,22.32],[86.02,22.3],[85.99,22.27],[85.97,22.24],[85.99,22.22],[86.02,22.2],[86.03,22.19],[85.99,22.13],[86,22.11],[85.98,22.08],[85.98,22.07],[85.94,22.02],[85.93,22.02],[85.91,22],[85.89,21.98],[85.84,21.98],[85.78,21.98],[85.76,21.99],[85.76,22.01],[85.78,22.04],[85.77,22.05],[85.79,22.08],[85.81,22.07],[85.83,22.08],[85.8,22.11],[85.79,22.1],[85.76,22.08],[85.75,22.07],[85.72,22.06],[85.69,22.06],[85.68,22.05],[85.64,22.09],[85.63,22.08],[85.59,22.07],[85.58,22.08],[85.54,22.09],[85.51,22.11],[85.49,22.12],[85.46,22.14],[85.41,22.16],[85.36,22.15],[85.36,22.12],[85.32,22.12],[85.3,22.11],[85.27,22.08],[85.24,22.01],[85.23,22],[85.21,22.01],[85.21,22.04],[85.14,22.07],[85.12,22.07],[85.1,22.08],[85.1,22.1],[85.07,22.11],[85.04,22.11],[85.02,22.1],[85,22.08],[84.99,22.08],[84.98,22.09],[85.02,22.11],[85.03,22.14],[85.03,22.15],[85.05,22.18],[85.05,22.19],[85.07,22.23],[85.07,22.25],[85.07,22.27],[85.11,22.29],[85.11,22.31],[85.09,22.32],[85.09,22.34],[85.07,22.35],[85.08,22.38],[85.07,22.41],[85.06,22.42],[85.06,22.44],[85.07,22.46],[85.07,22.47],[85.05,22.48],[84.96,22.44],[84.95,22.45],[84.92,22.43],[84.91,22.42],[84.88,22.42],[84.88,22.44],[84.84,22.43],[84.81,22.43],[84.8,22.44],[84.75,22.44],[84.74,22.41],[84.66,22.41],[84.63,22.43],[84.57,22.42],[84.54,22.42],[84.5,22.42],[84.47,22.4],[84.47,22.38],[84.45,22.38],[84.43,22.36],[84.43,22.35],[84.39,22.34],[84.37,22.35],[84.32,22.34],[84.29,22.34],[84.27,22.35],[84.25,22.37],[84.19,22.37],[84.18,22.38],[84.15,22.4],[84.14,22.42],[84.13,22.45],[84.14,22.47],[84.11,22.47],[84.08,22.49],[84.06,22.51],[84.03,22.51],[84,22.52],[83.98,22.52],[83.98,22.5],[84.01,22.49],[84.02,22.47],[84.04,22.46],[84.04,22.43],[84.01,22.4],[84,22.37],[83.97,22.36],[83.92,22.36],[83.9,22.34],[83.86,22.34],[83.84,22.33],[83.82,22.32],[83.82,22.3],[83.8,22.29],[83.78,22.27],[83.77,22.26],[83.75,22.24],[83.69,22.25],[83.66,22.22],[83.65,22.22],[83.62,22.2],[83.61,22.16],[83.56,22.1],[83.6,22.07],[83.58,22.05],[83.54,22.06],[83.53,22.02],[83.55,22.01],[83.53,21.98],[83.54,21.96],[83.56,21.94],[83.55,21.93],[83.59,21.93],[83.6,21.91],[83.57,21.87],[83.58,21.85],[83.57,21.83],[83.56,21.83],[83.53,21.83],[83.54,21.79],[83.52,21.79],[83.49,21.81],[83.48,21.77],[83.48,21.74],[83.46,21.69],[83.43,21.69],[83.42,21.68],[83.44,21.66],[83.48,21.64],[83.47,21.63],[83.46,21.61],[83.44,21.62],[83.44,21.65],[83.41,21.64],[83.38,21.61],[83.37,21.6],[83.36,21.57],[83.37,21.55],[83.35,21.54],[83.34,21.49],[83.35,21.44],[83.37,21.44],[83.38,21.41],[83.39,21.4],[83.39,21.36],[83.4,21.35],[83.37,21.34],[83.31,21.36],[83.27,21.38],[83.27,21.35],[83.25,21.33],[83.26,21.3],[83.27,21.3],[83.27,21.27],[83.24,21.28],[83.22,21.27],[83.21,21.25],[83.22,21.22],[83.21,21.2],[83.21,21.19],[83.2,21.17],[83.19,21.14],[83.16,21.13],[83.13,21.11],[83.12,21.1],[83.07,21.11],[83.04,21.12],[83.01,21.15],[82.98,21.16],[82.97,21.16],[82.96,21.18],[82.94,21.16],[82.92,21.16],[82.9,21.16],[82.88,21.15],[82.84,21.16],[82.81,21.16],[82.78,21.14],[82.76,21.16],[82.72,21.16],[82.7,21.15],[82.68,21.16],[82.66,21.15],[82.64,21.15],[82.63,21.14],[82.65,21.1],[82.63,21.08],[82.61,21.06],[82.62,21.04],[82.6,21.01],[82.58,20.99],[82.55,20.94],[82.48,20.9],[82.48,20.87],[82.48,20.85],[82.46,20.84],[82.45,20.82],[82.44,20.83],[82.42,20.83],[82.41,20.84],[82.4,20.86],[82.38,20.87],[82.37,20.86],[82.35,20.88],[82.33,20.84],[82.34,20.79],[82.34,20.76],[82.35,20.73],[82.34,20.7],[82.35,20.68],[82.37,20.66],[82.37,20.63],[82.36,20.6],[82.34,20.59],[82.34,20.58],[82.32,20.55],[82.34,20.54],[82.35,20.52],[82.38,20.51],[82.39,20.45],[82.42,20.46],[82.42,20.44],[82.43,20.43],[82.42,20.41],[82.41,20.4],[82.41,20.38],[82.4,20.36],[82.39,20.34],[82.42,20.31],[82.43,20.28],[82.41,20.26],[82.4,20.24],[82.41,20.2],[82.41,20.18],[82.38,20.16],[82.38,20.14],[82.39,20.12],[82.39,20.09],[82.39,20.06],[82.4,20.05],[82.44,20.04],[82.48,20.03],[82.5,20.01],[82.54,20.01],[82.58,20],[82.58,19.99],[82.61,19.99],[82.62,20],[82.65,20],[82.7,19.99],[82.71,19.98],[82.71,19.95],[82.7,19.91],[82.71,19.85],[82.7,19.83],[82.65,19.83],[82.62,19.79],[82.58,19.78],[82.57,19.8],[82.57,19.83],[82.6,19.86],[82.57,19.87],[82.54,19.87],[82.53,19.88],[82.5,19.89],[82.5,19.9],[82.48,19.9],[82.46,19.89],[82.44,19.9],[82.41,19.9],[82.39,19.88],[82.37,19.85],[82.34,19.83],[82.33,19.84],[82.32,19.86],[82.3,19.88],[82.3,19.9],[82.27,19.95],[82.26,19.97],[82.23,20],[82.2,19.98],[82.18,19.98],[82.17,20],[82.13,20.01],[82.12,20.01],[82.08,20.03],[82.08,20.04],[82.06,20.05],[82.05,20.04],[82.01,20.02],[82.01,20.04],[81.99,20.05],[81.97,20.08],[81.94,20.1],[81.93,20.1],[81.89,20.04],[81.87,20.05],[81.86,20.02],[81.85,19.97],[81.84,19.95],[81.85,19.94],[81.85,19.91],[81.86,19.9],[81.9,19.88],[81.96,19.85],[81.96,19.84],[81.98,19.8],[82,19.8],[82.05,19.79],[82.06,19.78],[82.06,19.75],[82.04,19.74],[82.04,19.7],[82.05,19.67],[82.05,19.62],[82.03,19.58],[82.04,19.56],[82.05,19.54],[82.02,19.5],[82.06,19.5],[82.07,19.52],[82.09,19.51],[82.09,19.49],[82.1,19.47],[82.1,19.46],[82.12,19.42],[82.17,19.43],[82.18,19.41],[82.17,19.38],[82.17,19.37],[82.14,19.37],[82.14,19.35],[82.18,19.33],[82.17,19.29],[82.15,19.27],[82.15,19.22],[82.16,19.21],[82.16,19.2],[82.17,19.18],[82.18,19.16],[82.17,19.13],[82.19,19.12],[82.21,19.08],[82.19,19.06],[82.22,19.02],[82.24,18.91],[82.21,18.91],[82.17,18.89],[82.17,18.88],[82.16,18.85],[82.16,18.83],[82.16,18.8],[82.16,18.79],[82.15,18.77],[82.09,18.76],[82.08,18.71],[82.03,18.72],[82.02,18.71],[81.99,18.7],[81.98,18.7],[81.96,18.68],[81.96,18.67],[81.95,18.66],[81.95,18.63],[81.92,18.64],[81.89,18.65],[81.89,18.62],[81.9,18.62],[81.93,18.6],[81.95,18.59],[81.95,18.56],[81.9,18.56],[81.9,18.53],[81.88,18.53],[81.86,18.52],[81.85,18.5],[81.85,18.49],[81.8,18.44],[81.76,18.41],[81.74,18.35],[81.66,18.34],[81.65,18.33],[81.66,18.32],[81.62,18.3],[81.59,18.3],[81.57,18.27],[81.55,18.26],[81.53,18.26],[81.53,18.24],[81.5,18.18],[81.52,18.16],[81.51,18.13],[81.51,18.09],[81.48,18.05],[81.47,18.03],[81.48,18],[81.48,17.97],[81.45,17.95],[81.44,17.92],[81.45,17.9],[81.44,17.88],[81.4,17.89],[81.39,17.86],[81.4,17.85],[81.38,17.83],[81.38,17.81],[81.41,17.8],[81.43,17.82],[81.44,17.82],[81.47,17.82],[81.48,17.8],[81.55,17.82],[81.57,17.83],[81.61,17.82],[81.64,17.84],[81.65,17.86],[81.66,17.88],[81.69,17.88],[81.7,17.86],[81.78,17.9],[81.8,17.94],[81.83,17.95],[81.85,17.95],[81.9,17.97],[81.91,17.98],[81.94,17.98],[82,18.02],[82,18.04],[82.02,18.06],[82.05,18.05],[82.06,18.05],[82.07,18.07],[82.09,18.05],[82.13,18.05],[82.13,18.04],[82.16,18.04],[82.18,18.01],[82.2,18.01],[82.22,17.99],[82.24,17.99],[82.24,17.98],[82.27,17.99],[82.27,18.01],[82.26,18.03],[82.27,18.05],[82.29,18.06],[82.3,18.04],[82.32,18.05],[82.34,18.05],[82.34,18.08],[82.33,18.09],[82.33,18.14],[82.36,18.13],[82.37,18.14],[82.35,18.16],[82.31,18.17],[82.31,18.2],[82.33,18.22],[82.33,18.23],[82.34,18.27],[82.37,18.27],[82.38,18.28],[82.39,18.31],[82.38,18.32],[82.35,18.32],[82.36,18.34],[82.38,18.35],[82.38,18.37],[82.36,18.41],[82.38,18.42],[82.4,18.45],[82.43,18.48],[82.44,18.5],[82.47,18.54],[82.48,18.52],[82.5,18.51],[82.52,18.5],[82.53,18.47],[82.52,18.46],[82.53,18.44],[82.55,18.44],[82.54,18.41],[82.54,18.39],[82.56,18.39],[82.6,18.37],[82.59,18.32],[82.59,18.28],[82.59,18.26],[82.61,18.25],[82.63,18.23],[82.65,18.24],[82.64,18.26],[82.66,18.29],[82.7,18.3],[82.7,18.31],[82.73,18.31],[82.75,18.33],[82.77,18.33],[82.78,18.35],[82.78,18.37],[82.79,18.39],[82.78,18.42],[82.8,18.44],[82.82,18.43],[82.87,18.41],[82.88,18.41],[82.89,18.39],[82.88,18.38],[82.9,18.36],[82.93,18.36],[82.93,18.35],[82.96,18.36],[82.98,18.35],[82.99,18.37],[83.01,18.38],[83.04,18.37],[83.06,18.38],[83.07,18.39],[83.04,18.42],[83.04,18.43],[83.02,18.45],[83.05,18.48],[83.07,18.51],[83.09,18.53],[83.07,18.54],[83.05,18.53],[83.03,18.55],[83.03,18.56],[83.04,18.58],[83.01,18.59],[83.02,18.61],[83.01,18.64],[83.05,18.65],[83.08,18.71],[83.09,18.71],[83.13,18.77],[83.15,18.76],[83.17,18.76],[83.19,18.74],[83.22,18.75],[83.24,18.76],[83.27,18.76],[83.28,18.79],[83.3,18.8],[83.32,18.8],[83.36,18.81],[83.37,18.82],[83.4,18.83],[83.4,18.85],[83.41,18.86],[83.39,18.87],[83.35,18.92],[83.36,18.93],[83.36,18.95],[83.33,18.96],[83.31,18.97],[83.31,18.99],[83.33,18.99],[83.33,19.01],[83.35,19.01],[83.36,18.99],[83.39,19],[83.41,19],[83.41,18.98],[83.44,18.95],[83.46,18.96],[83.45,18.98],[83.45,19],[83.47,19],[83.48,19.03],[83.47,19.04],[83.46,19.07],[83.48,19.08],[83.49,19.05],[83.51,19.06],[83.51,19.02],[83.49,19.03],[83.5,19.01],[83.53,19.01],[83.53,19.03],[83.55,19.05],[83.58,19.05],[83.58,19.08],[83.6,19.09],[83.59,19.12],[83.62,19.14],[83.64,19.11],[83.66,19.09],[83.66,19.07],[83.68,19.04],[83.7,19.02],[83.71,18.99],[83.73,18.98],[83.75,18.92],[83.77,18.9],[83.78,18.92],[83.76,18.94],[83.75,18.94],[83.74,18.98],[83.79,19.01],[83.82,18.95],[83.81,18.93],[83.83,18.91],[83.84,18.89],[83.84,18.87],[83.84,18.85],[83.86,18.84],[83.87,18.82],[83.91,18.82],[83.93,18.81],[83.98,18.8],[84.01,18.8],[84.05,18.78],[84.07,18.75],[84.09,18.75],[84.13,18.77],[84.16,18.78],[84.18,18.77],[84.22,18.79],[84.25,18.77],[84.26,18.77],[84.28,18.79],[84.3,18.78],[84.33,18.79],[84.33,18.81],[84.34,18.81],[84.33,18.86],[84.36,18.85],[84.39,18.88],[84.41,18.89],[84.43,18.91],[84.42,18.94],[84.44,18.97],[84.43,18.98],[84.43,19],[84.47,18.98],[84.48,19.01],[84.51,19.04],[84.55,19.05],[84.56,19.06],[84.58,19.06],[84.57,19.04],[84.58,19.02],[84.6,19.02],[84.61,19.05],[84.64,19.06],[84.65,19.05],[84.66,19.07],[84.64,19.08],[84.62,19.08],[84.6,19.1],[84.61,19.12],[84.66,19.12],[84.67,19.16],[84.71,19.14],[84.69,19.12],[84.7,19.11],[84.72,19.1],[84.7,19.12],[84.72,19.14],[84.75,19.14],[84.74,19.12],[84.78,19.11],[84.8,19.13],[84.8,19.15],[84.84,19.2],[84.89,19.24],[84.93,19.28],[84.99,19.32],[85.06,19.36],[85.09,19.38],[85.11,19.41],[85.14,19.44],[85.3,19.55],[85.34,19.58],[85.42,19.62],[85.5,19.66],[85.58,19.7],[85.66,19.74],[85.85,19.8],[85.95,19.83],[86.05,19.85],[86.1,19.86],[86.13,19.87],[86.23,19.9],[86.3,19.94],[86.36,19.95],[86.33,19.98],[86.29,20.02],[86.26,20.02],[86.24,20.03],[86.25,20.05],[86.26,20.06],[86.29,20.05],[86.33,20.03],[86.34,19.99],[86.35,19.98],[86.39,19.98],[86.41,20],[86.41,20.02],[86.41,20.04],[86.48,20.1],[86.49,20.12],[86.52,20.17],[86.51,20.17],[86.49,20.15],[86.49,20.17],[86.51,20.18],[86.54,20.2],[86.58,20.22],[86.62,20.24],[86.68,20.26],[86.67,20.27],[86.72,20.29],[86.71,20.3],[86.73,20.31],[86.77,20.33],[86.79,20.36],[86.78,20.39],[86.75,20.41],[86.73,20.4],[86.73,20.45],[86.74,20.47],[86.76,20.51],[86.77,20.5],[86.78,20.54],[86.87,20.6],[86.92,20.63],[87.03,20.7],[87.01,20.7],[86.97,20.71],[86.94,20.71],[86.9,20.7],[86.87,20.67],[86.85,20.65],[86.83,20.67],[86.82,20.65],[86.81,20.64],[86.77,20.64],[86.79,20.68],[86.8,20.71],[86.82,20.72],[86.82,20.76],[86.83,20.78],[86.88,20.8],[86.96,20.79],[86.97,20.83],[86.96,20.86],[86.91,20.96],[86.9,21],[86.89,21.02],[86.86,21.06],[86.84,21.09],[86.82,21.14],[86.83,21.18],[86.82,21.19],[86.85,21.22],[86.85,21.24],[86.87,21.28],[86.88,21.29],[86.89,21.32],[86.91,21.33],[86.95,21.37],[87,21.42],[87.03,21.44],[87.06,21.46],[87.09,21.48],[87.11,21.51],[87.15,21.53],[87.21,21.55],[87.24,21.55],[87.3,21.56],[87.37,21.55],[87.39,21.57],[87.4,21.56],[87.46,21.61],[87.48,21.61],[87.48,21.63],[87.47,21.65],[87.47,21.71],[87.45,21.73],[87.44,21.73],[87.44,21.76],[87.42,21.77],[87.4,21.76],[87.37,21.77],[87.35,21.79],[87.32,21.79],[87.28,21.8],[87.26,21.84],[87.24,21.86],[87.25,21.87],[87.23,21.9],[87.25,21.92],[87.24,21.93],[87.23,21.95],[87.2,21.95],[87.17,21.97],[87.16,21.96],[87.16,21.93],[87.14,21.92],[87.12,21.92],[87.09,21.91],[87.09,21.86],[87.05,21.86],[87.03,21.87],[87.02,21.89],[87,21.91],[87.01,21.94],[87.03,21.99],[87.02,22.01],[87.03,22.03],[87.02,22.04],[87,22.05],[86.96,22.08],[86.91,22.09],[86.85,22.1],[86.83,22.1],[86.82,22.11],[86.81,22.11],[86.8,22.15],[86.79,22.15],[86.75,22.14],[86.72,22.14],[86.71,22.18],[86.72,22.22]]]]},"properties":{"ID_0":105,"ISO":"IND","NAME_0":"India","ID_1":26,"NAME_1":"Orissa","NL_NAME_1":"","VARNAME_1":"","TYPE_1":"State","ENGTYPE_1":"State","filename":"","filename_1":"","filename_2":"","filename_3":"","filename_4":""}},
{"type":"Feature","geometry":{"type":"MultiPolygon","coordinates":[[[[79.85,10.98],[79.8,10.99],[79.78,10.97],[79.77,10.98],[79.75,10.98],[79.73,10.95],[79.7,10.95],[79.71,10.91],[79.73,10.9],[79.75,10.89],[79.77,10.89],[79.78,10.88],[79.8,10.87],[79.82,10.81],[79.85,10.81],[79.85,10.98]]],[[[79.84,11.94],[79.81,11.94],[79.8,11.96],[79.79,11.96],[79.79,11.94],[79.77,11.95],[79.75,11.93],[79.73,11.95],[79.75,11.99],[79.73,11.99],[79.72,11.98],[79.71,11.98],[79.69,12],[79.69,12.02],[79.65,12],[79.64,11.98],[79.69,11.98],[79.7,11.95],[79.68,11.95],[79.68,11.93],[79.71,11.93],[79.7,11.91],[79.72,11.89],[79.71,11.87],[79.68,11.88],[79.66,11.88],[79.66,11.87],[79.7,11.87],[79.69,11.85],[79.71,11.85],[79.73,11.85],[79.75,11.86],[79.75,11.83],[79.77,11.84],[79.79,11.84],[79.8,11.81],[79.81,11.85],[79.82,11.88],[79.84,11.94]]],[[[75.31,12.05],[75.3,12.06],[75.31,12.09],[75.31,12.1],[75.33,12.11],[75.34,12.1],[75.37,12.12],[75.39,12.13],[75.39,12.15],[75.38,12.15],[75.37,12.14],[75.35,12.14],[75.34,12.14],[75.31,12.14],[75.31,12.12],[75.28,12.11],[75.28,12.1],[75.24,12.11],[75.22,12.1],[75.22,12.03],[75.23,12.02],[75.25,12.01],[75.29,11.96],[75.28,11.99],[75.26,12],[75.27,12.03],[75.3,12.03],[75.31,12.05]]],[[[82.29,16.7],[82.27,16.7],[82.26,16.69],[82.29,16.7]]],[[[82.3,16.71],[82.28,16.72],[82.22,16.72],[82.2,16.74],[82.18,16.72],[82.19,16.71],[82.22,16.71],[82.25,16.69],[82.26,16.69],[82.24,16.71],[82.25,16.72],[82.27,16.71],[82.3,16.71]]]]},"properties":{"ID_0":105,"ISO":"IND","NAME_0":"India","ID_1":27,"NAME_1":"Puducherry","NL_NAME_1":"","VARNAME_1":"Pondicherry|Puduchcheri|Pondichry","TYPE_1":"Union Territor","ENGTYPE_1":"Union Territory","filename":"","filename_1":"","filename_2":"","filename_3":"","filename_4":""}},
{"type":"Feature","geometry":{"type":"Polygon","coordinates":[[[76.77,30.91],[76.75,30.93],[76.73,30.94],[76.71,30.96],[76.69,30.97],[76.67,30.97],[76.65,30.98],[76.61,31],[76.61,31.02],[76.6,31.05],[76.61,31.06],[76.6,31.08],[76.63,31.11],[76.59,31.13],[76.6,31.15],[76.59,31.16],[76.59,31.18],[76.61,31.2],[76.64,31.21],[76.62,31.23],[76.59,31.22],[76.58,31.23],[76.6,31.25],[76.57,31.28],[76.55,31.26],[76.51,31.28],[76.49,31.27],[76.47,31.31],[76.45,31.31],[76.43,31.33],[76.39,31.38],[76.39,31.4],[76.36,31.44],[76.36,31.42],[76.35,31.41],[76.32,31.4],[76.33,31.38],[76.33,31.35],[76.3,31.34],[76.3,31.33],[76.29,31.32],[76.26,31.31],[76.22,31.31],[76.21,31.31],[76.17,31.31],[76.17,31.34],[76.14,31.35],[76.13,31.38],[76.16,31.4],[76.14,31.43],[76.13,31.44],[76.11,31.5],[76.08,31.54],[76.04,31.59],[76.04,31.6],[76.02,31.62],[76,31.65],[76,31.66],[75.98,31.71],[75.95,31.78],[75.94,31.78],[75.92,31.82],[75.95,31.82],[75.95,31.85],[75.89,31.95],[75.87,31.97],[75.84,31.98],[75.8,31.99],[75.77,32],[75.73,32.04],[75.71,32.04],[75.69,32.06],[75.65,32.08],[75.6,32.07],[75.58,32.08],[75.61,32.1],[75.66,32.15],[75.66,32.18],[75.62,32.19],[75.62,32.23],[75.65,32.26],[75.68,32.26],[75.74,32.27],[75.75,32.29],[75.76,32.3],[75.84,32.38],[75.87,32.4],[75.93,32.41],[75.93,32.42],[75.92,32.45],[75.86,32.5],[75.85,32.52],[75.87,32.56],[75.87,32.58],[75.84,32.54],[75.83,32.51],[75.8,32.49],[75.78,32.48],[75.75,32.48],[75.71,32.42],[75.68,32.4],[75.65,32.39],[75.59,32.38],[75.55,32.36],[75.52,32.34],[75.52,32.3],[75.5,32.28],[75.49,32.29],[75.49,32.31],[75.47,32.32],[75.47,32.34],[75.41,32.32],[75.38,32.33],[75.33,32.34],[75.32,32.34],[75.34,32.32],[75.34,32.29],[75.37,32.27],[75.36,32.26],[75.36,32.24],[75.35,32.22],[75.32,32.22],[75.32,32.2],[75.32,32.17],[75.31,32.15],[75.28,32.14],[75.27,32.11],[75.24,32.09],[75.22,32.09],[75.22,32.11],[75.21,32.12],[75.19,32.11],[75.19,32.08],[75.16,32.07],[75.15,32.08],[75.12,32.08],[75.09,32.06],[75.07,32.06],[75.05,32.04],[75.02,32.04],[75,32.03],[74.96,32.06],[74.93,32.07],[74.91,32.06],[74.9,32.05],[74.86,32.05],[74.87,32.03],[74.84,32.01],[74.82,31.99],[74.82,31.98],[74.8,31.96],[74.74,31.94],[74.71,31.96],[74.7,31.92],[74.68,31.92],[74.65,31.91],[74.62,31.88],[74.6,31.88],[74.6,31.86],[74.56,31.83],[74.56,31.82],[74.54,31.78],[74.55,31.76],[74.52,31.75],[74.52,31.72],[74.53,31.7],[74.58,31.62],[74.6,31.57],[74.61,31.54],[74.6,31.53],[74.57,31.52],[74.58,31.5],[74.6,31.5],[74.64,31.46],[74.63,31.42],[74.59,31.4],[74.55,31.3],[74.53,31.3],[74.51,31.27],[74.52,31.25],[74.51,31.22],[74.51,31.21],[74.5,31.18],[74.51,31.14],[74.54,31.12],[74.55,31.09],[74.57,31.08],[74.59,31.09],[74.6,31.11],[74.59,31.13],[74.63,31.14],[74.68,31.13],[74.69,31.12],[74.69,31.1],[74.68,31.07],[74.66,31.05],[74.6,31.04],[74.57,31.07],[74.55,31.06],[74.55,31.04],[74.54,31.03],[74.53,31.01],[74.54,31],[74.5,30.98],[74.5,30.97],[74.47,30.97],[74.42,30.93],[74.42,30.91],[74.4,30.9],[74.37,30.89],[74.36,30.87],[74.37,30.85],[74.36,30.85],[74.33,30.85],[74.32,30.85],[74.31,30.82],[74.29,30.8],[74.29,30.78],[74.26,30.77],[74.27,30.74],[74.25,30.72],[74.23,30.72],[74.2,30.67],[74.15,30.63],[74.12,30.63],[74.09,30.6],[74.09,30.57],[74.07,30.55],[74.08,30.55],[74.08,30.53],[74.06,30.52],[74.04,30.54],[73.99,30.5],[73.97,30.49],[73.96,30.46],[73.93,30.46],[73.94,30.44],[73.93,30.42],[73.9,30.42],[73.87,30.38],[73.88,30.36],[73.9,30.35],[73.93,30.3],[73.96,30.26],[73.97,30.2],[73.96,30.14],[73.96,30.13],[73.92,30.07],[73.9,30.05],[73.88,30],[73.89,29.97],[73.93,29.97],[74.07,29.97],[74.25,29.96],[74.29,29.96],[74.4,29.95],[74.43,29.95],[74.47,29.94],[74.52,29.94],[74.57,29.93],[74.59,29.91],[74.64,29.9],[74.64,29.92],[74.68,29.95],[74.7,29.97],[74.72,29.96],[74.74,29.97],[74.78,29.97],[74.8,29.99],[74.82,29.97],[74.85,29.96],[74.87,29.96],[74.92,29.94],[74.94,29.9],[74.97,29.89],[74.97,29.88],[74.99,29.86],[75.01,29.86],[75.04,29.88],[75.07,29.88],[75.08,29.91],[75.1,29.9],[75.1,29.87],[75.08,29.86],[75.09,29.84],[75.1,29.84],[75.09,29.82],[75.1,29.8],[75.12,29.81],[75.13,29.78],[75.15,29.79],[75.16,29.82],[75.18,29.84],[75.2,29.83],[75.2,29.8],[75.21,29.79],[75.23,29.75],[75.22,29.73],[75.2,29.73],[75.19,29.71],[75.2,29.7],[75.19,29.68],[75.16,29.67],[75.17,29.65],[75.17,29.63],[75.2,29.62],[75.22,29.61],[75.21,29.58],[75.24,29.55],[75.29,29.56],[75.3,29.59],[75.28,29.6],[75.29,29.62],[75.31,29.63],[75.32,29.67],[75.35,29.67],[75.33,29.69],[75.36,29.71],[75.38,29.71],[75.38,29.73],[75.4,29.76],[75.44,29.79],[75.44,29.81],[75.51,29.77],[75.56,29.77],[75.56,29.74],[75.62,29.75],[75.63,29.77],[75.67,29.77],[75.68,29.76],[75.7,29.76],[75.71,29.81],[75.75,29.81],[75.77,29.83],[75.8,29.81],[75.82,29.82],[75.84,29.78],[75.86,29.75],[75.88,29.75],[75.9,29.76],[75.91,29.74],[75.93,29.73],[75.97,29.73],[76,29.75],[76.02,29.76],[76.04,29.75],[76.06,29.77],[76.07,29.78],[76.08,29.81],[76.09,29.81],[76.12,29.8],[76.14,29.82],[76.17,29.82],[76.19,29.84],[76.23,29.85],[76.24,29.87],[76.23,29.89],[76.2,29.88],[76.18,29.89],[76.18,29.92],[76.17,29.93],[76.18,29.95],[76.2,29.94],[76.19,30],[76.2,30.03],[76.23,30.08],[76.25,30.11],[76.23,30.11],[76.2,30.13],[76.21,30.16],[76.25,30.12],[76.28,30.11],[76.29,30.12],[76.31,30.11],[76.33,30.11],[76.35,30.13],[76.33,30.15],[76.35,30.15],[76.36,30.13],[76.39,30.13],[76.38,30.15],[76.4,30.16],[76.38,30.18],[76.4,30.2],[76.42,30.2],[76.43,30.18],[76.43,30.15],[76.44,30.12],[76.45,30.1],[76.49,30.1],[76.5,30.08],[76.53,30.08],[76.55,30.1],[76.59,30.08],[76.62,30.1],[76.63,30.11],[76.63,30.13],[76.62,30.17],[76.64,30.19],[76.64,30.21],[76.6,30.22],[76.61,30.23],[76.59,30.25],[76.58,30.26],[76.55,30.23],[76.55,30.26],[76.58,30.27],[76.61,30.28],[76.65,30.3],[76.67,30.32],[76.7,30.32],[76.74,30.36],[76.7,30.39],[76.73,30.41],[76.73,30.42],[76.75,30.43],[76.78,30.42],[76.81,30.41],[76.83,30.43],[76.85,30.41],[76.86,30.41],[76.88,30.38],[76.88,30.36],[76.9,30.36],[76.93,30.39],[76.91,30.4],[76.9,30.43],[76.89,30.44],[76.9,30.46],[76.89,30.49],[76.91,30.49],[76.92,30.52],[76.89,30.54],[76.9,30.55],[76.9,30.57],[76.91,30.6],[76.9,30.62],[76.87,30.64],[76.86,30.64],[76.86,30.67],[76.82,30.66],[76.82,30.69],[76.79,30.67],[76.75,30.69],[76.72,30.71],[76.72,30.73],[76.69,30.76],[76.73,30.78],[76.76,30.8],[76.78,30.77],[76.8,30.79],[76.81,30.77],[76.83,30.76],[76.85,30.79],[76.83,30.8],[76.83,30.83],[76.8,30.84],[76.77,30.88],[76.76,30.89],[76.77,30.91]]]},"properties":{"ID_0":105,"ISO":"IND","NAME_0":"India","ID_1":28,"NAME_1":"Punjab","NL_NAME_1":"","VARNAME_1":"","TYPE_1":"State","ENGTYPE_1":"State","filename":"","filename_1":"","filename_2":"","filename_3":"","filename_4":""}},
{"type":"Feature","geometry":{"type":"Polygon","coordinates":[[[74.52,29.94],[74.47,29.94],[74.43,29.95],[74.4,29.95],[74.29,29.96],[74.25,29.96],[74.07,29.97],[73.93,29.97],[73.89,29.97],[73.88,30],[73.9,30.05],[73.92,30.07],[73.96,30.13],[73.96,30.14],[73.97,30.2],[73.96,30.19],[73.92,30.17],[73.84,30.11],[73.79,30.07],[73.75,30.06],[73.71,30.05],[73.65,30.03],[73.61,30.02],[73.41,29.95],[73.39,29.94],[73.39,29.93],[73.37,29.85],[73.36,29.84],[73.34,29.77],[73.31,29.69],[73.3,29.63],[73.27,29.56],[73.22,29.48],[73.19,29.43],[73.14,29.33],[73.08,29.23],[73,29.15],[72.94,29.03],[72.93,29.02],[72.74,28.95],[72.65,28.9],[72.59,28.87],[72.52,28.83],[72.45,28.79],[72.4,28.78],[72.38,28.76],[72.33,28.7],[72.3,28.66],[72.21,28.4],[72.18,28.36],[72.16,28.34],[72.13,28.3],[72.02,28.23],[72,28.21],[71.97,28.17],[71.93,28.12],[71.91,28.05],[71.91,28.03],[71.9,27.96],[71.86,27.94],[71.77,27.91],[71.7,27.88],[71.66,27.87],[71.59,27.87],[71.53,27.87],[71.41,27.87],[71.27,27.84],[71.21,27.82],[71.03,27.76],[70.91,27.7],[70.88,27.7],[70.82,27.7],[70.76,27.72],[70.74,27.74],[70.68,27.84],[70.67,27.87],[70.67,27.91],[70.66,27.93],[70.56,28.02],[70.53,28.03],[70.48,28.03],[70.43,28.02],[70.37,28.01],[70.34,27.98],[70.3,27.95],[70.28,27.93],[70.21,27.89],[70.16,27.83],[70.11,27.77],[70.05,27.64],[70.02,27.57],[70.02,27.56],[69.94,27.5],[69.91,27.46],[69.86,27.4],[69.81,27.36],[69.67,27.25],[69.59,27.18],[69.57,27.14],[69.54,27.07],[69.51,27.02],[69.5,26.94],[69.5,26.9],[69.48,26.81],[69.51,26.75],[69.52,26.74],[69.72,26.65],[69.77,26.61],[69.82,26.59],[69.86,26.58],[69.92,26.58],[70.02,26.6],[70.07,26.6],[70.11,26.59],[70.15,26.57],[70.17,26.55],[70.18,26.49],[70.18,26.43],[70.18,26.35],[70.17,26.31],[70.17,26.28],[70.17,26.25],[70.16,26.19],[70.15,26.17],[70.09,26.1],[70.08,26.06],[70.09,26],[70.09,25.97],[70.11,25.92],[70.17,25.84],[70.18,25.82],[70.2,25.81],[70.24,25.77],[70.26,25.74],[70.27,25.71],[70.29,25.7],[70.38,25.67],[70.4,25.66],[70.43,25.67],[70.49,25.68],[70.53,25.68],[70.57,25.69],[70.6,25.7],[70.65,25.71],[70.67,25.7],[70.68,25.66],[70.68,25.59],[70.68,25.52],[70.69,25.52],[70.68,25.45],[70.68,25.42],[70.67,25.39],[70.72,25.35],[70.74,25.32],[70.76,25.27],[70.81,25.22],[70.86,25.18],[70.89,25.14],[70.91,25.05],[70.93,24.99],[70.95,24.93],[70.96,24.91],[70.98,24.89],[71,24.85],[71.04,24.8],[71.07,24.71],[71.11,24.68],[71.12,24.67],[71.17,24.65],[71.2,24.64],[71.3,24.61],[71.33,24.64],[71.36,24.65],[71.37,24.63],[71.38,24.62],[71.42,24.64],[71.45,24.66],[71.47,24.66],[71.49,24.67],[71.54,24.68],[71.55,24.67],[71.58,24.68],[71.6,24.66],[71.62,24.67],[71.64,24.65],[71.66,24.63],[71.72,24.65],[71.75,24.65],[71.78,24.67],[71.81,24.66],[71.82,24.65],[71.81,24.62],[71.85,24.61],[71.87,24.62],[71.86,24.65],[71.87,24.67],[71.89,24.67],[71.91,24.67],[71.93,24.66],[71.92,24.65],[71.93,24.63],[71.97,24.64],[71.99,24.66],[71.99,24.68],[72.04,24.7],[72.05,24.71],[72.09,24.7],[72.09,24.67],[72.08,24.65],[72.12,24.63],[72.15,24.63],[72.16,24.62],[72.19,24.61],[72.22,24.62],[72.23,24.63],[72.25,24.62],[72.27,24.62],[72.32,24.61],[72.34,24.62],[72.35,24.62],[72.34,24.59],[72.31,24.59],[72.3,24.6],[72.28,24.6],[72.25,24.58],[72.27,24.55],[72.29,24.56],[72.3,24.54],[72.33,24.54],[72.33,24.56],[72.36,24.55],[72.39,24.5],[72.42,24.51],[72.44,24.5],[72.45,24.49],[72.44,24.46],[72.46,24.44],[72.46,24.41],[72.49,24.41],[72.51,24.42],[72.5,24.45],[72.54,24.5],[72.57,24.49],[72.59,24.47],[72.66,24.46],[72.69,24.46],[72.69,24.42],[72.71,24.39],[72.73,24.36],[72.82,24.36],[72.83,24.36],[72.87,24.37],[72.9,24.35],[72.92,24.33],[72.98,24.36],[72.99,24.38],[72.96,24.39],[72.99,24.42],[72.98,24.45],[73.01,24.48],[73.02,24.47],[73.05,24.47],[73.09,24.49],[73.11,24.46],[73.11,24.42],[73.1,24.42],[73.08,24.39],[73.11,24.39],[73.13,24.37],[73.16,24.35],[73.18,24.35],[73.21,24.38],[73.23,24.36],[73.22,24.35],[73.21,24.33],[73.19,24.33],[73.18,24.31],[73.17,24.3],[73.14,24.31],[73.14,24.28],[73.12,24.26],[73.09,24.22],[73.08,24.18],[73.12,24.15],[73.12,24.14],[73.15,24.12],[73.17,24.11],[73.2,24.11],[73.22,24.1],[73.2,24.05],[73.25,24.01],[73.28,24.03],[73.29,24.03],[73.31,24.05],[73.33,24.06],[73.33,24.08],[73.34,24.12],[73.37,24.11],[73.37,24.09],[73.4,24.07],[73.41,24.05],[73.41,24],[73.42,23.97],[73.42,23.92],[73.4,23.92],[73.39,23.91],[73.36,23.85],[73.37,23.82],[73.36,23.79],[73.38,23.77],[73.39,23.77],[73.4,23.78],[73.42,23.78],[73.43,23.76],[73.45,23.75],[73.45,23.74],[73.47,23.73],[73.48,23.71],[73.5,23.71],[73.51,23.7],[73.51,23.66],[73.5,23.64],[73.51,23.62],[73.53,23.61],[73.55,23.63],[73.57,23.65],[73.62,23.65],[73.64,23.63],[73.66,23.62],[73.65,23.61],[73.65,23.58],[73.64,23.56],[73.64,23.53],[73.66,23.51],[73.64,23.5],[73.63,23.45],[73.65,23.44],[73.67,23.45],[73.7,23.46],[73.72,23.42],[73.73,23.42],[73.76,23.46],[73.78,23.43],[73.83,23.45],[73.84,23.43],[73.87,23.4],[73.88,23.37],[73.89,23.35],[73.89,23.34],[73.94,23.34],[73.95,23.37],[73.96,23.38],[73.98,23.36],[73.99,23.34],[74.03,23.33],[74.03,23.32],[74.05,23.3],[74.09,23.3],[74.11,23.29],[74.11,23.28],[74.14,23.26],[74.14,23.23],[74.12,23.21],[74.13,23.18],[74.15,23.18],[74.16,23.16],[74.18,23.15],[74.19,23.17],[74.21,23.19],[74.25,23.18],[74.27,23.16],[74.29,23.12],[74.28,23.1],[74.31,23.08],[74.32,23.06],[74.35,23.07],[74.36,23.09],[74.39,23.11],[74.43,23.11],[74.45,23.09],[74.47,23.09],[74.51,23.09],[74.54,23.1],[74.55,23.12],[74.55,23.13],[74.61,23.14],[74.63,23.16],[74.65,23.18],[74.67,23.2],[74.72,23.19],[74.75,23.21],[74.75,23.23],[74.72,23.22],[74.7,23.23],[74.72,23.24],[74.7,23.27],[74.67,23.27],[74.65,23.26],[74.63,23.26],[74.62,23.28],[74.59,23.28],[74.57,23.3],[74.55,23.29],[74.53,23.32],[74.54,23.34],[74.55,23.36],[74.56,23.36],[74.57,23.38],[74.57,23.42],[74.6,23.43],[74.61,23.46],[74.66,23.47],[74.67,23.48],[74.71,23.51],[74.73,23.5],[74.74,23.52],[74.76,23.52],[74.77,23.54],[74.8,23.55],[74.8,23.53],[74.85,23.56],[74.87,23.57],[74.89,23.61],[74.91,23.62],[74.94,23.63],[74.92,23.67],[74.91,23.68],[74.92,23.7],[74.92,23.72],[74.94,23.73],[74.93,23.76],[74.94,23.77],[74.93,23.8],[74.91,23.8],[74.92,23.85],[74.91,23.87],[74.91,23.91],[74.94,23.96],[74.96,23.97],[74.97,24],[74.99,24.01],[74.99,24.03],[74.98,24.04],[74.98,24.07],[74.97,24.08],[74.96,24.11],[74.94,24.12],[74.93,24.16],[74.9,24.17],[74.88,24.22],[74.91,24.23],[74.89,24.26],[74.88,24.28],[74.85,24.27],[74.82,24.28],[74.77,24.27],[74.75,24.28],[74.76,24.3],[74.78,24.32],[74.78,24.37],[74.8,24.39],[74.81,24.41],[74.86,24.45],[74.81,24.49],[74.79,24.49],[74.78,24.48],[74.76,24.49],[74.72,24.52],[74.73,24.53],[74.75,24.54],[74.76,24.56],[74.75,24.6],[74.79,24.61],[74.78,24.64],[74.79,24.65],[74.82,24.67],[74.81,24.69],[74.78,24.69],[74.79,24.73],[74.78,24.74],[74.8,24.75],[74.8,24.8],[74.81,24.8],[74.82,24.77],[74.85,24.71],[74.87,24.69],[74.87,24.67],[74.9,24.66],[74.94,24.66],[74.96,24.7],[75,24.71],[74.99,24.73],[74.99,24.75],[75.02,24.75],[75.02,24.77],[75.01,24.79],[75,24.8],[74.97,24.79],[74.91,24.8],[74.88,24.8],[74.88,24.81],[74.86,24.81],[74.86,24.85],[74.83,24.9],[74.82,24.94],[74.83,24.97],[74.85,24.97],[74.86,24.97],[74.87,24.94],[74.9,24.94],[74.91,24.93],[74.91,24.9],[74.95,24.89],[74.94,24.88],[75.01,24.87],[75.04,24.86],[75.07,24.89],[75.09,24.88],[75.12,24.89],[75.12,24.97],[75.14,24.99],[75.16,24.99],[75.17,25.01],[75.15,25.03],[75.16,25.05],[75.17,25.05],[75.2,25.03],[75.31,25.05],[75.35,25.04],[75.35,25.03],[75.33,25.02],[75.32,25.01],[75.32,24.98],[75.34,24.96],[75.33,24.94],[75.32,24.91],[75.29,24.95],[75.29,24.98],[75.27,24.96],[75.29,24.93],[75.27,24.91],[75.26,24.89],[75.31,24.87],[75.33,24.89],[75.37,24.88],[75.41,24.89],[75.42,24.89],[75.42,24.86],[75.34,24.83],[75.33,24.83],[75.31,24.81],[75.3,24.82],[75.28,24.85],[75.24,24.86],[75.25,24.9],[75.2,24.88],[75.23,24.85],[75.25,24.84],[75.25,24.82],[75.22,24.82],[75.19,24.79],[75.2,24.76],[75.22,24.72],[75.23,24.74],[75.25,24.73],[75.27,24.73],[75.3,24.72],[75.35,24.72],[75.36,24.71],[75.45,24.69],[75.48,24.7],[75.54,24.72],[75.55,24.71],[75.58,24.72],[75.61,24.69],[75.66,24.7],[75.68,24.73],[75.74,24.76],[75.79,24.77],[75.81,24.76],[75.84,24.73],[75.84,24.72],[75.83,24.67],[75.84,24.67],[75.85,24.63],[75.85,24.61],[75.87,24.61],[75.88,24.58],[75.91,24.58],[75.91,24.55],[75.93,24.54],[75.91,24.51],[75.91,24.49],[75.91,24.46],[75.9,24.45],[75.86,24.42],[75.83,24.42],[75.81,24.44],[75.82,24.47],[75.79,24.48],[75.79,24.46],[75.76,24.43],[75.76,24.41],[75.74,24.4],[75.74,24.39],[75.74,24.35],[75.77,24.31],[75.8,24.31],[75.81,24.3],[75.81,24.26],[75.81,24.23],[75.77,24.22],[75.74,24.14],[75.78,24.13],[75.79,24.11],[75.81,24.1],[75.83,24.11],[75.83,24.07],[75.78,24.06],[75.78,24.04],[75.76,24],[75.74,24],[75.74,23.98],[75.7,23.97],[75.68,24],[75.69,24.02],[75.67,24.03],[75.64,24.02],[75.63,24],[75.6,24],[75.58,23.99],[75.57,24],[75.57,24.02],[75.53,24.03],[75.51,24.05],[75.49,24],[75.46,23.98],[75.46,23.92],[75.49,23.91],[75.5,23.89],[75.54,23.88],[75.56,23.86],[75.57,23.83],[75.57,23.82],[75.58,23.8],[75.62,23.81],[75.65,23.8],[75.69,23.77],[75.7,23.79],[75.69,23.82],[75.71,23.82],[75.72,23.83],[75.73,23.86],[75.7,23.88],[75.7,23.9],[75.73,23.9],[75.76,23.88],[75.76,23.86],[75.78,23.85],[75.8,23.87],[75.85,23.89],[75.88,23.88],[75.92,23.9],[75.93,23.9],[75.95,23.92],[75.98,23.93],[75.98,23.94],[75.98,23.97],[75.96,24],[75.96,24.03],[75.99,24.03],[76.03,24.05],[76.04,24.07],[76.1,24.09],[76.11,24.1],[76.13,24.1],[76.13,24.12],[76.14,24.13],[76.13,24.17],[76.12,24.18],[76.12,24.21],[76.15,24.24],[76.14,24.28],[76.15,24.29],[76.17,24.3],[76.17,24.32],[76.19,24.33],[76.21,24.31],[76.19,24.28],[76.2,24.27],[76.21,24.23],[76.22,24.22],[76.25,24.23],[76.28,24.22],[76.29,24.24],[76.32,24.25],[76.35,24.25],[76.41,24.21],[76.42,24.23],[76.45,24.22],[76.46,24.23],[76.5,24.21],[76.51,24.2],[76.51,24.18],[76.52,24.16],[76.55,24.17],[76.58,24.18],[76.57,24.2],[76.57,24.21],[76.61,24.24],[76.62,24.26],[76.64,24.26],[76.68,24.27],[76.69,24.29],[76.7,24.25],[76.69,24.23],[76.67,24.19],[76.7,24.17],[76.72,24.16],[76.73,24.17],[76.75,24.17],[76.77,24.16],[76.79,24.13],[76.8,24.12],[76.83,24.13],[76.86,24.14],[76.87,24.14],[76.9,24.13],[76.92,24.19],[76.93,24.19],[76.94,24.2],[76.92,24.22],[76.92,24.23],[76.87,24.27],[76.86,24.31],[76.84,24.33],[76.84,24.36],[76.85,24.37],[76.85,24.39],[76.84,24.41],[76.85,24.44],[76.84,24.44],[76.85,24.47],[76.85,24.49],[76.83,24.5],[76.81,24.53],[76.85,24.55],[76.87,24.55],[76.88,24.53],[76.89,24.53],[76.9,24.55],[76.92,24.54],[76.91,24.49],[76.94,24.47],[76.96,24.46],[76.99,24.47],[77.02,24.5],[77.03,24.53],[77.05,24.53],[77.06,24.56],[77.06,24.59],[77.06,24.64],[77.04,24.68],[77.03,24.7],[77.02,24.71],[76.99,24.72],[76.97,24.73],[76.96,24.76],[76.95,24.76],[76.92,24.75],[76.9,24.75],[76.89,24.75],[76.86,24.75],[76.85,24.75],[76.85,24.77],[76.82,24.8],[76.8,24.83],[76.84,24.84],[76.9,24.84],[76.93,24.85],[76.95,24.87],[76.91,24.89],[76.92,24.91],[76.87,24.95],[76.87,24.97],[76.87,25.01],[76.88,25.03],[76.9,25.03],[76.95,25.05],[76.97,25.06],[76.98,25.08],[77.02,25.07],[77.08,25.06],[77.09,25.07],[77.11,25.07],[77.13,25.09],[77.16,25.09],[77.17,25.11],[77.2,25.12],[77.22,25.11],[77.26,25.12],[77.28,25.1],[77.3,25.08],[77.33,25.1],[77.35,25.1],[77.39,25.12],[77.39,25.19],[77.42,25.19],[77.41,25.23],[77.38,25.25],[77.36,25.25],[77.35,25.27],[77.37,25.29],[77.37,25.31],[77.36,25.33],[77.34,25.34],[77.36,25.37],[77.34,25.39],[77.36,25.41],[77.31,25.44],[77.28,25.42],[77.26,25.4],[77.22,25.37],[77.22,25.33],[77.2,25.33],[77.19,25.31],[77.15,25.31],[77.12,25.34],[77.08,25.34],[77.06,25.32],[77.04,25.33],[77.02,25.3],[76.99,25.3],[76.96,25.3],[76.95,25.28],[76.93,25.28],[76.93,25.3],[76.89,25.32],[76.84,25.33],[76.77,25.32],[76.77,25.34],[76.74,25.35],[76.71,25.34],[76.68,25.35],[76.64,25.38],[76.63,25.38],[76.6,25.39],[76.59,25.43],[76.56,25.44],[76.56,25.47],[76.54,25.51],[76.52,25.53],[76.52,25.55],[76.51,25.58],[76.52,25.61],[76.51,25.63],[76.5,25.65],[76.51,25.67],[76.48,25.7],[76.48,25.72],[76.5,25.73],[76.53,25.73],[76.53,25.74],[76.52,25.77],[76.53,25.8],[76.55,25.83],[76.57,25.84],[76.59,25.87],[76.6,25.88],[76.63,25.88],[76.64,25.91],[76.67,25.91],[76.71,25.9],[76.73,25.9],[76.76,25.92],[76.76,25.94],[76.79,25.94],[76.82,25.97],[76.82,25.98],[76.84,26.01],[76.83,26.03],[76.87,26.06],[76.89,26.09],[76.94,26.11],[76.99,26.14],[77,26.16],[77.02,26.18],[77.05,26.19],[77.08,26.19],[77.1,26.2],[77.11,26.23],[77.13,26.24],[77.16,26.24],[77.19,26.24],[77.24,26.26],[77.27,26.28],[77.31,26.32],[77.32,26.35],[77.37,26.37],[77.39,26.36],[77.4,26.37],[77.43,26.37],[77.44,26.38],[77.43,26.41],[77.47,26.41],[77.52,26.41],[77.55,26.44],[77.6,26.45],[77.63,26.48],[77.67,26.51],[77.7,26.5],[77.73,26.52],[77.74,26.54],[77.77,26.55],[77.8,26.55],[77.81,26.55],[77.82,26.57],[77.82,26.6],[77.84,26.62],[77.88,26.62],[77.89,26.63],[77.89,26.65],[77.9,26.67],[77.94,26.66],[77.97,26.68],[77.99,26.7],[78.05,26.69],[78.08,26.68],[78.09,26.69],[78.09,26.74],[78.11,26.75],[78.1,26.77],[78.1,26.79],[78.12,26.8],[78.15,26.79],[78.18,26.79],[78.18,26.8],[78.16,26.83],[78.21,26.84],[78.2,26.88],[78.23,26.88],[78.25,26.9],[78.26,26.93],[78.23,26.93],[78.19,26.95],[78.14,26.96],[78.11,26.95],[78.11,26.93],[78.1,26.91],[78.09,26.9],[78.06,26.92],[78.04,26.92],[78.04,26.88],[78.04,26.87],[78.01,26.91],[77.99,26.91],[77.98,26.9],[77.96,26.91],[77.94,26.9],[77.93,26.91],[77.91,26.91],[77.89,26.89],[77.87,26.91],[77.81,26.93],[77.79,26.92],[77.77,26.94],[77.75,26.93],[77.72,26.92],[77.71,26.9],[77.72,26.88],[77.67,26.87],[77.66,26.86],[77.62,26.85],[77.61,26.83],[77.57,26.83],[77.56,26.82],[77.52,26.82],[77.51,26.85],[77.5,26.85],[77.48,26.79],[77.49,26.77],[77.48,26.75],[77.45,26.75],[77.46,26.77],[77.45,26.78],[77.43,26.79],[77.44,26.82],[77.42,26.84],[77.42,26.87],[77.45,26.88],[77.46,26.89],[77.48,26.9],[77.52,26.92],[77.58,26.93],[77.64,26.97],[77.69,26.98],[77.71,26.99],[77.74,26.99],[77.75,27.01],[77.74,27.03],[77.72,27.03],[77.72,27],[77.7,27],[77.67,27.05],[77.66,27.02],[77.6,27.03],[77.56,27.05],[77.57,27.08],[77.55,27.08],[77.53,27.07],[77.52,27.09],[77.54,27.12],[77.6,27.13],[77.59,27.14],[77.61,27.15],[77.61,27.17],[77.63,27.17],[77.65,27.18],[77.67,27.2],[77.64,27.21],[77.64,27.24],[77.62,27.26],[77.61,27.27],[77.61,27.29],[77.59,27.3],[77.61,27.31],[77.62,27.34],[77.59,27.34],[77.57,27.33],[77.54,27.34],[77.5,27.38],[77.47,27.38],[77.43,27.4],[77.42,27.43],[77.43,27.46],[77.39,27.48],[77.39,27.5],[77.38,27.52],[77.34,27.52],[77.33,27.54],[77.33,27.57],[77.35,27.59],[77.33,27.6],[77.31,27.61],[77.34,27.65],[77.34,27.68],[77.33,27.71],[77.3,27.71],[77.3,27.73],[77.31,27.74],[77.3,27.76],[77.3,27.79],[77.28,27.81],[77.26,27.82],[77.25,27.8],[77.23,27.79],[77.22,27.8],[77.19,27.8],[77.17,27.82],[77.15,27.81],[77.15,27.79],[77.1,27.79],[77.07,27.81],[77.04,27.82],[77.02,27.79],[77.05,27.76],[77.07,27.76],[77.08,27.74],[77.05,27.73],[77.03,27.75],[76.99,27.74],[76.98,27.71],[76.97,27.66],[76.93,27.68],[76.91,27.66],[76.89,27.68],[76.91,27.7],[76.9,27.72],[76.89,27.72],[76.9,27.79],[76.91,27.81],[76.9,27.82],[76.91,27.84],[76.93,27.83],[76.93,27.86],[76.93,27.89],[76.94,27.9],[76.94,27.92],[76.92,27.92],[76.92,27.98],[76.92,28],[76.93,28.04],[76.95,28.07],[76.96,28.14],[76.94,28.15],[76.88,28.19],[76.9,28.2],[76.87,28.21],[76.86,28.22],[76.83,28.22],[76.81,28.2],[76.79,28.19],[76.8,28.17],[76.79,28.16],[76.76,28.15],[76.74,28.13],[76.71,28.13],[76.68,28.1],[76.65,28.09],[76.65,28.04],[76.66,28.02],[76.64,28.01],[76.6,28.01],[76.57,27.98],[76.55,27.97],[76.53,27.98],[76.54,28.02],[76.54,28.04],[76.53,28.05],[76.51,28.04],[76.49,28.05],[76.46,28.05],[76.46,28.06],[76.48,28.06],[76.5,28.06],[76.47,28.09],[76.45,28.09],[76.46,28.11],[76.5,28.11],[76.49,28.13],[76.47,28.15],[76.44,28.15],[76.43,28.15],[76.4,28.15],[76.38,28.14],[76.36,28.14],[76.35,28.17],[76.34,28.18],[76.31,28.18],[76.28,28.18],[76.28,28.17],[76.32,28.15],[76.36,28.13],[76.33,28.11],[76.31,28.11],[76.34,28.07],[76.35,28.07],[76.34,28.03],[76.32,28.02],[76.29,28.03],[76.29,28.05],[76.27,28.07],[76.25,28.07],[76.23,28.06],[76.18,28.06],[76.18,28.05],[76.2,28.03],[76.17,28.02],[76.15,27.99],[76.16,27.98],[76.18,27.97],[76.17,27.91],[76.2,27.9],[76.19,27.88],[76.19,27.86],[76.21,27.85],[76.17,27.81],[76.13,27.83],[76.12,27.85],[76.09,27.87],[76.08,27.85],[76.06,27.86],[76.05,27.85],[76.01,27.86],[75.98,27.86],[75.98,27.91],[75.96,27.92],[75.93,27.92],[75.92,27.93],[75.94,27.94],[75.96,27.94],[75.97,27.96],[75.99,27.98],[75.96,27.99],[75.96,28],[75.99,28],[75.97,28.02],[75.97,28.04],[76.01,28.04],[76.02,28.06],[76.03,28.07],[76.01,28.08],[76,28.06],[75.98,28.08],[75.96,28.08],[75.94,28.09],[75.94,28.11],[75.98,28.13],[75.99,28.13],[75.99,28.15],[76.03,28.17],[76.07,28.17],[76.07,28.14],[76.08,28.14],[76.09,28.16],[76.07,28.17],[76.07,28.2],[76.05,28.2],[76.05,28.22],[76.04,28.23],[76.01,28.24],[76.01,28.25],[76.02,28.28],[75.99,28.3],[75.96,28.34],[75.93,28.35],[75.92,28.37],[75.87,28.39],[75.84,28.4],[75.83,28.41],[75.8,28.41],[75.79,28.4],[75.77,28.41],[75.77,28.42],[75.79,28.44],[75.78,28.46],[75.74,28.47],[75.74,28.49],[75.69,28.5],[75.66,28.52],[75.67,28.53],[75.63,28.55],[75.62,28.59],[75.61,28.61],[75.58,28.61],[75.58,28.62],[75.56,28.61],[75.55,28.64],[75.54,28.65],[75.53,28.73],[75.52,28.77],[75.5,28.79],[75.51,28.84],[75.49,28.86],[75.49,28.9],[75.47,28.93],[75.47,28.94],[75.5,28.94],[75.5,28.96],[75.52,28.98],[75.51,29.01],[75.47,29.02],[75.43,29.02],[75.44,29.04],[75.43,29.06],[75.38,29.07],[75.38,29.11],[75.4,29.13],[75.36,29.14],[75.37,29.17],[75.39,29.17],[75.4,29.19],[75.39,29.23],[75.4,29.24],[75.4,29.26],[75.38,29.26],[75.35,29.25],[75.35,29.23],[75.31,29.24],[75.32,29.25],[75.33,29.28],[75.32,29.29],[75.28,29.27],[75.27,29.25],[75.24,29.25],[75.22,29.23],[75.2,29.24],[75.18,29.27],[75.16,29.26],[75.15,29.25],[75.11,29.24],[75.11,29.23],[75.08,29.23],[75.05,29.26],[75.04,29.29],[75.02,29.29],[74.99,29.27],[74.98,29.28],[74.95,29.28],[74.94,29.3],[74.95,29.32],[74.94,29.34],[74.93,29.36],[74.89,29.39],[74.87,29.39],[74.85,29.4],[74.81,29.4],[74.78,29.36],[74.73,29.35],[74.71,29.37],[74.69,29.37],[74.65,29.37],[74.64,29.33],[74.6,29.33],[74.6,29.35],[74.57,29.39],[74.57,29.41],[74.55,29.42],[74.53,29.42],[74.53,29.45],[74.53,29.47],[74.58,29.46],[74.59,29.49],[74.61,29.52],[74.61,29.53],[74.57,29.56],[74.57,29.59],[74.58,29.63],[74.59,29.64],[74.58,29.65],[74.6,29.72],[74.61,29.75],[74.59,29.77],[74.57,29.75],[74.54,29.75],[74.53,29.74],[74.47,29.74],[74.47,29.79],[74.47,29.8],[74.49,29.83],[74.53,29.84],[74.55,29.87],[74.53,29.9],[74.51,29.91],[74.52,29.94]]]},"properties":{"ID_0":105,"ISO":"IND","NAME_0":"India","ID_1":29,"NAME_1":"Rajasthan","NL_NAME_1":"","VARNAME_1":"Greater Rajasthan|Rajputana","TYPE_1":"State","ENGTYPE_1":"State","filename":"","filename_1":"","filename_2":"","filename_3":"","filename_4":""}},
{"type":"Feature","geometry":{"type":"Polygon","coordinates":[[[88.75,27.15],[88.76,27.17],[88.78,27.18],[88.8,27.22],[88.8,27.25],[88.84,27.26],[88.87,27.26],[88.9,27.27],[88.91,27.31],[88.92,27.33],[88.89,27.34],[88.88,27.36],[88.87,27.37],[88.86,27.39],[88.84,27.38],[88.81,27.41],[88.79,27.45],[88.78,27.46],[88.78,27.5],[88.79,27.53],[88.78,27.54],[88.77,27.56],[88.79,27.58],[88.81,27.6],[88.81,27.64],[88.82,27.64],[88.85,27.67],[88.85,27.7],[88.86,27.74],[88.85,27.78],[88.86,27.82],[88.88,27.84],[88.88,27.9],[88.86,27.93],[88.84,27.93],[88.84,27.99],[88.83,28.02],[88.8,28.03],[88.78,28.05],[88.75,28.07],[88.69,28.08],[88.67,28.07],[88.64,28.1],[88.62,28.13],[88.61,28.13],[88.62,28.1],[88.57,28.09],[88.55,28.08],[88.55,28.07],[88.53,28.04],[88.5,28.05],[88.48,28.05],[88.46,28.02],[88.43,28.01],[88.4,27.98],[88.39,27.98],[88.36,27.99],[88.34,27.99],[88.3,27.97],[88.28,27.97],[88.27,27.96],[88.24,27.95],[88.23,27.97],[88.2,27.97],[88.19,27.95],[88.17,27.94],[88.14,27.96],[88.12,27.95],[88.13,27.94],[88.11,27.91],[88.13,27.88],[88.15,27.88],[88.18,27.86],[88.2,27.85],[88.2,27.84],[88.19,27.83],[88.19,27.81],[88.2,27.79],[88.18,27.77],[88.18,27.75],[88.16,27.74],[88.15,27.7],[88.16,27.69],[88.15,27.67],[88.12,27.65],[88.12,27.61],[88.1,27.6],[88.08,27.57],[88.06,27.54],[88.06,27.51],[88.05,27.5],[88.05,27.48],[88.06,27.47],[88.08,27.43],[88.05,27.41],[88.04,27.37],[88.06,27.36],[88.07,27.34],[88.06,27.32],[88.03,27.29],[88.03,27.25],[88.02,27.22],[88.03,27.22],[88.06,27.21],[88.08,27.2],[88.07,27.19],[88.08,27.17],[88.09,27.14],[88.14,27.12],[88.16,27.11],[88.18,27.13],[88.21,27.14],[88.23,27.12],[88.28,27.13],[88.3,27.13],[88.32,27.12],[88.36,27.1],[88.39,27.1],[88.43,27.08],[88.45,27.09],[88.47,27.11],[88.5,27.13],[88.52,27.15],[88.52,27.18],[88.54,27.18],[88.59,27.19],[88.62,27.19],[88.64,27.17],[88.66,27.16],[88.68,27.18],[88.71,27.17],[88.72,27.14],[88.73,27.14],[88.75,27.15]]]},"properties":{"ID_0":105,"ISO":"IND","NAME_0":"India","ID_1":30,"NAME_1":"Sikkim","NL_NAME_1":"","VARNAME_1":"","TYPE_1":"State","ENGTYPE_1":"State","filename":"","filename_1":"","filename_2":"","filename_3":"","filename_4":""}},
{"type":"Feature","geometry":{"type":"MultiPolygon","coordinates":[[[[79.31,9.33],[79.29,9.32],[79.27,9.29],[79.22,9.29],[79.21,9.28],[79.22,9.27],[79.28,9.25],[79.32,9.24],[79.37,9.2],[79.38,9.22],[79.33,9.26],[79.32,9.28],[79.34,9.31],[79.31,9.33]]],[[[80.31,13.43],[80.32,13.37],[80.28,13.39],[80.28,13.41],[80.27,13.41],[80.26,13.45],[80.25,13.47],[80.22,13.48],[80.19,13.48],[80.15,13.48],[80.12,13.5],[80.1,13.51],[80.09,13.53],[80.07,13.54],[80.05,13.52],[80.02,13.53],[80.01,13.53],[79.99,13.53],[80.02,13.5],[80.04,13.5],[80.04,13.48],[80.01,13.49],[80,13.46],[79.96,13.45],[79.96,13.42],[79.93,13.4],[79.94,13.38],[79.95,13.37],[79.93,13.34],[79.9,13.33],[79.85,13.3],[79.8,13.3],[79.78,13.28],[79.75,13.3],[79.75,13.28],[79.72,13.27],[79.75,13.24],[79.78,13.23],[79.74,13.19],[79.73,13.21],[79.72,13.21],[79.7,13.2],[79.7,13.22],[79.67,13.24],[79.68,13.26],[79.67,13.28],[79.63,13.27],[79.62,13.26],[79.6,13.27],[79.59,13.25],[79.57,13.25],[79.54,13.28],[79.54,13.31],[79.5,13.31],[79.45,13.32],[79.42,13.32],[79.37,13.3],[79.41,13.29],[79.42,13.29],[79.42,13.27],[79.41,13.24],[79.41,13.21],[79.44,13.23],[79.45,13.22],[79.42,13.21],[79.42,13.18],[79.38,13.18],[79.37,13.18],[79.36,13.16],[79.35,13.16],[79.35,13.13],[79.3,13.11],[79.27,13.12],[79.27,13.14],[79.23,13.13],[79.21,13.1],[79.19,13.09],[79.17,13.05],[79.18,13.04],[79.17,13.02],[79.15,13.01],[79.12,13.02],[79.1,13.02],[79.08,13.01],[79.07,13.01],[79.05,13.04],[79,13.06],[78.98,13.08],[78.95,13.06],[78.91,13.07],[78.88,13.02],[78.88,13.07],[78.83,13.07],[78.8,13.08],[78.78,13.05],[78.74,13.05],[78.7,13.06],[78.69,13],[78.65,13.02],[78.64,13],[78.62,12.98],[78.62,12.97],[78.65,12.92],[78.62,12.91],[78.61,12.87],[78.6,12.86],[78.59,12.84],[78.6,12.81],[78.59,12.8],[78.58,12.77],[78.56,12.75],[78.55,12.73],[78.55,12.7],[78.52,12.68],[78.52,12.7],[78.49,12.73],[78.49,12.67],[78.47,12.66],[78.46,12.66],[78.46,12.62],[78.37,12.61],[78.31,12.65],[78.29,12.65],[78.26,12.69],[78.23,12.69],[78.23,12.67],[78.2,12.68],[78.19,12.7],[78.22,12.7],[78.23,12.72],[78.22,12.75],[78.17,12.77],[78.16,12.76],[78.12,12.77],[78.11,12.79],[78.09,12.8],[78.06,12.83],[78.02,12.84],[77.99,12.81],[78,12.8],[77.98,12.8],[77.98,12.81],[77.96,12.84],[77.94,12.83],[77.93,12.81],[77.91,12.82],[77.92,12.84],[77.93,12.85],[77.91,12.87],[77.89,12.87],[77.88,12.86],[77.83,12.86],[77.82,12.85],[77.78,12.83],[77.8,12.82],[77.79,12.78],[77.77,12.76],[77.78,12.75],[77.78,12.73],[77.76,12.73],[77.76,12.71],[77.75,12.69],[77.73,12.68],[77.72,12.66],[77.7,12.67],[77.7,12.65],[77.67,12.65],[77.67,12.67],[77.65,12.67],[77.59,12.66],[77.59,12.64],[77.6,12.62],[77.58,12.61],[77.58,12.58],[77.57,12.56],[77.58,12.54],[77.58,12.51],[77.61,12.5],[77.6,12.49],[77.58,12.47],[77.6,12.46],[77.62,12.49],[77.63,12.48],[77.62,12.4],[77.6,12.35],[77.57,12.32],[77.56,12.3],[77.54,12.28],[77.52,12.28],[77.52,12.27],[77.49,12.27],[77.47,12.26],[77.46,12.24],[77.47,12.22],[77.47,12.2],[77.48,12.19],[77.51,12.18],[77.54,12.19],[77.56,12.19],[77.6,12.2],[77.63,12.19],[77.66,12.19],[77.73,12.17],[77.74,12.15],[77.74,12.13],[77.77,12.11],[77.75,12.07],[77.72,12.05],[77.69,12.01],[77.66,11.95],[77.66,11.94],[77.64,11.94],[77.59,11.93],[77.57,11.92],[77.55,11.93],[77.52,11.92],[77.49,11.93],[77.48,11.89],[77.45,11.89],[77.46,11.84],[77.43,11.77],[77.41,11.76],[77.38,11.78],[77.36,11.78],[77.35,11.76],[77.33,11.76],[77.28,11.8],[77.28,11.79],[77.24,11.8],[77.23,11.78],[77.19,11.78],[77.17,11.77],[77.14,11.77],[77.11,11.76],[77.1,11.72],[77.08,11.72],[77.05,11.76],[77.06,11.77],[77.04,11.78],[77.02,11.79],[77,11.8],[76.97,11.79],[76.96,11.77],[76.94,11.78],[76.9,11.78],[76.89,11.77],[76.88,11.72],[76.85,11.7],[76.83,11.65],[76.83,11.63],[76.85,11.6],[76.84,11.58],[76.82,11.6],[76.75,11.61],[76.63,11.6],[76.61,11.6],[76.55,11.61],[76.54,11.67],[76.5,11.7],[76.47,11.68],[76.45,11.66],[76.42,11.66],[76.43,11.63],[76.42,11.63],[76.38,11.62],[76.37,11.59],[76.34,11.58],[76.33,11.59],[76.3,11.56],[76.29,11.58],[76.27,11.59],[76.23,11.56],[76.24,11.52],[76.23,11.52],[76.24,11.49],[76.24,11.46],[76.26,11.47],[76.28,11.47],[76.32,11.44],[76.33,11.46],[76.36,11.45],[76.39,11.43],[76.41,11.43],[76.41,11.41],[76.45,11.38],[76.51,11.36],[76.51,11.35],[76.54,11.35],[76.54,11.32],[76.51,11.26],[76.45,11.23],[76.44,11.2],[76.45,11.18],[76.47,11.2],[76.51,11.2],[76.52,11.19],[76.58,11.2],[76.6,11.2],[76.62,11.19],[76.7,11.23],[76.73,11.21],[76.72,11.18],[76.71,11.18],[76.69,11.16],[76.7,11.13],[76.74,11.11],[76.73,11.09],[76.75,11.08],[76.73,11.06],[76.74,11.05],[76.75,11.05],[76.76,11.02],[76.71,11.03],[76.69,11.02],[76.68,11],[76.68,10.98],[76.66,10.96],[76.65,10.92],[76.68,10.9],[76.7,10.9],[76.73,10.88],[76.77,10.88],[76.79,10.87],[76.82,10.86],[76.85,10.83],[76.84,10.82],[76.86,10.8],[76.89,10.8],[76.9,10.77],[76.89,10.75],[76.88,10.71],[76.86,10.67],[76.87,10.66],[76.87,10.63],[76.8,10.63],[76.8,10.61],[76.82,10.59],[76.83,10.59],[76.82,10.54],[76.83,10.53],[76.82,10.49],[76.82,10.44],[76.81,10.41],[76.82,10.39],[76.84,10.36],[76.83,10.34],[76.82,10.3],[76.83,10.28],[76.86,10.28],[76.86,10.27],[76.88,10.26],[76.89,10.23],[76.91,10.22],[76.93,10.23],[76.96,10.22],[76.97,10.21],[76.98,10.22],[77.02,10.24],[77.04,10.25],[77.05,10.27],[77.07,10.3],[77.11,10.31],[77.16,10.35],[77.22,10.34],[77.21,10.31],[77.25,10.25],[77.24,10.25],[77.25,10.22],[77.27,10.22],[77.28,10.21],[77.26,10.18],[77.26,10.16],[77.26,10.13],[77.25,10.11],[77.23,10.12],[77.19,10.1],[77.2,10.07],[77.25,10.02],[77.24,10],[77.25,9.97],[77.26,9.96],[77.25,9.94],[77.24,9.94],[77.22,9.92],[77.22,9.91],[77.2,9.89],[77.2,9.87],[77.22,9.84],[77.22,9.81],[77.23,9.79],[77.21,9.78],[77.21,9.76],[77.21,9.72],[77.19,9.72],[77.19,9.69],[77.18,9.66],[77.17,9.65],[77.15,9.61],[77.16,9.6],[77.17,9.6],[77.19,9.61],[77.22,9.57],[77.26,9.57],[77.29,9.59],[77.3,9.59],[77.32,9.57],[77.35,9.54],[77.35,9.53],[77.37,9.51],[77.4,9.5],[77.38,9.48],[77.39,9.47],[77.37,9.45],[77.35,9.45],[77.33,9.43],[77.32,9.41],[77.33,9.39],[77.32,9.38],[77.32,9.35],[77.29,9.31],[77.27,9.29],[77.27,9.26],[77.26,9.22],[77.27,9.21],[77.25,9.19],[77.25,9.14],[77.23,9.12],[77.21,9.11],[77.2,9.09],[77.19,9.07],[77.18,9.04],[77.15,9.04],[77.15,9.02],[77.13,9.01],[77.13,9],[77.16,8.98],[77.16,8.96],[77.18,8.95],[77.18,8.92],[77.19,8.92],[77.21,8.89],[77.22,8.89],[77.24,8.87],[77.25,8.83],[77.22,8.8],[77.21,8.78],[77.18,8.74],[77.16,8.74],[77.17,8.71],[77.18,8.7],[77.19,8.67],[77.19,8.66],[77.2,8.64],[77.23,8.61],[77.23,8.6],[77.25,8.57],[77.27,8.54],[77.25,8.5],[77.22,8.49],[77.21,8.5],[77.19,8.49],[77.21,8.44],[77.19,8.43],[77.18,8.41],[77.15,8.38],[77.13,8.38],[77.16,8.35],[77.15,8.32],[77.12,8.32],[77.1,8.3],[77.09,8.3],[77.16,8.25],[77.18,8.22],[77.22,8.2],[77.25,8.17],[77.26,8.17],[77.3,8.14],[77.3,8.13],[77.35,8.12],[77.42,8.1],[77.54,8.08],[77.55,8.08],[77.56,8.09],[77.56,8.12],[77.58,8.14],[77.61,8.15],[77.72,8.17],[77.74,8.18],[77.78,8.21],[77.78,8.22],[77.8,8.24],[77.86,8.26],[77.89,8.27],[77.9,8.29],[77.95,8.31],[77.96,8.32],[77.98,8.34],[78.02,8.36],[78.07,8.37],[78.05,8.38],[78.06,8.42],[78.09,8.45],[78.12,8.48],[78.13,8.5],[78.12,8.52],[78.14,8.59],[78.13,8.6],[78.1,8.61],[78.1,8.64],[78.11,8.64],[78.12,8.66],[78.13,8.66],[78.14,8.69],[78.15,8.71],[78.16,8.73],[78.17,8.75],[78.2,8.75],[78.2,8.77],[78.16,8.77],[78.16,8.8],[78.16,8.82],[78.17,8.89],[78.19,8.94],[78.21,8.96],[78.24,8.98],[78.27,9.01],[78.35,9.06],[78.41,9.11],[78.46,9.13],[78.49,9.13],[78.51,9.14],[78.55,9.14],[78.58,9.13],[78.61,9.15],[78.65,9.16],[78.65,9.18],[78.67,9.2],[78.72,9.19],[78.72,9.2],[78.74,9.21],[78.76,9.22],[78.86,9.25],[78.88,9.26],[78.91,9.25],[78.93,9.27],[78.98,9.27],[79.03,9.27],[79.06,9.26],[79.09,9.26],[79.12,9.27],[79.17,9.28],[79.14,9.29],[79.11,9.29],[79.07,9.3],[79.02,9.33],[78.97,9.37],[78.93,9.42],[78.9,9.47],[78.9,9.49],[78.91,9.49],[78.92,9.57],[78.93,9.61],[78.96,9.63],[78.98,9.69],[79.02,9.73],[79.04,9.76],[79.06,9.77],[79.08,9.8],[79.09,9.83],[79.11,9.84],[79.12,9.86],[79.12,9.87],[79.13,9.89],[79.15,9.92],[79.16,9.93],[79.19,9.97],[79.24,10.02],[79.26,10.03],[79.25,10.07],[79.24,10.07],[79.23,10.1],[79.23,10.12],[79.23,10.15],[79.24,10.15],[79.24,10.18],[79.28,10.21],[79.27,10.23],[79.29,10.26],[79.31,10.26],[79.33,10.28],[79.37,10.3],[79.38,10.32],[79.4,10.32],[79.51,10.31],[79.5,10.32],[79.54,10.32],[79.53,10.34],[79.55,10.35],[79.59,10.34],[79.59,10.33],[79.56,10.33],[79.55,10.32],[79.53,10.31],[79.66,10.29],[79.62,10.3],[79.58,10.3],[79.61,10.32],[79.63,10.35],[79.65,10.32],[79.71,10.32],[79.73,10.31],[79.76,10.31],[79.76,10.3],[79.74,10.27],[79.8,10.27],[79.84,10.28],[79.87,10.29],[79.88,10.31],[79.87,10.37],[79.87,10.42],[79.86,10.55],[79.86,10.59],[79.85,10.76],[79.85,10.81],[79.82,10.81],[79.8,10.87],[79.78,10.88],[79.77,10.89],[79.75,10.89],[79.73,10.9],[79.71,10.91],[79.7,10.95],[79.73,10.95],[79.75,10.98],[79.77,10.98],[79.78,10.97],[79.8,10.99],[79.85,10.98],[79.86,11.14],[79.85,11.23],[79.84,11.28],[79.84,11.32],[79.84,11.35],[79.83,11.35],[79.81,11.44],[79.79,11.48],[79.76,11.54],[79.76,11.58],[79.76,11.62],[79.78,11.71],[79.79,11.77],[79.8,11.81],[79.79,11.84],[79.77,11.84],[79.75,11.83],[79.75,11.86],[79.73,11.85],[79.71,11.85],[79.69,11.85],[79.7,11.87],[79.66,11.87],[79.66,11.88],[79.68,11.88],[79.71,11.87],[79.72,11.89],[79.7,11.91],[79.71,11.93],[79.68,11.93],[79.68,11.95],[79.7,11.95],[79.69,11.98],[79.64,11.98],[79.65,12],[79.69,12.02],[79.69,12],[79.71,11.98],[79.72,11.98],[79.73,11.99],[79.75,11.99],[79.73,11.95],[79.75,11.93],[79.77,11.95],[79.79,11.94],[79.79,11.96],[79.8,11.96],[79.81,11.94],[79.84,11.94],[79.85,11.98],[79.88,12.06],[79.93,12.14],[79.99,12.22],[79.98,12.23],[79.99,12.25],[80.01,12.26],[80.02,12.27],[80.05,12.34],[80.02,12.34],[80.04,12.35],[80.04,12.36],[80.07,12.35],[80.12,12.4],[80.15,12.46],[80.16,12.47],[80.17,12.52],[80.18,12.58],[80.16,12.58],[80.17,12.61],[80.19,12.58],[80.25,12.78],[80.25,12.81],[80.25,12.86],[80.26,12.95],[80.28,13.03],[80.28,13.06],[80.3,13.09],[80.3,13.14],[80.31,13.16],[80.34,13.27],[80.35,13.33],[80.33,13.4],[80.33,13.43],[80.31,13.43]]]]},"properties":{"ID_0":105,"ISO":"IND","NAME_0":"India","ID_1":31,"NAME_1":"Tamil Nadu","NL_NAME_1":"","VARNAME_1":"Madras|Tamilnad","TYPE_1":"State","ENGTYPE_1":"State","filename":"","filename_1":"","filename_2":"","filename_3":"","filename_4":""}},
{"type":"Feature","geometry":{"type":"Polygon","coordinates":[[[92.23,24.5],[92.21,24.51],[92.17,24.53],[92.16,24.52],[92.16,24.51],[92.16,24.48],[92.16,24.46],[92.17,24.43],[92.14,24.42],[92.14,24.41],[92.12,24.38],[92.1,24.38],[92.07,24.38],[92.01,24.38],[92,24.39],[91.98,24.38],[92,24.34],[92,24.32],[91.97,24.33],[91.97,24.35],[91.96,24.36],[91.92,24.34],[91.94,24.27],[91.91,24.17],[91.91,24.14],[91.89,24.14],[91.88,24.15],[91.87,24.17],[91.84,24.2],[91.84,24.22],[91.82,24.21],[91.74,24.25],[91.76,24.14],[91.74,24.14],[91.71,24.15],[91.68,24.17],[91.68,24.2],[91.67,24.21],[91.65,24.21],[91.66,24.19],[91.64,24.17],[91.65,24.16],[91.64,24.14],[91.64,24.12],[91.63,24.1],[91.61,24.09],[91.6,24.08],[91.55,24.08],[91.52,24.09],[91.5,24.09],[91.49,24.1],[91.46,24.1],[91.41,24.11],[91.38,24.11],[91.38,24.08],[91.4,24.05],[91.39,24.03],[91.37,24.01],[91.38,23.98],[91.36,23.99],[91.31,24],[91.3,23.97],[91.28,23.98],[91.27,23.95],[91.28,23.93],[91.24,23.92],[91.25,23.91],[91.23,23.9],[91.24,23.88],[91.26,23.84],[91.24,23.81],[91.23,23.79],[91.23,23.77],[91.22,23.74],[91.21,23.75],[91.17,23.75],[91.16,23.72],[91.16,23.69],[91.2,23.69],[91.21,23.68],[91.21,23.65],[91.18,23.66],[91.16,23.63],[91.17,23.6],[91.19,23.57],[91.2,23.55],[91.21,23.55],[91.2,23.52],[91.23,23.51],[91.23,23.5],[91.25,23.49],[91.26,23.45],[91.28,23.41],[91.28,23.39],[91.29,23.37],[91.31,23.36],[91.3,23.32],[91.32,23.31],[91.32,23.3],[91.31,23.29],[91.33,23.25],[91.33,23.22],[91.33,23.16],[91.34,23.15],[91.35,23.1],[91.38,23.06],[91.4,23.05],[91.42,23.06],[91.41,23.09],[91.41,23.11],[91.39,23.15],[91.39,23.18],[91.4,23.22],[91.42,23.26],[91.46,23.26],[91.46,23.24],[91.49,23.2],[91.51,23.19],[91.5,23.15],[91.52,23.12],[91.52,23.11],[91.54,23.06],[91.54,23.03],[91.55,23.03],[91.55,23],[91.56,22.99],[91.56,22.98],[91.6,22.96],[91.62,22.95],[91.63,22.97],[91.66,22.99],[91.69,22.99],[91.7,23],[91.73,23],[91.76,23.02],[91.77,23.04],[91.79,23.04],[91.78,23.06],[91.82,23.08],[91.83,23.09],[91.81,23.13],[91.81,23.14],[91.8,23.2],[91.79,23.21],[91.79,23.23],[91.78,23.24],[91.77,23.26],[91.79,23.31],[91.81,23.34],[91.84,23.38],[91.85,23.4],[91.87,23.41],[91.9,23.44],[91.94,23.44],[91.94,23.46],[91.98,23.5],[91.96,23.52],[91.97,23.55],[91.96,23.58],[91.95,23.6],[91.96,23.62],[91.94,23.68],[91.96,23.7],[91.96,23.73],[91.98,23.73],[92,23.69],[92.03,23.66],[92.04,23.66],[92.07,23.64],[92.09,23.65],[92.09,23.68],[92.11,23.68],[92.14,23.71],[92.15,23.73],[92.18,23.74],[92.18,23.72],[92.22,23.7],[92.21,23.66],[92.23,23.66],[92.25,23.69],[92.24,23.71],[92.25,23.72],[92.27,23.73],[92.27,23.77],[92.26,23.81],[92.29,23.82],[92.27,23.84],[92.29,23.87],[92.31,23.86],[92.32,23.87],[92.32,23.89],[92.33,23.91],[92.31,23.93],[92.31,23.97],[92.33,23.99],[92.32,24.02],[92.32,24.05],[92.32,24.07],[92.33,24.08],[92.33,24.14],[92.34,24.15],[92.33,24.17],[92.32,24.21],[92.3,24.23],[92.3,24.25],[92.21,24.25],[92.26,24.36],[92.27,24.39],[92.26,24.42],[92.26,24.44],[92.23,24.46],[92.23,24.48],[92.24,24.49],[92.23,24.5]]]},"properties":{"ID_0":105,"ISO":"IND","NAME_0":"India","ID_1":32,"NAME_1":"Tripura","NL_NAME_1":"","VARNAME_1":"","TYPE_1":"State","ENGTYPE_1":"State","filename":"","filename_1":"","filename_2":"","filename_3":"","filename_4":""}},
{"type":"Feature","geometry":{"type":"Polygon","coordinates":[[[80.07,28.83],[80.06,28.84],[80.03,28.8],[80.04,28.78],[80.01,28.74],[79.99,28.72],[79.95,28.72],[79.93,28.73],[79.91,28.76],[79.89,28.79],[79.84,28.81],[79.85,28.82],[79.87,28.82],[79.88,28.83],[79.85,28.85],[79.82,28.84],[79.81,28.83],[79.82,28.81],[79.79,28.8],[79.8,28.83],[79.79,28.85],[79.8,28.87],[79.77,28.89],[79.75,28.89],[79.74,28.88],[79.71,28.88],[79.69,28.87],[79.67,28.85],[79.65,28.85],[79.62,28.87],[79.59,28.87],[79.58,28.85],[79.55,28.85],[79.55,28.88],[79.53,28.89],[79.51,28.86],[79.48,28.87],[79.46,28.86],[79.43,28.86],[79.41,28.86],[79.4,28.89],[79.4,28.9],[79.4,28.93],[79.38,28.94],[79.36,28.97],[79.35,28.95],[79.28,28.96],[79.24,29.01],[79.2,29.03],[79.17,29.02],[79.15,29.03],[79.17,29.05],[79.14,29.06],[79.13,29.08],[79.14,29.1],[79.14,29.12],[79.12,29.13],[79.1,29.13],[79.07,29.15],[79.05,29.15],[79.01,29.15],[79.02,29.12],[79,29.12],[78.97,29.17],[78.94,29.15],[78.9,29.16],[78.9,29.2],[78.86,29.25],[78.83,29.26],[78.81,29.25],[78.8,29.26],[78.76,29.29],[78.73,29.31],[78.73,29.33],[78.76,29.35],[78.78,29.34],[78.81,29.37],[78.86,29.39],[78.89,29.41],[78.9,29.42],[78.9,29.46],[78.87,29.46],[78.77,29.48],[78.73,29.51],[78.69,29.51],[78.64,29.55],[78.62,29.55],[78.58,29.58],[78.53,29.62],[78.51,29.65],[78.51,29.69],[78.49,29.74],[78.42,29.76],[78.41,29.77],[78.39,29.77],[78.33,29.8],[78.3,29.76],[78.23,29.7],[78.22,29.72],[78.19,29.71],[78.17,29.68],[78.14,29.68],[78.13,29.66],[78.11,29.63],[78.09,29.62],[78.08,29.6],[78.06,29.6],[78.04,29.59],[78.04,29.57],[78.03,29.55],[78,29.56],[77.98,29.55],[77.98,29.58],[77.95,29.59],[77.95,29.6],[77.98,29.61],[77.98,29.64],[77.96,29.67],[77.95,29.69],[77.94,29.71],[77.92,29.71],[77.9,29.7],[77.87,29.7],[77.83,29.67],[77.82,29.67],[77.79,29.68],[77.8,29.7],[77.76,29.72],[77.77,29.73],[77.76,29.74],[77.76,29.79],[77.74,29.81],[77.73,29.85],[77.7,29.87],[77.72,29.9],[77.73,29.91],[77.72,29.93],[77.74,29.96],[77.74,29.99],[77.75,30.02],[77.77,30.03],[77.76,30.05],[77.79,30.1],[77.81,30.09],[77.82,30.09],[77.86,30.13],[77.87,30.16],[77.9,30.19],[77.9,30.22],[77.93,30.24],[77.92,30.26],[77.87,30.27],[77.81,30.29],[77.75,30.32],[77.71,30.34],[77.7,30.35],[77.67,30.38],[77.66,30.38],[77.64,30.41],[77.61,30.41],[77.56,30.4],[77.57,30.38],[77.59,30.37],[77.57,30.34],[77.57,30.31],[77.53,30.29],[77.52,30.26],[77.5,30.23],[77.47,30.19],[77.45,30.17],[77.42,30.17],[77.41,30.15],[77.41,30.11],[77.39,30.09],[77.37,30.09],[77.33,30.06],[77.3,30.06],[77.27,30.05],[77.27,30.03],[77.25,29.99],[77.24,29.98],[77.23,29.97],[77.2,29.93],[77.19,29.92],[77.18,29.9],[77.18,29.87],[77.17,29.85],[77.17,29.83],[77.16,29.82],[77.15,29.79],[77.12,29.78],[77.11,29.75],[77.14,29.72],[77.14,29.7],[77.13,29.7],[77.12,29.68],[77.13,29.66],[77.11,29.65],[77.09,29.6],[77.1,29.58],[77.11,29.55],[77.09,29.54],[77.08,29.53],[77.1,29.51],[77.11,29.5],[77.12,29.49],[77.12,29.46],[77.14,29.44],[77.12,29.42],[77.14,29.38],[77.12,29.38],[77.12,29.35],[77.15,29.35],[77.15,29.32],[77.13,29.27],[77.14,29.25],[77.14,29.24],[77.13,29.23],[77.14,29.18],[77.13,29.15],[77.14,29.13],[77.12,29.1],[77.16,29.08],[77.16,29.05],[77.19,29.02],[77.21,29.01],[77.19,28.96],[77.19,28.95],[77.21,28.94],[77.2,28.92],[77.22,28.9],[77.18,28.89],[77.19,28.87],[77.2,28.86],[77.22,28.84],[77.21,28.81],[77.19,28.8],[77.26,28.74],[77.28,28.73],[77.29,28.71],[77.31,28.72],[77.33,28.69],[77.32,28.68],[77.31,28.64],[77.33,28.63],[77.34,28.61],[77.31,28.6],[77.29,28.58],[77.3,28.56],[77.32,28.54],[77.34,28.51],[77.36,28.5],[77.38,28.48],[77.4,28.47],[77.4,28.46],[77.43,28.45],[77.44,28.43],[77.47,28.41],[77.47,28.39],[77.49,28.38],[77.49,28.36],[77.47,28.34],[77.5,28.31],[77.49,28.28],[77.47,28.28],[77.47,28.27],[77.51,28.25],[77.54,28.25],[77.54,28.24],[77.52,28.23],[77.52,28.21],[77.54,28.19],[77.53,28.17],[77.5,28.16],[77.5,28.12],[77.47,28.1],[77.47,28.09],[77.48,28.06],[77.48,28.05],[77.51,28.02],[77.51,28.01],[77.54,27.99],[77.51,27.97],[77.54,27.97],[77.54,27.95],[77.52,27.93],[77.47,27.93],[77.47,27.91],[77.47,27.89],[77.44,27.88],[77.42,27.89],[77.4,27.88],[77.41,27.86],[77.37,27.86],[77.34,27.86],[77.31,27.83],[77.28,27.81],[77.3,27.79],[77.3,27.76],[77.31,27.74],[77.3,27.73],[77.3,27.71],[77.33,27.71],[77.34,27.68],[77.34,27.65],[77.31,27.61],[77.33,27.6],[77.35,27.59],[77.33,27.57],[77.33,27.54],[77.34,27.52],[77.38,27.52],[77.39,27.5],[77.39,27.48],[77.43,27.46],[77.42,27.43],[77.43,27.4],[77.47,27.38],[77.5,27.38],[77.54,27.34],[77.57,27.33],[77.59,27.34],[77.62,27.34],[77.61,27.31],[77.59,27.3],[77.61,27.29],[77.61,27.27],[77.62,27.26],[77.64,27.24],[77.64,27.21],[77.67,27.2],[77.65,27.18],[77.63,27.17],[77.61,27.17],[77.61,27.15],[77.59,27.14],[77.6,27.13],[77.54,27.12],[77.52,27.09],[77.53,27.07],[77.55,27.08],[77.57,27.08],[77.56,27.05],[77.6,27.03],[77.66,27.02],[77.67,27.05],[77.7,27],[77.72,27],[77.72,27.03],[77.74,27.03],[77.75,27.01],[77.74,26.99],[77.71,26.99],[77.69,26.98],[77.64,26.97],[77.58,26.93],[77.52,26.92],[77.48,26.9],[77.46,26.89],[77.45,26.88],[77.42,26.87],[77.42,26.84],[77.44,26.82],[77.43,26.79],[77.45,26.78],[77.46,26.77],[77.45,26.75],[77.48,26.75],[77.49,26.77],[77.48,26.79],[77.5,26.85],[77.51,26.85],[77.52,26.82],[77.56,26.82],[77.57,26.83],[77.61,26.83],[77.62,26.85],[77.66,26.86],[77.67,26.87],[77.72,26.88],[77.71,26.9],[77.72,26.92],[77.75,26.93],[77.77,26.94],[77.79,26.92],[77.81,26.93],[77.87,26.91],[77.89,26.89],[77.91,26.91],[77.93,26.91],[77.94,26.9],[77.96,26.91],[77.98,26.9],[77.99,26.91],[78.01,26.91],[78.04,26.87],[78.04,26.88],[78.04,26.92],[78.06,26.92],[78.09,26.9],[78.1,26.91],[78.11,26.93],[78.11,26.95],[78.14,26.96],[78.19,26.95],[78.23,26.93],[78.26,26.93],[78.25,26.9],[78.23,26.88],[78.2,26.88],[78.21,26.84],[78.22,26.84],[78.26,26.82],[78.27,26.82],[78.27,26.85],[78.28,26.86],[78.34,26.87],[78.36,26.87],[78.39,26.83],[78.43,26.83],[78.45,26.8],[78.46,26.8],[78.52,26.79],[78.57,26.76],[78.6,26.76],[78.62,26.78],[78.66,26.77],[78.68,26.79],[78.72,26.8],[78.72,26.78],[78.74,26.79],[78.76,26.77],[78.81,26.77],[78.84,26.73],[78.86,26.7],[78.88,26.7],[78.9,26.71],[78.95,26.7],[78.94,26.67],[78.95,26.66],[78.98,26.69],[79,26.67],[78.99,26.65],[79,26.63],[79.01,26.61],[78.98,26.59],[79,26.57],[79,26.55],[79.03,26.54],[79.03,26.52],[79.06,26.5],[79.06,26.48],[79.05,26.46],[79.07,26.45],[79.09,26.46],[79.13,26.44],[79.12,26.42],[79.08,26.41],[79.09,26.38],[79.08,26.36],[79.12,26.35],[79.13,26.32],[79.1,26.31],[79.08,26.29],[79.06,26.28],[79.05,26.26],[79.06,26.25],[79.04,26.23],[79.02,26.23],[79.02,26.21],[79,26.2],[78.99,26.2],[78.98,26.19],[79,26.17],[79,26.15],[78.99,26.15],[78.96,26.15],[78.94,26.14],[78.97,26.13],[78.97,26.11],[79,26.08],[78.98,26.07],[78.94,26.04],[78.95,26.03],[78.94,25.99],[78.92,25.95],[78.89,25.93],[78.88,25.92],[78.89,25.9],[78.88,25.88],[78.86,25.87],[78.84,25.85],[78.87,25.83],[78.86,25.8],[78.84,25.81],[78.84,25.82],[78.82,25.83],[78.82,25.8],[78.8,25.8],[78.78,25.78],[78.78,25.76],[78.75,25.75],[78.75,25.74],[78.76,25.72],[78.79,25.71],[78.81,25.67],[78.81,25.65],[78.81,25.62],[78.79,25.62],[78.73,25.6],[78.71,25.61],[78.68,25.59],[78.65,25.57],[78.62,25.57],[78.6,25.59],[78.58,25.56],[78.55,25.56],[78.53,25.57],[78.48,25.58],[78.45,25.55],[78.43,25.56],[78.41,25.53],[78.41,25.51],[78.42,25.48],[78.39,25.47],[78.39,25.45],[78.36,25.45],[78.35,25.45],[78.34,25.43],[78.33,25.4],[78.29,25.37],[78.32,25.36],[78.33,25.34],[78.31,25.31],[78.35,25.3],[78.35,25.28],[78.36,25.27],[78.36,25.25],[78.38,25.23],[78.4,25.22],[78.39,25.2],[78.4,25.19],[78.42,25.17],[78.44,25.17],[78.44,25.16],[78.42,25.15],[78.42,25.12],[78.39,25.13],[78.37,25.1],[78.33,25.09],[78.33,25.08],[78.33,25.05],[78.34,25.03],[78.33,25],[78.31,24.99],[78.29,24.97],[78.26,24.95],[78.26,24.94],[78.21,24.92],[78.2,24.9],[78.17,24.89],[78.16,24.87],[78.17,24.85],[78.19,24.84],[78.21,24.81],[78.23,24.78],[78.22,24.76],[78.23,24.74],[78.25,24.71],[78.27,24.67],[78.26,24.65],[78.27,24.62],[78.26,24.55],[78.22,24.54],[78.22,24.52],[78.24,24.51],[78.24,24.49],[78.26,24.48],[78.26,24.46],[78.27,24.45],[78.32,24.41],[78.34,24.4],[78.36,24.38],[78.33,24.34],[78.34,24.31],[78.36,24.3],[78.39,24.27],[78.41,24.28],[78.41,24.29],[78.43,24.3],[78.44,24.33],[78.47,24.34],[78.48,24.37],[78.5,24.39],[78.51,24.39],[78.53,24.37],[78.55,24.36],[78.58,24.36],[78.59,24.34],[78.6,24.32],[78.62,24.31],[78.62,24.3],[78.65,24.27],[78.67,24.25],[78.7,24.23],[78.72,24.24],[78.73,24.25],[78.75,24.24],[78.75,24.25],[78.77,24.21],[78.78,24.19],[78.81,24.18],[78.81,24.21],[78.83,24.2],[78.84,24.21],[78.86,24.21],[78.88,24.23],[78.88,24.25],[78.91,24.27],[78.91,24.3],[78.93,24.32],[78.97,24.36],[78.97,24.37],[78.98,24.42],[78.99,24.43],[78.98,24.45],[78.94,24.44],[78.93,24.46],[78.91,24.46],[78.9,24.49],[78.91,24.5],[78.93,24.49],[78.94,24.48],[78.97,24.5],[78.94,24.51],[78.94,24.54],[78.95,24.55],[78.91,24.58],[78.9,24.6],[78.89,24.61],[78.88,24.64],[78.86,24.64],[78.84,24.63],[78.83,24.61],[78.8,24.61],[78.78,24.59],[78.75,24.6],[78.75,24.64],[78.74,24.66],[78.76,24.68],[78.76,24.69],[78.77,24.7],[78.76,24.77],[78.76,24.79],[78.78,24.81],[78.76,24.86],[78.72,24.88],[78.7,24.88],[78.7,24.89],[78.67,24.9],[78.65,24.94],[78.62,24.96],[78.63,24.98],[78.64,25.03],[78.64,25.04],[78.64,25.06],[78.62,25.09],[78.6,25.1],[78.6,25.13],[78.59,25.16],[78.57,25.2],[78.56,25.23],[78.57,25.26],[78.55,25.27],[78.54,25.27],[78.52,25.29],[78.51,25.28],[78.49,25.29],[78.45,25.27],[78.43,25.28],[78.43,25.3],[78.47,25.3],[78.49,25.32],[78.51,25.3],[78.53,25.31],[78.53,25.33],[78.53,25.37],[78.56,25.35],[78.58,25.35],[78.58,25.38],[78.6,25.42],[78.62,25.41],[78.63,25.41],[78.63,25.43],[78.66,25.44],[78.69,25.45],[78.7,25.43],[78.67,25.4],[78.66,25.39],[78.71,25.38],[78.7,25.36],[78.74,25.35],[78.76,25.36],[78.76,25.4],[78.75,25.42],[78.79,25.43],[78.79,25.44],[78.77,25.43],[78.75,25.45],[78.72,25.46],[78.73,25.49],[78.76,25.48],[78.79,25.48],[78.85,25.45],[78.86,25.47],[78.85,25.49],[78.83,25.5],[78.83,25.52],[78.88,25.52],[78.87,25.54],[78.89,25.56],[78.93,25.56],[78.94,25.55],[78.94,25.53],[78.92,25.52],[78.94,25.49],[78.93,25.47],[78.9,25.45],[78.93,25.43],[78.94,25.44],[78.96,25.44],[78.97,25.42],[78.97,25.4],[78.97,25.37],[78.95,25.37],[78.94,25.35],[78.9,25.37],[78.9,25.38],[78.93,25.38],[78.94,25.4],[78.92,25.4],[78.9,25.39],[78.87,25.39],[78.84,25.35],[78.83,25.33],[78.81,25.31],[78.79,25.31],[78.79,25.29],[78.81,25.29],[78.81,25.27],[78.84,25.23],[78.85,25.23],[78.86,25.28],[78.87,25.29],[78.86,25.32],[78.89,25.35],[78.93,25.33],[78.96,25.35],[78.95,25.31],[78.97,25.29],[78.94,25.28],[78.94,25.26],[78.91,25.27],[78.9,25.25],[78.87,25.25],[78.87,25.23],[78.88,25.22],[78.87,25.19],[78.88,25.16],[78.9,25.18],[78.92,25.21],[78.95,25.22],[78.97,25.22],[78.98,25.2],[79,25.2],[79,25.22],[79,25.23],[78.97,25.24],[78.99,25.27],[79.01,25.27],[79.01,25.25],[79.03,25.23],[79.06,25.23],[79.02,25.19],[79.04,25.17],[79.02,25.14],[79.04,25.14],[79.06,25.15],[79.06,25.17],[79.08,25.19],[79.09,25.18],[79.12,25.16],[79.11,25.14],[79.13,25.13],[79.13,25.11],[79.18,25.12],[79.17,25.15],[79.18,25.15],[79.2,25.13],[79.24,25.12],[79.24,25.14],[79.23,25.16],[79.25,25.16],[79.26,25.14],[79.25,25.13],[79.28,25.12],[79.28,25.13],[79.3,25.13],[79.31,25.15],[79.3,25.18],[79.28,25.19],[79.28,25.21],[79.29,25.24],[79.31,25.22],[79.33,25.22],[79.33,25.2],[79.35,25.21],[79.34,25.23],[79.34,25.27],[79.31,25.26],[79.29,25.28],[79.27,25.27],[79.26,25.28],[79.26,25.31],[79.29,25.34],[79.35,25.33],[79.33,25.32],[79.35,25.29],[79.35,25.27],[79.37,25.27],[79.37,25.29],[79.4,25.28],[79.4,25.26],[79.45,25.26],[79.43,25.24],[79.43,25.23],[79.44,25.22],[79.43,25.2],[79.41,25.21],[79.4,25.19],[79.38,25.17],[79.38,25.15],[79.39,25.12],[79.41,25.12],[79.42,25.13],[79.44,25.13],[79.44,25.11],[79.47,25.13],[79.46,25.1],[79.49,25.08],[79.5,25.1],[79.52,25.1],[79.51,25.13],[79.53,25.14],[79.55,25.17],[79.57,25.18],[79.57,25.16],[79.6,25.15],[79.62,25.14],[79.63,25.13],[79.67,25.13],[79.68,25.14],[79.71,25.13],[79.74,25.14],[79.77,25.13],[79.83,25.1],[79.86,25.1],[79.84,25.12],[79.86,25.16],[79.86,25.18],[79.85,25.2],[79.86,25.22],[79.85,25.24],[79.87,25.25],[79.89,25.25],[79.92,25.25],[79.94,25.27],[79.95,25.27],[80,25.27],[79.99,25.29],[80.01,25.3],[80.01,25.32],[80.02,25.34],[80.07,25.34],[80.08,25.36],[80.13,25.34],[80.14,25.36],[80.16,25.37],[80.16,25.38],[80.19,25.38],[80.19,25.41],[80.21,25.4],[80.23,25.41],[80.25,25.4],[80.26,25.43],[80.27,25.43],[80.31,25.39],[80.31,25.37],[80.3,25.36],[80.31,25.33],[80.31,25.31],[80.3,25.3],[80.31,25.28],[80.34,25.28],[80.36,25.25],[80.38,25.24],[80.4,25.24],[80.4,25.22],[80.42,25.17],[80.39,25.16],[80.35,25.14],[80.35,25.13],[80.32,25.11],[80.3,25.08],[80.28,25.06],[80.27,25.03],[80.29,25.02],[80.31,25],[80.33,25],[80.37,25.03],[80.38,25.01],[80.38,25.06],[80.39,25.07],[80.42,25.07],[80.44,25.08],[80.46,25.07],[80.47,25.04],[80.5,25.06],[80.49,25.09],[80.51,25.1],[80.52,25.08],[80.54,25.07],[80.58,25.09],[80.61,25.08],[80.59,25.11],[80.59,25.16],[80.61,25.14],[80.62,25.12],[80.61,25.1],[80.64,25.09],[80.65,25.08],[80.68,25.08],[80.67,25.05],[80.73,25.07],[80.73,25.06],[80.78,25.06],[80.78,25.08],[80.75,25.1],[80.72,25.1],[80.72,25.13],[80.75,25.14],[80.78,25.14],[80.8,25.15],[80.82,25.13],[80.83,25.14],[80.84,25.17],[80.84,25.19],[80.87,25.19],[80.91,25.16],[80.89,25.14],[80.86,25.12],[80.87,25.1],[80.86,25.09],[80.87,25.07],[80.84,25.05],[80.83,25.03],[80.85,25],[80.82,24.97],[80.8,24.97],[80.8,24.94],[80.82,24.94],[80.86,24.94],[80.89,24.95],[80.9,24.96],[80.94,24.97],[80.95,24.94],[81,24.94],[81.03,24.95],[81.08,24.95],[81.09,24.92],[81.13,24.89],[81.14,24.92],[81.16,24.93],[81.16,24.96],[81.21,24.94],[81.2,24.97],[81.21,24.98],[81.2,25],[81.22,25.01],[81.25,25.04],[81.26,25.07],[81.26,25.09],[81.25,25.11],[81.26,25.12],[81.26,25.14],[81.27,25.15],[81.27,25.17],[81.33,25.17],[81.35,25.17],[81.37,25.14],[81.39,25.12],[81.43,25.13],[81.44,25.11],[81.44,25.1],[81.48,25.07],[81.49,25.08],[81.49,25.11],[81.48,25.12],[81.48,25.14],[81.49,25.15],[81.52,25.15],[81.53,25.17],[81.51,25.17],[81.51,25.19],[81.53,25.19],[81.57,25.2],[81.59,25.18],[81.58,25.17],[81.61,25.17],[81.62,25.16],[81.59,25.14],[81.59,25.12],[81.62,25.12],[81.63,25.1],[81.59,25.08],[81.62,25.06],[81.65,25.08],[81.68,25.06],[81.68,25.04],[81.71,25.04],[81.72,25.05],[81.79,25.01],[81.83,25.02],[81.85,25.01],[81.87,25],[81.9,24.98],[81.9,24.94],[81.91,24.92],[81.9,24.91],[81.9,24.88],[81.93,24.87],[81.93,24.86],[81.96,24.83],[81.96,24.84],[82,24.85],[82.02,24.84],[82.07,24.82],[82.08,24.82],[82.1,24.81],[82.11,24.79],[82.13,24.8],[82.16,24.79],[82.17,24.8],[82.21,24.8],[82.2,24.76],[82.23,24.77],[82.24,24.75],[82.24,24.7],[82.23,24.69],[82.23,24.67],[82.27,24.68],[82.29,24.66],[82.3,24.63],[82.31,24.61],[82.33,24.62],[82.35,24.62],[82.36,24.6],[82.41,24.6],[82.4,24.64],[82.41,24.66],[82.4,24.68],[82.42,24.71],[82.43,24.71],[82.45,24.69],[82.45,24.68],[82.48,24.68],[82.49,24.68],[82.52,24.68],[82.53,24.65],[82.57,24.66],[82.59,24.67],[82.64,24.69],[82.67,24.7],[82.7,24.68],[82.69,24.65],[82.7,24.64],[82.73,24.65],[82.77,24.64],[82.77,24.6],[82.8,24.6],[82.8,24.55],[82.75,24.54],[82.72,24.56],[82.72,24.51],[82.74,24.5],[82.72,24.48],[82.73,24.43],[82.71,24.42],[82.71,24.39],[82.72,24.37],[82.76,24.37],[82.76,24.35],[82.76,24.32],[82.76,24.29],[82.75,24.27],[82.75,24.24],[82.73,24.22],[82.74,24.17],[82.72,24.16],[82.72,24.14],[82.69,24.14],[82.67,24.16],[82.66,24.13],[82.66,24.12],[82.7,24.1],[82.71,24.08],[82.73,24.08],[82.75,24.07],[82.76,24.04],[82.74,24.03],[82.75,24.01],[82.8,24],[82.8,23.98],[82.81,23.96],[82.82,23.96],[82.85,23.95],[82.86,23.93],[82.88,23.91],[82.93,23.89],[82.94,23.88],[82.95,23.87],[82.98,23.88],[83.04,23.88],[83.06,23.88],[83.09,23.88],[83.13,23.89],[83.15,23.91],[83.19,23.92],[83.21,23.96],[83.22,23.99],[83.28,24.02],[83.28,24.05],[83.29,24.08],[83.32,24.1],[83.35,24.13],[83.36,24.16],[83.38,24.2],[83.38,24.23],[83.4,24.27],[83.4,24.29],[83.38,24.31],[83.4,24.34],[83.43,24.35],[83.44,24.37],[83.43,24.4],[83.4,24.41],[83.4,24.44],[83.38,24.46],[83.39,24.48],[83.39,24.5],[83.43,24.51],[83.5,24.53],[83.49,24.54],[83.52,24.55],[83.52,24.59],[83.52,24.6],[83.53,24.62],[83.52,24.64],[83.5,24.65],[83.5,24.67],[83.51,24.68],[83.49,24.71],[83.48,24.71],[83.48,24.74],[83.45,24.73],[83.43,24.76],[83.41,24.78],[83.39,24.78],[83.4,24.81],[83.39,24.83],[83.37,24.86],[83.35,24.9],[83.36,24.91],[83.36,24.96],[83.34,24.96],[83.34,25.01],[83.32,25.02],[83.32,25.04],[83.32,25.05],[83.34,25.11],[83.35,25.11],[83.35,25.15],[83.34,25.16],[83.35,25.2],[83.36,25.2],[83.39,25.21],[83.41,25.25],[83.44,25.26],[83.46,25.25],[83.48,25.28],[83.51,25.29],[83.54,25.31],[83.57,25.32],[83.61,25.33],[83.62,25.33],[83.66,25.36],[83.69,25.37],[83.71,25.4],[83.75,25.4],[83.78,25.4],[83.8,25.41],[83.8,25.43],[83.84,25.44],[83.83,25.46],[83.85,25.47],[83.87,25.5],[83.87,25.52],[83.89,25.53],[83.92,25.56],[83.94,25.57],[84.01,25.62],[84.08,25.64],[84.08,25.65],[84.07,25.7],[84.08,25.71],[84.11,25.72],[84.15,25.73],[84.17,25.72],[84.19,25.7],[84.2,25.67],[84.22,25.66],[84.29,25.66],[84.32,25.67],[84.33,25.74],[84.35,25.74],[84.39,25.73],[84.4,25.7],[84.42,25.7],[84.42,25.71],[84.45,25.71],[84.47,25.69],[84.49,25.69],[84.52,25.68],[84.53,25.69],[84.55,25.68],[84.56,25.7],[84.56,25.74],[84.6,25.74],[84.61,25.73],[84.63,25.74],[84.6,25.76],[84.62,25.79],[84.59,25.82],[84.55,25.84],[84.53,25.83],[84.53,25.88],[84.51,25.87],[84.49,25.89],[84.43,25.89],[84.41,25.93],[84.39,25.94],[84.35,25.96],[84.31,25.95],[84.29,25.95],[84.24,25.98],[84.2,26],[84.19,25.99],[84.17,26],[84.17,26.03],[84.14,26.05],[84.12,26.07],[84.09,26.1],[84.05,26.1],[84.04,26.13],[84.02,26.15],[84.03,26.16],[84,26.18],[84,26.19],[84.03,26.23],[84.07,26.22],[84.09,26.24],[84.11,26.24],[84.11,26.26],[84.16,26.26],[84.17,26.27],[84.17,26.3],[84.18,26.32],[84.17,26.34],[84.17,26.37],[84.12,26.39],[84.06,26.39],[84.05,26.4],[84.04,26.41],[84.02,26.43],[84.02,26.44],[83.99,26.45],[83.98,26.43],[83.95,26.44],[83.9,26.45],[83.91,26.51],[83.9,26.52],[83.93,26.52],[83.97,26.51],[83.97,26.53],[84,26.53],[84.05,26.54],[84.05,26.56],[84.08,26.61],[84.08,26.64],[84.11,26.64],[84.15,26.64],[84.17,26.62],[84.2,26.62],[84.27,26.6],[84.3,26.62],[84.33,26.62],[84.41,26.63],[84.4,26.64],[84.4,26.67],[84.33,26.68],[84.32,26.72],[84.3,26.75],[84.28,26.75],[84.24,26.73],[84.22,26.76],[84.24,26.77],[84.25,26.81],[84.24,26.82],[84.25,26.84],[84.23,26.87],[84.21,26.87],[84.18,26.85],[84.17,26.83],[84.15,26.84],[84.13,26.86],[84.13,26.89],[84.1,26.89],[84.09,26.88],[84.08,26.88],[84.05,26.89],[84.05,26.93],[84.04,26.95],[84.05,26.99],[84.04,27.02],[84.04,27.04],[84.02,27.04],[83.99,27.06],[84.02,27.1],[84.01,27.1],[83.95,27.09],[83.94,27.09],[83.94,27.12],[83.97,27.17],[83.99,27.18],[83.98,27.2],[83.96,27.22],[83.95,27.24],[83.9,27.25],[83.9,27.28],[83.92,27.29],[83.92,27.32],[83.91,27.33],[83.89,27.33],[83.85,27.31],[83.83,27.33],[83.85,27.34],[83.86,27.35],[83.83,27.37],[83.62,27.47],[83.39,27.48],[83.4,27.46],[83.39,27.44],[83.41,27.41],[83.39,27.39],[83.39,27.38],[83.35,27.34],[83.33,27.33],[83.3,27.33],[83.27,27.37],[83.27,27.38],[83.21,27.42],[83.19,27.45],[83.17,27.46],[83.04,27.45],[82.96,27.47],[82.93,27.5],[82.87,27.5],[82.84,27.5],[82.8,27.5],[82.74,27.5],[82.75,27.52],[82.74,27.55],[82.76,27.59],[82.74,27.62],[82.74,27.64],[82.72,27.66],[82.72,27.69],[82.71,27.72],[82.67,27.72],[82.62,27.7],[82.61,27.71],[82.54,27.69],[82.52,27.69],[82.48,27.68],[82.45,27.68],[82.4,27.7],[82.37,27.74],[82.3,27.77],[82.25,27.81],[82.23,27.82],[82.21,27.84],[82.16,27.87],[82.13,27.86],[82.09,27.89],[82.07,27.92],[81.99,27.93],[81.97,27.93],[81.93,27.88],[81.93,27.86],[81.9,27.85],[81.88,27.87],[81.84,27.9],[81.81,27.9],[81.7,27.99],[81.65,27.99],[81.55,28.05],[81.48,28.08],[81.49,28.12],[81.45,28.14],[81.45,28.16],[81.41,28.17],[81.38,28.18],[81.37,28.14],[81.34,28.14],[81.32,28.13],[81.32,28.2],[81.28,28.23],[81.23,28.29],[81.24,28.32],[81.21,28.36],[81.08,28.38],[81.05,28.41],[81.04,28.43],[81.01,28.44],[81,28.45],[80.98,28.43],[80.95,28.45],[80.91,28.47],[80.9,28.49],[80.91,28.5],[80.88,28.51],[80.86,28.5],[80.85,28.5],[80.82,28.52],[80.79,28.53],[80.79,28.54],[80.77,28.55],[80.77,28.57],[80.74,28.57],[80.72,28.57],[80.69,28.59],[80.68,28.6],[80.68,28.62],[80.67,28.64],[80.65,28.63],[80.61,28.64],[80.61,28.65],[80.58,28.66],[80.59,28.68],[80.57,28.69],[80.54,28.69],[80.51,28.67],[80.52,28.58],[80.51,28.57],[80.47,28.59],[80.46,28.62],[80.44,28.64],[80.42,28.64],[80.37,28.63],[80.36,28.64],[80.33,28.67],[80.32,28.7],[80.3,28.71],[80.28,28.71],[80.26,28.73],[80.27,28.74],[80.25,28.76],[80.22,28.76],[80.17,28.78],[80.12,28.83],[80.08,28.82],[80.07,28.83]]]},"properties":{"ID_0":105,"ISO":"IND","NAME_0":"India","ID_1":33,"NAME_1":"Uttar Pradesh","NL_NAME_1":"","VARNAME_1":"United Provinces","TYPE_1":"State","ENGTYPE_1":"State","filename":"","filename_1":"","filename_2":"","filename_3":"","filename_4":""}},
{"type":"Feature","geometry":{"type":"Polygon","coordinates":[[[80.07,28.83],[80.07,28.84],[80.06,28.92],[80.1,28.98],[80.12,28.98],[80.13,29.01],[80.13,29.06],[80.15,29.1],[80.19,29.14],[80.21,29.12],[80.24,29.12],[80.26,29.14],[80.27,29.14],[80.26,29.17],[80.26,29.19],[80.24,29.2],[80.28,29.21],[80.3,29.2],[80.31,29.29],[80.32,29.3],[80.32,29.32],[80.3,29.32],[80.27,29.36],[80.28,29.39],[80.24,29.41],[80.25,29.45],[80.3,29.45],[80.29,29.47],[80.3,29.49],[80.34,29.51],[80.36,29.53],[80.34,29.54],[80.35,29.56],[80.38,29.56],[80.41,29.59],[80.41,29.61],[80.42,29.63],[80.42,29.65],[80.39,29.66],[80.39,29.68],[80.37,29.74],[80.39,29.75],[80.41,29.79],[80.47,29.8],[80.49,29.8],[80.51,29.82],[80.52,29.83],[80.56,29.85],[80.56,29.87],[80.57,29.89],[80.58,29.92],[80.61,29.96],[80.64,29.96],[80.65,29.96],[80.68,29.96],[80.72,30],[80.74,30],[80.76,30.03],[80.76,30.05],[80.78,30.06],[80.81,30.09],[80.82,30.1],[80.85,30.1],[80.85,30.12],[80.88,30.13],[80.86,30.17],[80.88,30.18],[80.89,30.19],[80.91,30.22],[80.93,30.24],[80.98,30.24],[80.99,30.25],[81.02,30.24],[81.01,30.26],[80.99,30.27],[80.92,30.29],[80.88,30.3],[80.85,30.31],[80.81,30.32],[80.77,30.35],[80.76,30.38],[80.73,30.4],[80.7,30.42],[80.66,30.45],[80.65,30.45],[80.59,30.48],[80.57,30.49],[80.56,30.47],[80.53,30.46],[80.5,30.47],[80.49,30.49],[80.46,30.49],[80.42,30.51],[80.4,30.53],[80.37,30.53],[80.32,30.55],[80.31,30.57],[80.28,30.57],[80.24,30.57],[80.21,30.58],[80.21,30.62],[80.2,30.63],[80.21,30.65],[80.18,30.67],[80.18,30.68],[80.22,30.7],[80.24,30.74],[80.22,30.77],[80.21,30.76],[80.19,30.76],[80.18,30.79],[80.16,30.81],[80.14,30.81],[80.14,30.8],[80.1,30.78],[80.07,30.8],[80.07,30.82],[80.04,30.84],[80.02,30.84],[79.99,30.87],[79.94,30.89],[79.92,30.89],[79.9,30.92],[79.88,30.93],[79.85,30.98],[79.83,30.98],[79.81,30.98],[79.76,30.99],[79.75,31.01],[79.72,30.99],[79.7,30.98],[79.65,30.99],[79.65,30.97],[79.62,30.97],[79.58,30.94],[79.53,30.97],[79.54,30.99],[79.51,31.02],[79.5,31.04],[79.41,31.04],[79.41,31.08],[79.39,31.08],[79.38,31.12],[79.33,31.13],[79.3,31.15],[79.28,31.18],[79.29,31.2],[79.26,31.25],[79.23,31.25],[79.23,31.27],[79.25,31.3],[79.22,31.32],[79.22,31.34],[79.2,31.35],[79.18,31.37],[79.16,31.4],[79.13,31.44],[79.08,31.46],[79.06,31.47],[79.04,31.46],[79.03,31.43],[79.01,31.4],[78.99,31.37],[78.98,31.36],[78.93,31.34],[78.92,31.33],[78.92,31.3],[78.92,31.27],[78.91,31.26],[78.91,31.23],[78.94,31.22],[78.95,31.19],[78.97,31.18],[78.98,31.15],[79,31.12],[78.97,31.12],[78.94,31.11],[78.9,31.12],[78.88,31.1],[78.86,31.11],[78.82,31.15],[78.8,31.18],[78.8,31.21],[78.75,31.19],[78.7,31.2],[78.68,31.2],[78.65,31.2],[78.64,31.22],[78.6,31.24],[78.57,31.23],[78.54,31.21],[78.47,31.2],[78.47,31.22],[78.44,31.24],[78.42,31.26],[78.4,31.25],[78.39,31.26],[78.37,31.29],[78.36,31.29],[78.32,31.29],[78.3,31.29],[78.29,31.27],[78.27,31.27],[78.23,31.24],[78.21,31.24],[78.18,31.22],[78.17,31.23],[78.15,31.23],[78.13,31.22],[78.12,31.21],[78.09,31.19],[78.05,31.19],[78.03,31.19],[78.01,31.16],[77.99,31.17],[77.97,31.17],[77.95,31.18],[77.91,31.16],[77.9,31.16],[77.88,31.14],[77.88,31.12],[77.85,31.11],[77.84,31.08],[77.82,31.07],[77.81,31.05],[77.82,31.01],[77.81,30.99],[77.8,30.97],[77.75,30.98],[77.74,30.96],[77.73,30.95],[77.75,30.92],[77.79,30.93],[77.8,30.91],[77.79,30.9],[77.78,30.87],[77.77,30.87],[77.74,30.88],[77.73,30.85],[77.74,30.84],[77.72,30.81],[77.7,30.78],[77.69,30.77],[77.69,30.75],[77.71,30.75],[77.74,30.71],[77.73,30.69],[77.77,30.67],[77.77,30.64],[77.76,30.62],[77.76,30.6],[77.73,30.61],[77.75,30.57],[77.78,30.56],[77.81,30.56],[77.81,30.54],[77.8,30.51],[77.77,30.5],[77.72,30.48],[77.71,30.48],[77.66,30.45],[77.64,30.45],[77.63,30.44],[77.6,30.44],[77.58,30.43],[77.56,30.42],[77.56,30.4],[77.61,30.41],[77.64,30.41],[77.66,30.38],[77.67,30.38],[77.7,30.35],[77.71,30.34],[77.75,30.32],[77.81,30.29],[77.87,30.27],[77.92,30.26],[77.93,30.24],[77.9,30.22],[77.9,30.19],[77.87,30.16],[77.86,30.13],[77.82,30.09],[77.81,30.09],[77.79,30.1],[77.76,30.05],[77.77,30.03],[77.75,30.02],[77.74,29.99],[77.74,29.96],[77.72,29.93],[77.73,29.91],[77.72,29.9],[77.7,29.87],[77.73,29.85],[77.74,29.81],[77.76,29.79],[77.76,29.74],[77.77,29.73],[77.76,29.72],[77.8,29.7],[77.79,29.68],[77.82,29.67],[77.83,29.67],[77.87,29.7],[77.9,29.7],[77.92,29.71],[77.94,29.71],[77.95,29.69],[77.96,29.67],[77.98,29.64],[77.98,29.61],[77.95,29.6],[77.95,29.59],[77.98,29.58],[77.98,29.55],[78,29.56],[78.03,29.55],[78.04,29.57],[78.04,29.59],[78.06,29.6],[78.08,29.6],[78.09,29.62],[78.11,29.63],[78.13,29.66],[78.14,29.68],[78.17,29.68],[78.19,29.71],[78.22,29.72],[78.23,29.7],[78.3,29.76],[78.33,29.8],[78.39,29.77],[78.41,29.77],[78.42,29.76],[78.49,29.74],[78.51,29.69],[78.51,29.65],[78.53,29.62],[78.58,29.58],[78.62,29.55],[78.64,29.55],[78.69,29.51],[78.73,29.51],[78.77,29.48],[78.87,29.46],[78.9,29.46],[78.9,29.42],[78.89,29.41],[78.86,29.39],[78.81,29.37],[78.78,29.34],[78.76,29.35],[78.73,29.33],[78.73,29.31],[78.76,29.29],[78.8,29.26],[78.81,29.25],[78.83,29.26],[78.86,29.25],[78.9,29.2],[78.9,29.16],[78.94,29.15],[78.97,29.17],[79,29.12],[79.02,29.12],[79.01,29.15],[79.05,29.15],[79.07,29.15],[79.1,29.13],[79.12,29.13],[79.14,29.12],[79.14,29.1],[79.13,29.08],[79.14,29.06],[79.17,29.05],[79.15,29.03],[79.17,29.02],[79.2,29.03],[79.24,29.01],[79.28,28.96],[79.35,28.95],[79.36,28.97],[79.38,28.94],[79.4,28.93],[79.4,28.9],[79.4,28.89],[79.41,28.86],[79.43,28.86],[79.46,28.86],[79.48,28.87],[79.51,28.86],[79.53,28.89],[79.55,28.88],[79.55,28.85],[79.58,28.85],[79.59,28.87],[79.62,28.87],[79.65,28.85],[79.67,28.85],[79.69,28.87],[79.71,28.88],[79.74,28.88],[79.75,28.89],[79.77,28.89],[79.8,28.87],[79.79,28.85],[79.8,28.83],[79.79,28.8],[79.82,28.81],[79.81,28.83],[79.82,28.84],[79.85,28.85],[79.88,28.83],[79.87,28.82],[79.85,28.82],[79.84,28.81],[79.89,28.79],[79.91,28.76],[79.93,28.73],[79.95,28.72],[79.99,28.72],[80.01,28.74],[80.04,28.78],[80.03,28.8],[80.06,28.84],[80.07,28.83]]]},"properties":{"ID_0":105,"ISO":"IND","NAME_0":"India","ID_1":34,"NAME_1":"Uttaranchal","NL_NAME_1":"","VARNAME_1":"Uttarakhand","TYPE_1":"State","ENGTYPE_1":"State","filename":"","filename_1":"","filename_2":"","filename_3":"","filename_4":""}},
{"type":"Feature","geometry":{"type":"MultiPolygon","coordinates":[[[[88.5,21.6],[88.49,21.59],[88.48,21.56],[88.51,21.54],[88.53,21.54],[88.53,21.58],[88.5,21.6]]],[[[88.18,21.6],[88.17,21.6],[88.17,21.57],[88.19,21.58],[88.18,21.6]]],[[[88.83,21.61],[88.83,21.58],[88.84,21.56],[88.85,21.55],[88.9,21.55],[88.89,21.58],[88.88,21.59],[88.83,21.61]]],[[[88.73,21.64],[88.71,21.62],[88.71,21.59],[88.71,21.58],[88.74,21.57],[88.75,21.59],[88.76,21.6],[88.75,21.6],[88.74,21.61],[88.73,21.64]]],[[[88.54,21.64],[88.52,21.63],[88.51,21.6],[88.54,21.59],[88.55,21.56],[88.58,21.57],[88.59,21.59],[88.58,21.61],[88.56,21.63],[88.54,21.64]]],[[[88.77,21.65],[88.74,21.64],[88.73,21.63],[88.74,21.61],[88.75,21.6],[88.76,21.6],[88.75,21.59],[88.76,21.58],[88.79,21.58],[88.8,21.59],[88.77,21.62],[88.77,21.65]]],[[[88.97,21.64],[88.95,21.68],[88.94,21.65],[88.96,21.62],[88.99,21.61],[89,21.63],[88.99,21.64],[88.97,21.64]]],[[[88.58,21.69],[88.57,21.67],[88.55,21.65],[88.56,21.64],[88.59,21.62],[88.6,21.64],[88.59,21.66],[88.58,21.69]]],[[[88.59,21.69],[88.58,21.68],[88.59,21.66],[88.61,21.68],[88.59,21.69]]],[[[88.98,21.71],[88.97,21.7],[88.95,21.7],[88.96,21.66],[88.96,21.64],[88.99,21.65],[88.99,21.64],[89,21.6],[89.03,21.6],[89.04,21.62],[89.02,21.63],[89.02,21.65],[88.99,21.65],[88.99,21.66],[88.99,21.67],[88.99,21.7],[88.98,21.71]]],[[[88.81,21.71],[88.76,21.69],[88.76,21.68],[88.73,21.68],[88.75,21.67],[88.76,21.66],[88.78,21.66],[88.8,21.66],[88.81,21.66],[88.81,21.71]]],[[[88.31,21.71],[88.32,21.67],[88.31,21.63],[88.31,21.61],[88.34,21.62],[88.35,21.65],[88.35,21.66],[88.35,21.68],[88.33,21.71],[88.31,21.71]]],[[[88.45,21.71],[88.44,21.71],[88.42,21.69],[88.42,21.65],[88.45,21.62],[88.47,21.67],[88.45,21.71]]],[[[88.7,21.71],[88.69,21.68],[88.73,21.64],[88.74,21.65],[88.7,21.69],[88.7,21.71]]],[[[88.2,21.72],[88.19,21.71],[88.18,21.69],[88.19,21.63],[88.21,21.61],[88.23,21.64],[88.22,21.67],[88.2,21.68],[88.2,21.69],[88.22,21.7],[88.2,21.72]]],[[[89.06,21.72],[89.04,21.72],[89.02,21.71],[89.03,21.69],[89.03,21.64],[89.05,21.62],[89.07,21.62],[89.09,21.64],[89.09,21.67],[89.07,21.69],[89.06,21.72]]],[[[88.98,21.73],[88.99,21.71],[89,21.67],[88.99,21.65],[89.01,21.65],[89.02,21.66],[89.02,21.69],[89.02,21.7],[88.99,21.72],[88.98,21.73]]],[[[88.55,21.74],[88.54,21.73],[88.53,21.72],[88.52,21.71],[88.53,21.67],[88.53,21.66],[88.54,21.64],[88.57,21.67],[88.57,21.69],[88.59,21.7],[88.59,21.71],[88.57,21.73],[88.56,21.73],[88.55,21.74]]],[[[88.88,21.75],[88.87,21.72],[88.87,21.69],[88.88,21.68],[88.89,21.66],[88.92,21.63],[88.94,21.69],[88.92,21.71],[88.91,21.73],[88.88,21.75]]],[[[88.41,21.73],[88.4,21.7],[88.38,21.68],[88.39,21.65],[88.39,21.61],[88.4,21.6],[88.41,21.62],[88.43,21.63],[88.41,21.66],[88.41,21.69],[88.43,21.7],[88.41,21.73]]],[[[88.22,21.76],[88.21,21.75],[88.21,21.72],[88.22,21.7],[88.2,21.69],[88.2,21.68],[88.21,21.67],[88.23,21.68],[88.23,21.67],[88.23,21.64],[88.22,21.62],[88.25,21.59],[88.24,21.58],[88.25,21.56],[88.27,21.56],[88.29,21.56],[88.31,21.58],[88.29,21.6],[88.29,21.64],[88.31,21.67],[88.28,21.71],[88.27,21.73],[88.26,21.73],[88.27,21.75],[88.22,21.76]]],[[[88.93,21.76],[88.93,21.74],[88.92,21.72],[88.95,21.7],[88.97,21.7],[88.98,21.71],[88.97,21.72],[88.97,21.74],[88.97,21.75],[88.95,21.76],[88.93,21.76]]],[[[88.37,21.76],[88.35,21.76],[88.34,21.75],[88.35,21.73],[88.34,21.71],[88.36,21.69],[88.39,21.7],[88.4,21.71],[88.37,21.72],[88.36,21.73],[88.36,21.75],[88.37,21.76]]],[[[89.01,21.76],[89,21.75],[89.02,21.73],[89.02,21.72],[89.06,21.73],[89.03,21.76],[89.01,21.76]]],[[[88.83,21.77],[88.81,21.75],[88.79,21.75],[88.78,21.73],[88.78,21.71],[88.8,21.72],[88.82,21.71],[88.82,21.67],[88.81,21.64],[88.82,21.63],[88.84,21.62],[88.86,21.64],[88.84,21.69],[88.84,21.72],[88.86,21.76],[88.83,21.77]]],[[[88.38,21.76],[88.37,21.76],[88.36,21.75],[88.36,21.73],[88.39,21.74],[88.38,21.76]]],[[[88.58,21.78],[88.57,21.77],[88.58,21.74],[88.58,21.73],[88.59,21.72],[88.62,21.73],[88.62,21.74],[88.59,21.75],[88.58,21.76],[88.58,21.78]]],[[[88.3,21.72],[88.31,21.73],[88.3,21.77],[88.29,21.75],[88.28,21.73],[88.29,21.71],[88.3,21.72]]],[[[89,21.79],[88.99,21.79],[88.98,21.77],[88.97,21.77],[88.96,21.75],[88.97,21.75],[88.97,21.74],[88.98,21.75],[88.99,21.74],[88.98,21.73],[88.99,21.72],[89,21.72],[89.01,21.73],[89,21.75],[89,21.79]]],[[[88.61,21.79],[88.59,21.79],[88.59,21.78],[88.59,21.76],[88.62,21.74],[88.63,21.74],[88.62,21.77],[88.61,21.79]]],[[[88.46,21.79],[88.45,21.8],[88.42,21.77],[88.42,21.74],[88.43,21.7],[88.44,21.71],[88.46,21.71],[88.47,21.74],[88.47,21.79],[88.46,21.79]]],[[[88.72,21.81],[88.71,21.79],[88.7,21.74],[88.71,21.69],[88.75,21.66],[88.75,21.67],[88.73,21.68],[88.73,21.69],[88.75,21.68],[88.76,21.69],[88.76,21.71],[88.78,21.72],[88.75,21.73],[88.76,21.76],[88.75,21.77],[88.73,21.78],[88.72,21.81]]],[[[88.54,21.81],[88.53,21.8],[88.5,21.77],[88.5,21.75],[88.52,21.72],[88.53,21.73],[88.54,21.74],[88.55,21.74],[88.56,21.73],[88.57,21.74],[88.56,21.76],[88.57,21.79],[88.54,21.81]]],[[[88.42,21.81],[88.41,21.8],[88.4,21.79],[88.38,21.78],[88.4,21.75],[88.4,21.74],[88.42,21.72],[88.42,21.77],[88.44,21.79],[88.44,21.8],[88.43,21.8],[88.43,21.81],[88.42,21.81]]],[[[89,21.81],[88.99,21.79],[89.01,21.78],[89.02,21.81],[89,21.81]]],[[[88.75,21.8],[88.74,21.8],[88.73,21.8],[88.73,21.79],[88.73,21.78],[88.74,21.78],[88.75,21.77],[88.75,21.8]]],[[[88.83,21.8],[88.82,21.82],[88.79,21.77],[88.79,21.75],[88.81,21.75],[88.83,21.77],[88.82,21.78],[88.83,21.8]]],[[[88.79,21.75],[88.78,21.77],[88.79,21.81],[88.78,21.82],[88.76,21.78],[88.75,21.77],[88.76,21.76],[88.76,21.73],[88.78,21.73],[88.79,21.75]]],[[[88.92,21.83],[88.9,21.82],[88.89,21.81],[88.88,21.8],[88.9,21.78],[88.89,21.76],[88.91,21.75],[88.92,21.79],[88.93,21.8],[88.94,21.82],[88.93,21.82],[88.92,21.82],[88.92,21.83]]],[[[88.48,21.83],[88.46,21.82],[88.46,21.8],[88.49,21.8],[88.5,21.81],[88.48,21.83]]],[[[88.94,21.85],[88.93,21.85],[88.93,21.84],[88.92,21.84],[88.93,21.82],[88.94,21.82],[88.93,21.81],[88.93,21.8],[88.92,21.79],[88.92,21.78],[88.95,21.76],[88.94,21.79],[88.95,21.81],[88.97,21.81],[88.97,21.82],[88.95,21.83],[88.95,21.84],[88.94,21.85]]],[[[88.59,21.85],[88.58,21.84],[88.58,21.82],[88.58,21.8],[88.61,21.8],[88.61,21.81],[88.62,21.83],[88.59,21.85]]],[[[88.33,21.86],[88.32,21.86],[88.31,21.85],[88.32,21.84],[88.31,21.83],[88.27,21.81],[88.26,21.81],[88.26,21.79],[88.28,21.79],[88.3,21.76],[88.31,21.73],[88.31,21.72],[88.33,21.71],[88.35,21.72],[88.34,21.75],[88.34,21.76],[88.36,21.77],[88.38,21.77],[88.38,21.79],[88.36,21.8],[88.35,21.82],[88.35,21.85],[88.33,21.86]]],[[[88.86,21.87],[88.84,21.85],[88.84,21.82],[88.83,21.78],[88.86,21.78],[88.88,21.77],[88.88,21.75],[88.91,21.73],[88.92,21.74],[88.9,21.75],[88.89,21.75],[88.89,21.76],[88.9,21.78],[88.88,21.81],[88.88,21.83],[88.88,21.85],[88.86,21.85],[88.86,21.86],[88.86,21.87]]],[[[88.14,21.88],[88.12,21.87],[88.07,21.78],[88.06,21.73],[88.04,21.72],[88.04,21.67],[88.04,21.65],[88.06,21.64],[88.12,21.63],[88.13,21.63],[88.15,21.65],[88.15,21.69],[88.17,21.75],[88.17,21.77],[88.16,21.8],[88.17,21.82],[88.16,21.83],[88.14,21.88]]],[[[88.79,21.88],[88.78,21.87],[88.77,21.83],[88.79,21.83],[88.79,21.81],[88.82,21.83],[88.83,21.86],[88.8,21.87],[88.79,21.86],[88.79,21.87],[88.79,21.88]]],[[[88.98,21.89],[88.98,21.87],[88.95,21.84],[88.96,21.83],[88.97,21.83],[88.98,21.82],[88.98,21.8],[88.95,21.8],[88.94,21.78],[88.96,21.78],[88.97,21.78],[88.99,21.79],[88.99,21.81],[89.02,21.82],[89.03,21.83],[89.03,21.86],[89.01,21.88],[88.98,21.89]]],[[[88.62,21.9],[88.6,21.88],[88.59,21.86],[88.61,21.85],[88.62,21.82],[88.61,21.82],[88.62,21.79],[88.64,21.78],[88.65,21.83],[88.65,21.87],[88.63,21.87],[88.63,21.88],[88.63,21.89],[88.62,21.9]]],[[[88.82,21.9],[88.81,21.87],[88.83,21.87],[88.84,21.89],[88.82,21.9]]],[[[88.56,21.9],[88.55,21.9],[88.55,21.88],[88.54,21.87],[88.53,21.85],[88.54,21.83],[88.56,21.83],[88.57,21.86],[88.58,21.89],[88.56,21.9]]],[[[88.45,21.9],[88.44,21.9],[88.42,21.9],[88.42,21.89],[88.4,21.87],[88.39,21.83],[88.4,21.8],[88.42,21.81],[88.43,21.81],[88.43,21.8],[88.44,21.8],[88.45,21.82],[88.49,21.85],[88.48,21.89],[88.46,21.89],[88.45,21.9]]],[[[88.72,21.91],[88.7,21.86],[88.7,21.84],[88.71,21.81],[88.72,21.81],[88.73,21.79],[88.74,21.8],[88.75,21.82],[88.75,21.8],[88.76,21.79],[88.78,21.82],[88.77,21.83],[88.76,21.83],[88.78,21.87],[88.76,21.88],[88.75,21.89],[88.75,21.9],[88.73,21.9],[88.72,21.91]]],[[[88.5,21.91],[88.49,21.91],[88.48,21.9],[88.49,21.89],[88.5,21.91]]],[[[88.64,21.92],[88.62,21.9],[88.63,21.89],[88.63,21.88],[88.64,21.87],[88.65,21.88],[88.67,21.91],[88.64,21.92]]],[[[88.13,21.93],[88.12,21.91],[88.13,21.9],[88.14,21.92],[88.13,21.93]]],[[[88.84,21.92],[88.85,21.9],[88.86,21.86],[88.87,21.86],[88.88,21.85],[88.88,21.83],[88.88,21.82],[88.89,21.81],[88.9,21.82],[88.91,21.83],[88.92,21.84],[88.93,21.84],[88.93,21.85],[88.94,21.85],[88.95,21.84],[88.96,21.86],[88.98,21.87],[88.97,21.89],[88.97,21.9],[88.95,21.91],[88.91,21.93],[88.89,21.91],[88.86,21.91],[88.84,21.92]]],[[[88.72,21.93],[88.72,21.92],[88.73,21.9],[88.74,21.9],[88.75,21.9],[88.75,21.89],[88.76,21.88],[88.77,21.88],[88.78,21.87],[88.79,21.88],[88.79,21.87],[88.8,21.88],[88.81,21.9],[88.8,21.92],[88.79,21.92],[88.78,21.92],[88.75,21.93],[88.73,21.92],[88.72,21.93]]],[[[88.75,21.98],[88.73,21.98],[88.72,21.94],[88.73,21.93],[88.76,21.93],[88.79,21.92],[88.8,21.93],[88.8,21.94],[88.79,21.94],[88.78,21.95],[88.78,21.94],[88.75,21.96],[88.75,21.98]]],[[[88.66,22.02],[88.63,22],[88.63,21.97],[88.63,21.95],[88.66,21.95],[88.68,21.94],[88.69,21.96],[88.69,21.97],[88.72,22],[88.67,22.02],[88.66,22.02]]],[[[88.14,22.03],[88.09,22.01],[88.07,21.99],[88.06,21.96],[88.05,21.92],[88.06,21.91],[88.09,21.93],[88.09,21.95],[88.12,21.99],[88.14,22.03]]],[[[88.81,22.02],[88.8,22.03],[88.78,22.02],[88.76,22.01],[88.76,22],[88.75,21.98],[88.75,21.96],[88.78,21.94],[88.78,21.95],[88.79,21.96],[88.79,21.95],[88.79,21.94],[88.81,21.94],[88.82,21.94],[88.86,21.92],[88.9,21.92],[88.91,21.93],[88.91,21.97],[88.9,22.01],[88.88,22.01],[88.87,22.02],[88.85,22.02],[88.81,22.02]]],[[[88.76,22.05],[88.75,22.05],[88.76,22.02],[88.78,22.02],[88.78,22.05],[88.76,22.05]]],[[[88.9,22.05],[88.85,22.04],[88.88,22.01],[88.9,22.02],[88.9,22.05]]],[[[89.02,22.05],[89,22.06],[88.99,22.05],[88.97,22.02],[88.98,22.01],[88.97,21.99],[89.02,21.98],[89,21.95],[89.03,21.93],[89.06,21.93],[89.08,21.99],[89.07,22.01],[89.04,22.05],[89.02,22.05]]],[[[88.81,22.06],[88.79,22.05],[88.78,22.04],[88.8,22.03],[88.81,22.03],[88.83,22.03],[88.83,22.05],[88.81,22.06]]],[[[88.87,22.08],[88.85,22.08],[88.84,22.07],[88.83,22.07],[88.82,22.06],[88.83,22.05],[88.84,22.03],[88.86,22.03],[88.85,22.04],[88.86,22.05],[88.88,22.05],[88.87,22.06],[88.87,22.08]]],[[[88.9,22.08],[88.87,22.09],[88.87,22.06],[88.89,22.06],[88.9,22.08]]],[[[88.8,22.09],[88.8,22.11],[88.78,22.1],[88.77,22.09],[88.76,22.08],[88.75,22.06],[88.78,22.05],[88.81,22.07],[88.8,22.09]]],[[[88.82,22.12],[88.8,22.11],[88.81,22.09],[88.83,22.09],[88.84,22.07],[88.85,22.08],[88.87,22.08],[88.85,22.1],[88.85,22.12],[88.82,22.12]]],[[[88.87,22.17],[88.85,22.12],[88.85,22.1],[88.87,22.09],[88.92,22.09],[88.92,22.11],[88.91,22.13],[88.89,22.16],[88.87,22.17]]],[[[88.95,22.19],[88.92,22.16],[88.9,22.17],[88.91,22.13],[88.93,22.11],[88.93,22.1],[88.91,22.08],[88.9,22.06],[88.92,22.01],[88.91,21.99],[88.93,21.94],[88.94,21.93],[88.99,21.91],[89.02,21.9],[89.02,21.92],[88.99,21.94],[88.99,21.97],[88.97,21.99],[88.98,22],[88.97,22.02],[88.98,22.04],[88.96,22.06],[88.94,22.06],[88.94,22.03],[88.95,22],[88.93,22],[88.92,22.02],[88.92,22.06],[88.94,22.07],[88.96,22.07],[88.97,22.08],[88.98,22.12],[88.98,22.15],[88.95,22.19]]],[[[89,22.2],[88.97,22.19],[88.98,22.17],[89,22.14],[88.99,22.12],[88.98,22.08],[88.96,22.06],[89,22.06],[89.02,22.05],[89.04,22.06],[89.03,22.09],[89.05,22.13],[89.02,22.15],[89.01,22.16],[89.01,22.2],[89,22.2]]],[[[88.7,22.21],[88.68,22.18],[88.65,22.16],[88.65,22.15],[88.63,22.11],[88.65,22.08],[88.66,22.05],[88.66,22.02],[88.7,22.01],[88.72,22.01],[88.74,22.02],[88.73,22.04],[88.69,22.06],[88.68,22.08],[88.69,22.09],[88.72,22.11],[88.74,22.13],[88.77,22.15],[88.79,22.17],[88.77,22.18],[88.76,22.19],[88.73,22.19],[88.7,22.21]]],[[[88.84,22.19],[88.83,22.16],[88.81,22.18],[88.77,22.14],[88.75,22.14],[88.74,22.11],[88.7,22.08],[88.7,22.07],[88.74,22.06],[88.75,22.08],[88.77,22.09],[88.77,22.11],[88.79,22.11],[88.8,22.12],[88.85,22.14],[88.85,22.17],[88.87,22.17],[88.86,22.2],[88.86,22.21],[88.85,22.2],[88.85,22.19],[88.84,22.19]]],[[[88.93,22.23],[88.92,22.23],[88.91,22.19],[88.93,22.18],[88.94,22.19],[88.96,22.19],[88.95,22.22],[88.93,22.23]]],[[[88.81,22.28],[88.79,22.28],[88.79,22.26],[88.77,22.25],[88.75,22.23],[88.75,22.2],[88.77,22.19],[88.79,22.18],[88.82,22.18],[88.83,22.2],[88.81,22.21],[88.8,22.23],[88.83,22.24],[88.83,22.26],[88.81,22.28]]],[[[88.85,22.36],[88.83,22.36],[88.82,22.36],[88.81,22.33],[88.81,22.31],[88.81,22.3],[88.83,22.27],[88.83,22.24],[88.81,22.22],[88.81,22.21],[88.83,22.21],[88.85,22.2],[88.86,22.21],[88.87,22.2],[88.87,22.17],[88.89,22.18],[88.92,22.17],[88.91,22.19],[88.92,22.23],[88.93,22.23],[88.95,22.23],[88.95,22.24],[88.93,22.26],[88.94,22.3],[88.91,22.31],[88.89,22.34],[88.87,22.36],[88.85,22.36]]],[[[88.98,22.38],[88.97,22.39],[88.96,22.37],[88.95,22.36],[88.95,22.3],[88.95,22.28],[88.95,22.26],[88.96,22.24],[88.97,22.22],[88.99,22.21],[89.02,22.21],[89.03,22.19],[89.02,22.17],[89.05,22.15],[89.06,22.13],[89.08,22.14],[89.06,22.17],[89.07,22.19],[89.06,22.2],[89.04,22.22],[89.03,22.25],[89,22.28],[89,22.3],[89.02,22.3],[89,22.32],[88.98,22.32],[88.99,22.36],[88.98,22.38]]],[[[88.86,22.4],[88.86,22.37],[88.89,22.35],[88.9,22.36],[88.88,22.37],[88.86,22.4]]],[[[88.78,22.5],[88.8,22.46],[88.81,22.48],[88.8,22.49],[88.79,22.5],[88.78,22.5]]],[[[88.9,22.55],[88.89,22.55],[88.87,22.53],[88.86,22.5],[88.86,22.45],[88.85,22.44],[88.86,22.41],[88.88,22.4],[88.88,22.39],[88.88,22.38],[88.92,22.4],[88.9,22.41],[88.91,22.43],[88.9,22.44],[88.9,22.46],[88.89,22.47],[88.9,22.47],[88.89,22.49],[88.9,22.5],[88.91,22.52],[88.9,22.55]]],[[[88.92,22.57],[88.9,22.56],[88.9,22.53],[88.91,22.51],[88.91,22.49],[88.9,22.48],[88.89,22.47],[88.9,22.46],[88.9,22.45],[88.92,22.43],[88.91,22.42],[88.93,22.41],[88.92,22.39],[88.9,22.38],[88.91,22.34],[88.93,22.31],[88.94,22.31],[88.95,22.35],[88.96,22.37],[88.97,22.41],[89,22.43],[88.99,22.44],[89,22.47],[88.98,22.48],[88.97,22.53],[88.96,22.55],[88.92,22.57]]],[[[88.75,27.15],[88.73,27.14],[88.72,27.14],[88.71,27.17],[88.68,27.18],[88.66,27.16],[88.64,27.17],[88.62,27.19],[88.59,27.19],[88.54,27.18],[88.52,27.18],[88.52,27.15],[88.5,27.13],[88.47,27.11],[88.45,27.09],[88.43,27.08],[88.39,27.1],[88.36,27.1],[88.32,27.12],[88.3,27.13],[88.28,27.13],[88.23,27.12],[88.21,27.14],[88.18,27.13],[88.16,27.11],[88.14,27.12],[88.09,27.14],[88.08,27.17],[88.07,27.19],[88.08,27.2],[88.06,27.21],[88.03,27.22],[88.02,27.22],[88.02,27.2],[88.01,27.14],[87.99,27.13],[87.99,27.11],[88.01,27.1],[88.02,27.08],[88.04,27.04],[88.09,27.03],[88.09,27.01],[88.12,26.99],[88.12,26.95],[88.15,26.92],[88.14,26.9],[88.17,26.87],[88.17,26.84],[88.18,26.82],[88.18,26.8],[88.19,26.77],[88.18,26.72],[88.17,26.7],[88.17,26.65],[88.14,26.63],[88.14,26.61],[88.12,26.57],[88.11,26.56],[88.11,26.54],[88.13,26.51],[88.17,26.52],[88.17,26.54],[88.19,26.54],[88.21,26.54],[88.23,26.55],[88.23,26.53],[88.19,26.51],[88.18,26.49],[88.19,26.47],[88.22,26.47],[88.23,26.45],[88.24,26.45],[88.26,26.42],[88.23,26.39],[88.24,26.38],[88.27,26.38],[88.29,26.35],[88.27,26.33],[88.26,26.34],[88.24,26.32],[88.23,26.3],[88.22,26.29],[88.18,26.26],[88.14,26.25],[88.14,26.23],[88.12,26.23],[88.07,26.18],[88.05,26.17],[88.04,26.18],[88.03,26.16],[88,26.14],[87.98,26.16],[87.97,26.15],[87.97,26.11],[87.96,26.11],[87.96,26.08],[87.94,26.08],[87.92,26.07],[87.91,26.09],[87.86,26.06],[87.84,26.04],[87.84,26.02],[87.83,25.98],[87.83,25.96],[87.81,25.93],[87.82,25.91],[87.82,25.89],[87.82,25.87],[87.87,25.86],[87.88,25.86],[87.91,25.85],[87.89,25.83],[87.91,25.81],[87.9,25.8],[87.9,25.78],[87.94,25.76],[87.94,25.74],[87.98,25.72],[88.05,25.69],[88.04,25.67],[88.05,25.64],[88.04,25.64],[88.04,25.6],[88.02,25.58],[88.03,25.57],[88.03,25.55],[88.07,25.51],[88.06,25.49],[88.03,25.49],[88.02,25.5],[88,25.49],[87.99,25.5],[87.98,25.52],[87.96,25.54],[87.92,25.54],[87.9,25.52],[87.9,25.51],[87.87,25.5],[87.86,25.48],[87.86,25.47],[87.83,25.46],[87.83,25.45],[87.81,25.43],[87.79,25.45],[87.76,25.4],[87.77,25.38],[87.79,25.37],[87.78,25.34],[87.83,25.3],[87.85,25.3],[87.86,25.28],[87.85,25.25],[87.82,25.23],[87.83,25.21],[87.83,25.2],[87.79,25.22],[87.77,25.15],[87.77,25.1],[87.79,25.08],[87.83,25.06],[87.86,25.04],[87.9,25],[87.91,24.99],[87.96,24.94],[87.97,24.92],[87.97,24.9],[87.97,24.88],[87.91,24.86],[87.9,24.84],[87.87,24.77],[87.85,24.76],[87.82,24.77],[87.84,24.74],[87.9,24.72],[87.9,24.69],[87.89,24.68],[87.91,24.66],[87.9,24.61],[87.91,24.59],[87.89,24.58],[87.89,24.56],[87.87,24.56],[87.85,24.55],[87.82,24.56],[87.81,24.58],[87.8,24.56],[87.8,24.52],[87.8,24.49],[87.82,24.47],[87.79,24.43],[87.79,24.41],[87.8,24.4],[87.8,24.38],[87.76,24.33],[87.76,24.3],[87.73,24.29],[87.71,24.29],[87.71,24.27],[87.68,24.25],[87.65,24.25],[87.64,24.21],[87.67,24.21],[87.7,24.18],[87.69,24.15],[87.64,24.15],[87.63,24.16],[87.58,24.16],[87.59,24.15],[87.6,24.13],[87.58,24.12],[87.57,24.11],[87.57,24.09],[87.54,24.09],[87.52,24.1],[87.5,24.12],[87.49,24.09],[87.51,24.08],[87.49,24.05],[87.51,24.05],[87.5,24.02],[87.47,24.01],[87.45,24.02],[87.44,24],[87.46,23.99],[87.44,23.98],[87.39,24],[87.36,24.01],[87.34,23.99],[87.32,24],[87.33,24.03],[87.27,24.03],[87.24,24.04],[87.23,24.02],[87.25,24],[87.27,23.98],[87.26,23.97],[87.29,23.96],[87.29,23.93],[87.29,23.89],[87.26,23.87],[87.26,23.9],[87.24,23.9],[87.25,23.86],[87.26,23.84],[87.25,23.83],[87.22,23.83],[87.22,23.86],[87.19,23.84],[87.19,23.86],[87.14,23.87],[87.13,23.85],[87.15,23.83],[87.17,23.82],[87.15,23.79],[87.11,23.8],[87.06,23.82],[87.03,23.84],[87,23.85],[86.96,23.86],[86.94,23.84],[86.93,23.85],[86.92,23.87],[86.9,23.88],[86.88,23.86],[86.88,23.84],[86.86,23.84],[86.84,23.82],[86.82,23.81],[86.8,23.81],[86.8,23.8],[86.82,23.78],[86.82,23.74],[86.8,23.74],[86.79,23.7],[86.79,23.69],[86.74,23.68],[86.73,23.69],[86.71,23.7],[86.65,23.68],[86.59,23.66],[86.53,23.63],[86.48,23.64],[86.44,23.63],[86.41,23.59],[86.38,23.58],[86.38,23.57],[86.36,23.54],[86.37,23.52],[86.36,23.51],[86.35,23.46],[86.33,23.46],[86.3,23.44],[86.31,23.43],[86.3,23.42],[86.28,23.43],[86.28,23.44],[86.25,23.43],[86.22,23.44],[86.22,23.46],[86.2,23.46],[86.18,23.48],[86.14,23.48],[86.16,23.5],[86.14,23.53],[86.15,23.55],[86.14,23.57],[86.1,23.57],[86.07,23.57],[86.07,23.58],[86.04,23.58],[86.01,23.56],[86.01,23.55],[86.03,23.52],[86.04,23.49],[86.02,23.49],[85.94,23.46],[85.91,23.47],[85.87,23.48],[85.86,23.45],[85.86,23.41],[85.88,23.41],[85.88,23.39],[85.9,23.38],[85.87,23.36],[85.87,23.33],[85.86,23.3],[85.83,23.28],[85.83,23.26],[85.84,23.19],[85.86,23.19],[85.88,23.17],[85.88,23.16],[85.9,23.15],[85.91,23.13],[85.94,23.13],[85.95,23.14],[85.98,23.15],[86.04,23.14],[86.05,23.13],[86.04,23.11],[86.09,23.09],[86.12,23.09],[86.14,23.08],[86.13,23.06],[86.16,23.04],[86.18,23.01],[86.2,23.02],[86.21,22.99],[86.26,23],[86.28,23.01],[86.33,22.99],[86.36,23],[86.38,22.99],[86.39,22.97],[86.42,22.99],[86.46,22.99],[86.5,22.99],[86.51,22.97],[86.53,22.98],[86.54,22.96],[86.52,22.94],[86.5,22.95],[86.49,22.94],[86.47,22.95],[86.46,22.93],[86.44,22.93],[86.43,22.92],[86.46,22.9],[86.45,22.88],[86.45,22.86],[86.43,22.86],[86.43,22.83],[86.42,22.81],[86.42,22.78],[86.45,22.76],[86.48,22.72],[86.55,22.71],[86.58,22.69],[86.62,22.67],[86.64,22.66],[86.63,22.6],[86.65,22.59],[86.65,22.58],[86.67,22.57],[86.71,22.58],[86.76,22.57],[86.76,22.55],[86.78,22.54],[86.79,22.52],[86.79,22.47],[86.75,22.48],[86.75,22.47],[86.76,22.42],[86.81,22.42],[86.84,22.4],[86.84,22.37],[86.83,22.34],[86.83,22.32],[86.87,22.3],[86.89,22.28],[86.89,22.25],[86.85,22.26],[86.82,22.26],[86.8,22.25],[86.81,22.24],[86.79,22.22],[86.75,22.21],[86.72,22.22],[86.71,22.18],[86.72,22.14],[86.75,22.14],[86.79,22.15],[86.8,22.15],[86.81,22.11],[86.82,22.11],[86.83,22.1],[86.85,22.1],[86.91,22.09],[86.96,22.08],[87,22.05],[87.02,22.04],[87.03,22.03],[87.02,22.01],[87.03,21.99],[87.01,21.94],[87,21.91],[87.02,21.89],[87.03,21.87],[87.05,21.86],[87.09,21.86],[87.09,21.91],[87.12,21.92],[87.14,21.92],[87.16,21.93],[87.16,21.96],[87.17,21.97],[87.2,21.95],[87.23,21.95],[87.24,21.93],[87.25,21.92],[87.23,21.9],[87.25,21.87],[87.24,21.86],[87.26,21.84],[87.28,21.8],[87.32,21.79],[87.35,21.79],[87.37,21.77],[87.4,21.76],[87.42,21.77],[87.44,21.76],[87.44,21.73],[87.45,21.73],[87.47,21.71],[87.47,21.65],[87.48,21.63],[87.48,21.61],[87.56,21.63],[87.68,21.65],[87.73,21.67],[87.75,21.69],[87.75,21.7],[87.79,21.7],[87.81,21.71],[87.83,21.73],[87.89,21.78],[87.93,21.8],[87.94,21.82],[87.98,21.86],[88,21.9],[88.04,21.98],[88.05,22.01],[88.02,22.04],[88.01,22.07],[88.03,22.07],[88.03,22.05],[88.06,22.01],[88.08,22.02],[88.17,22.07],[88.19,22.11],[88.15,22.17],[88.14,22.18],[88.11,22.19],[88.07,22.19],[88.05,22.21],[88.03,22.21],[88.02,22.2],[87.99,22.21],[87.98,22.22],[87.97,22.24],[87.94,22.26],[87.93,22.31],[87.94,22.33],[87.94,22.36],[87.93,22.4],[87.95,22.4],[87.96,22.35],[87.96,22.28],[87.98,22.25],[88.03,22.22],[88.05,22.22],[88.08,22.25],[88.08,22.28],[88.09,22.3],[88.1,22.3],[88.09,22.26],[88.08,22.23],[88.07,22.21],[88.12,22.21],[88.16,22.2],[88.19,22.19],[88.21,22.15],[88.21,22.13],[88.22,22.09],[88.21,22.03],[88.2,22],[88.15,21.96],[88.17,21.93],[88.18,21.92],[88.16,21.88],[88.18,21.85],[88.2,21.82],[88.22,21.78],[88.22,21.76],[88.28,21.76],[88.28,21.77],[88.26,21.8],[88.26,21.81],[88.27,21.82],[88.31,21.83],[88.31,21.86],[88.32,21.86],[88.33,21.86],[88.35,21.86],[88.36,21.82],[88.36,21.8],[88.38,21.79],[88.39,21.8],[88.39,21.84],[88.39,21.85],[88.4,21.89],[88.42,21.9],[88.42,21.91],[88.43,21.9],[88.44,21.91],[88.46,21.92],[88.46,21.9],[88.47,21.9],[88.48,21.91],[88.5,21.91],[88.52,21.91],[88.51,21.91],[88.5,21.89],[88.5,21.87],[88.53,21.85],[88.55,21.88],[88.55,21.91],[88.56,21.9],[88.57,21.9],[88.58,21.89],[88.6,21.91],[88.61,21.94],[88.6,21.97],[88.61,22.02],[88.64,22.04],[88.63,22.06],[88.62,22.11],[88.63,22.13],[88.64,22.14],[88.64,22.16],[88.66,22.18],[88.67,22.21],[88.7,22.21],[88.73,22.2],[88.75,22.22],[88.74,22.23],[88.77,22.25],[88.79,22.26],[88.79,22.28],[88.8,22.28],[88.8,22.3],[88.81,22.32],[88.8,22.33],[88.82,22.36],[88.83,22.36],[88.85,22.36],[88.86,22.41],[88.85,22.43],[88.82,22.43],[88.8,22.44],[88.79,22.48],[88.78,22.49],[88.78,22.5],[88.77,22.51],[88.75,22.52],[88.75,22.51],[88.73,22.51],[88.72,22.52],[88.71,22.53],[88.69,22.52],[88.7,22.53],[88.71,22.53],[88.72,22.52],[88.73,22.52],[88.73,22.51],[88.74,22.52],[88.75,22.52],[88.77,22.51],[88.78,22.5],[88.8,22.5],[88.81,22.48],[88.81,22.46],[88.83,22.44],[88.85,22.43],[88.85,22.46],[88.86,22.5],[88.86,22.51],[88.87,22.55],[88.88,22.54],[88.9,22.56],[88.94,22.57],[88.94,22.59],[88.96,22.61],[88.93,22.62],[88.93,22.64],[88.95,22.66],[88.96,22.69],[88.94,22.71],[88.92,22.73],[88.92,22.77],[88.94,22.79],[88.96,22.79],[88.97,22.84],[88.95,22.88],[88.93,22.87],[88.91,22.88],[88.9,22.9],[88.91,22.92],[88.9,22.93],[88.9,22.95],[88.86,22.96],[88.87,22.97],[88.87,23.02],[88.88,23.03],[88.87,23.06],[88.87,23.07],[88.87,23.1],[88.9,23.11],[88.91,23.12],[88.93,23.14],[88.94,23.17],[88.96,23.18],[88.96,23.19],[88.98,23.19],[88.99,23.22],[88.98,23.22],[88.95,23.2],[88.93,23.21],[88.91,23.23],[88.85,23.22],[88.83,23.24],[88.81,23.25],[88.81,23.22],[88.79,23.22],[88.77,23.24],[88.75,23.24],[88.72,23.25],[88.72,23.27],[88.7,23.29],[88.75,23.32],[88.74,23.33],[88.74,23.35],[88.76,23.37],[88.75,23.39],[88.76,23.44],[88.79,23.44],[88.79,23.46],[88.8,23.48],[88.8,23.5],[88.78,23.5],[88.74,23.48],[88.72,23.51],[88.7,23.52],[88.68,23.54],[88.66,23.55],[88.64,23.61],[88.59,23.6],[88.59,23.63],[88.56,23.65],[88.57,23.67],[88.56,23.71],[88.57,23.74],[88.58,23.77],[88.56,23.78],[88.58,23.79],[88.6,23.82],[88.58,23.86],[88.62,23.87],[88.63,23.86],[88.66,23.87],[88.67,23.88],[88.7,23.9],[88.7,23.91],[88.73,23.91],[88.74,23.93],[88.73,23.96],[88.74,23.98],[88.77,23.99],[88.76,24.01],[88.74,24.01],[88.74,24.06],[88.72,24.07],[88.73,24.1],[88.7,24.1],[88.7,24.12],[88.71,24.12],[88.7,24.17],[88.72,24.2],[88.73,24.2],[88.74,24.27],[88.72,24.3],[88.7,24.31],[88.67,24.32],[88.63,24.31],[88.59,24.32],[88.57,24.33],[88.56,24.3],[88.53,24.34],[88.51,24.34],[88.44,24.38],[88.42,24.38],[88.39,24.37],[88.35,24.38],[88.33,24.39],[88.26,24.44],[88.21,24.46],[88.18,24.49],[88.15,24.51],[88.11,24.55],[88.07,24.6],[88.05,24.64],[88.01,24.66],[88.01,24.67],[88.06,24.72],[88.07,24.74],[88.07,24.75],[88.09,24.78],[88.11,24.78],[88.11,24.81],[88.17,24.86],[88.15,24.88],[88.16,24.9],[88.14,24.92],[88.14,24.93],[88.16,24.93],[88.18,24.95],[88.23,24.96],[88.26,24.92],[88.27,24.89],[88.32,24.88],[88.33,24.87],[88.34,24.88],[88.33,24.91],[88.34,24.94],[88.36,24.95],[88.38,24.94],[88.4,24.95],[88.4,24.97],[88.42,25.01],[88.44,25.01],[88.45,25.04],[88.44,25.05],[88.45,25.08],[88.44,25.13],[88.46,25.14],[88.46,25.15],[88.45,25.18],[88.44,25.19],[88.46,25.2],[88.48,25.21],[88.55,25.2],[88.56,25.18],[88.58,25.18],[88.61,25.21],[88.64,25.21],[88.67,25.2],[88.68,25.21],[88.71,25.21],[88.75,25.19],[88.77,25.19],[88.78,25.18],[88.8,25.17],[88.85,25.21],[88.88,25.18],[88.9,25.18],[88.92,25.17],[88.94,25.2],[88.93,25.22],[88.96,25.22],[88.95,25.24],[88.96,25.26],[88.98,25.28],[89.01,25.28],[89.01,25.3],[88.99,25.3],[88.96,25.31],[88.92,25.31],[88.91,25.34],[88.89,25.32],[88.87,25.35],[88.84,25.36],[88.84,25.39],[88.83,25.4],[88.84,25.43],[88.83,25.44],[88.84,25.45],[88.83,25.49],[88.81,25.49],[88.81,25.52],[88.8,25.52],[88.77,25.49],[88.74,25.5],[88.71,25.5],[88.7,25.47],[88.67,25.47],[88.65,25.48],[88.64,25.5],[88.62,25.5],[88.61,25.51],[88.6,25.5],[88.58,25.51],[88.55,25.52],[88.54,25.53],[88.52,25.53],[88.5,25.56],[88.5,25.58],[88.47,25.58],[88.45,25.61],[88.46,25.63],[88.46,25.66],[88.41,25.67],[88.4,25.68],[88.37,25.69],[88.38,25.71],[88.34,25.73],[88.33,25.74],[88.32,25.75],[88.29,25.77],[88.27,25.78],[88.27,25.81],[88.25,25.81],[88.23,25.79],[88.22,25.8],[88.2,25.79],[88.19,25.8],[88.16,25.78],[88.11,25.82],[88.11,25.85],[88.11,25.88],[88.09,25.91],[88.09,25.93],[88.11,25.93],[88.13,25.99],[88.16,26.02],[88.19,26.02],[88.17,26.04],[88.19,26.06],[88.16,26.09],[88.18,26.11],[88.18,26.15],[88.23,26.17],[88.25,26.19],[88.28,26.19],[88.29,26.2],[88.32,26.2],[88.33,26.21],[88.35,26.22],[88.36,26.24],[88.35,26.25],[88.35,26.28],[88.37,26.3],[88.4,26.32],[88.41,26.34],[88.44,26.34],[88.44,26.36],[88.46,26.36],[88.48,26.36],[88.51,26.36],[88.53,26.37],[88.49,26.42],[88.5,26.43],[88.48,26.45],[88.48,26.46],[88.41,26.47],[88.37,26.49],[88.36,26.45],[88.33,26.48],[88.33,26.49],[88.35,26.51],[88.36,26.55],[88.37,26.57],[88.38,26.59],[88.4,26.63],[88.42,26.63],[88.42,26.58],[88.43,26.55],[88.45,26.54],[88.46,26.55],[88.49,26.54],[88.49,26.52],[88.52,26.51],[88.53,26.48],[88.55,26.48],[88.56,26.47],[88.56,26.46],[88.6,26.45],[88.6,26.47],[88.62,26.47],[88.62,26.44],[88.65,26.43],[88.67,26.41],[88.69,26.41],[88.69,26.38],[88.7,26.36],[88.7,26.34],[88.73,26.35],[88.75,26.35],[88.76,26.33],[88.76,26.3],[88.8,26.31],[88.82,26.3],[88.82,26.28],[88.82,26.26],[88.83,26.24],[88.85,26.24],[88.88,26.24],[88.87,26.26],[88.87,26.28],[88.88,26.29],[88.93,26.29],[88.96,26.24],[89,26.25],[89.06,26.25],[89.07,26.26],[89.07,26.29],[89.05,26.29],[89.03,26.29],[89.03,26.31],[89,26.3],[88.99,26.32],[89.01,26.33],[88.95,26.36],[88.93,26.36],[88.92,26.37],[88.93,26.4],[88.95,26.43],[88.95,26.45],[88.96,26.46],[88.99,26.45],[88.99,26.43],[89,26.42],[89.03,26.42],[89.05,26.4],[89.07,26.4],[89.1,26.38],[89.1,26.33],[89.14,26.3],[89.11,26.29],[89.13,26.25],[89.15,26.24],[89.15,26.2],[89.14,26.18],[89.16,26.14],[89.17,26.13],[89.2,26.12],[89.23,26.12],[89.25,26.1],[89.26,26.06],[89.29,26.06],[89.33,26.04],[89.35,26.01],[89.36,26.01],[89.4,26.02],[89.41,26.04],[89.43,26.04],[89.43,26.02],[89.47,26],[89.51,26],[89.52,26.01],[89.54,25.99],[89.54,25.97],[89.56,25.96],[89.58,25.98],[89.59,25.99],[89.58,26],[89.59,26.03],[89.6,26.05],[89.65,26.07],[89.63,26.12],[89.61,26.13],[89.6,26.14],[89.62,26.18],[89.64,26.18],[89.64,26.2],[89.64,26.23],[89.66,26.22],[89.7,26.18],[89.69,26.16],[89.71,26.15],[89.72,26.17],[89.7,26.18],[89.72,26.19],[89.71,26.23],[89.72,26.26],[89.74,26.27],[89.72,26.29],[89.74,26.3],[89.78,26.33],[89.78,26.35],[89.83,26.37],[89.86,26.38],[89.84,26.41],[89.86,26.43],[89.87,26.45],[89.87,26.46],[89.85,26.49],[89.85,26.52],[89.86,26.53],[89.86,26.57],[89.88,26.58],[89.88,26.61],[89.86,26.62],[89.86,26.63],[89.87,26.64],[89.87,26.66],[89.87,26.68],[89.86,26.7],[89.81,26.72],[89.78,26.7],[89.76,26.72],[89.73,26.72],[89.7,26.74],[89.67,26.74],[89.66,26.72],[89.61,26.73],[89.64,26.75],[89.65,26.77],[89.64,26.78],[89.63,26.78],[89.61,26.79],[89.57,26.8],[89.53,26.82],[89.51,26.82],[89.5,26.8],[89.46,26.81],[89.45,26.83],[89.39,26.84],[89.38,26.86],[89.36,26.86],[89.33,26.84],[89.32,26.85],[89.29,26.83],[89.25,26.82],[89.24,26.82],[89.19,26.81],[89.17,26.82],[89.13,26.81],[89.1,26.84],[89.1,26.86],[89.09,26.88],[89.09,26.9],[89.05,26.9],[89.05,26.92],[89.03,26.94],[88.98,26.92],[88.96,26.92],[88.94,26.94],[88.96,26.95],[88.95,26.98],[88.91,26.99],[88.89,26.98],[88.89,26.96],[88.87,26.96],[88.87,27.01],[88.88,27.04],[88.87,27.08],[88.87,27.11],[88.83,27.12],[88.8,27.14],[88.79,27.14],[88.75,27.15]]]]},"properties":{"ID_0":105,"ISO":"IND","NAME_0":"India","ID_1":35,"NAME_1":"West Bengal","NL_NAME_1":"","VARNAME_1":"Bangla|Bengala Occidentale|Bengala Ocidental|Bengale occidental","TYPE_1":"State","ENGTYPE_1":"State","filename":"","filename_1":"","filename_2":"","filename_3":"","filename_4":""}}
]}